{
  "routes": [
    {
      "route_id": 1,
      "length_km": 38.123,
      "minimum_depth_m": 102.162224,
      "mission_duration_h": 11,
      "mission_duration_m": 2,
      "waypoints": [
        [
          39.57266,
          -9.292792,
          110.0299
        ],
        [
          39.564743,
          -9.287446,
          105.27807
        ],
        [
          39.55419,
          -9.290119,
          102.162224
        ],
        [
          39.548916,
          -9.300812,
          102.3958
        ],
        [
          39.55419,
          -9.311505,
          109.23059
        ],
        [
          39.5753,
          -9.308832,
          118.38546
        ],
        [
          39.58849,
          -9.314178,
          153.13142
        ],
        [
          39.5964,
          -9.322198,
          209.60025
        ],
        [
          39.617508,
          -9.322198,
          308.40402
        ],
        [
          39.625423,
          -9.308832,
          297.2538
        ],
        [
          39.638615,
          -9.298139,
          345.04004
        ],
        [
          39.649166,
          -9.276752,
          320.56378
        ],
        [
          39.65708,
          -9.284773,
          300.52975
        ],
        [
          39.664997,
          -9.276752,
          309.24432
        ],
        [
          39.667633,
          -9.263387,
          332.2012
        ],
        [
          39.65708,
          -9.263387,
          328.53168
        ],
        [
          39.662357,
          -9.252693,
          358.63766
        ],
        [
          39.651806,
          -9.25002,
          320.4024
        ],
        [
          39.64125,
          -9.252693,
          281.8221
        ],
        [
          39.64389,
          -9.26606,
          309.70898
        ],
        [
          39.63334,
          -9.263387,
          268.68954
        ],
        [
          39.63334,
          -9.276752,
          298.33386
        ],
        [
          39.625423,
          -9.284773,
          258.10147
        ],
        [
          39.61487,
          -9.282099,
          188.01611
        ],
        [
          39.620148,
          -9.271406,
          204.14742
        ],
        [
          39.609592,
          -9.271406,
          141.35423
        ],
        [
          39.604317,
          -9.282099,
          148.37523
        ],
        [
          39.5753,
          -9.295465,
          111.911865
        ],
        [
          39.574078,
          -9.294229,
          110.0299
        ]
      ]
    }
  ]
}