{
  "routes": [
    {
      "route_id": 1,
      "length_km": 36.352,
      "minimum_depth_m": 110.0299,
      "mission_duration_h": 10,
      "mission_duration_m": 13,
      "waypoints": [
        [
          39.57266,
          -9.292792,
          110.0299
        ],
        [
          39.659718,
          -9.324871,
          236.23653
        ],
        [
          39.67819,
          -9.311505,
          180.94371
        ],
        [
          39.680824,
          -9.330218,
          161.71957
        ],
        [
          39.667633,
          -9.346257,
          204.04129
        ],
        [
          39.649166,
          -9.332891,
          310.9374
        ],
        [
          39.617508,
          -9.356951,
          469.6927
        ],
        [
          39.5753,
          -9.378337,
          245.89514
        ],
        [
          39.564743,
          -9.38101,
          221.18224
        ],
        [
          39.572453,
          -9.295105,
          110.0299
        ]
      ]
    }
  ]
}