{
  "routes": [
    {
      "route_id": 1,
      "length_km": 152.231,
      "minimum_depth_m": 40.28336,
      "mission_duration_h": 43,
      "mission_duration_m": 57,
      "waypoints": [
        [
          39.57266,
          -9.292792,
          110.0299
        ],
        [
          39.580574,
          -9.295465,
          113.84578
        ],
        [
          39.5964,
          -9.295465,
          150.16873
        ],
        [
          39.612232,
          -9.292792,
          191.88818
        ],
        [
          39.625423,
          -9.287446,
          261.77884
        ],
        [
          39.638615,
          -9.276752,
          328.1101
        ],
        [
          39.70193,
          -9.244674,
          176.32172
        ],
        [
          39.707207,
          -9.23398,
          164.27783
        ],
        [
          39.71776,
          -9.228634,
          139.22443
        ],
        [
          39.715122,
          -9.212595,
          139.11092
        ],
        [
          39.707207,
          -9.201901,
          139.80516
        ],
        [
          39.69929,
          -9.209921,
          163.61508
        ],
        [
          39.68874,
          -9.215268,
          208.08583
        ],
        [
          39.696655,
          -9.223288,
          190.5227
        ],
        [
          39.691376,
          -9.23398,
          210.15192
        ],
        [
          39.683464,
          -9.225961,
          253.06964
        ],
        [
          39.67291,
          -9.217941,
          294.1547
        ],
        [
          39.664997,
          -9.193882,
          231.37717
        ],
        [
          39.67555,
          -9.193882,
          199.76625
        ],
        [
          39.6861,
          -9.201901,
          185.31023
        ],
        [
          39.68874,
          -9.188536,
          144.5317
        ],
        [
          39.69929,
          -9.188536,
          126.339424
        ],
        [
          39.709846,
          -9.183188,
          113.0958
        ],
        [
          39.70193,
          -9.172496,
          100.53729
        ],
        [
          39.691376,
          -9.172496,
          107.445946
        ],
        [
          39.67819,
          -9.177842,
          150.47943
        ],
        [
          39.664997,
          -9.180515,
          189.75302
        ],
        [
          39.670273,
          -9.169823,
          147.04417
        ],
        [
          39.680824,
          -9.156456,
          96.78133
        ],
        [
          39.696655,
          -9.153783,
          76.63384
        ],
        [
          39.712482,
          -9.164475,
          87.958015
        ],
        [
          39.720398,
          -9.148436,
          72.3698
        ],
        [
          39.704567,
          -9.137742,
          59.328983
        ],
        [
          39.694016,
          -9.121703,
          48.352993
        ],
        [
          39.68874,
          -9.137742,
          58.194725
        ],
        [
          39.67555,
          -9.129723,
          55.07732
        ],
        [
          39.667633,
          -9.145762,
          84.690895
        ],
        [
          39.65708,
          -9.145762,
          95.637215
        ],
        [
          39.65708,
          -9.132396,
          69.40237
        ],
        [
          39.659718,
          -9.11903,
          52.359715
        ],
        [
          39.6307,
          -9.124376,
          81.37689
        ],
        [
          39.620148,
          -9.11903,
          74.171646
        ],
        [
          39.61487,
          -9.129723,
          92.17278
        ],
        [
          39.64125,
          -9.140416,
          101.98985
        ],
        [
          39.6307,
          -9.151109,
          122.81485
        ],
        [
          39.64125,
          -9.156456,
          135.67807
        ],
        [
          39.646526,
          -9.16715,
          154.89279
        ],
        [
          39.635975,
          -9.16715,
          154.62666
        ],
        [
          39.6307,
          -9.177842,
          150.72891
        ],
        [
          39.62806,
          -9.191209,
          149.69032
        ],
        [
          39.651806,
          -9.183188,
          184.296
        ],
        [
          39.65444,
          -9.196555,
          217.63023
        ],
        [
          39.649166,
          -9.207248,
          227.36806
        ],
        [
          39.659718,
          -9.228634,
          323.03186
        ],
        [
          39.651806,
          -9.220614,
          268.38867
        ],
        [
          39.64125,
          -9.215268,
          207.83134
        ],
        [
          39.635975,
          -9.204575,
          179.31888
        ],
        [
          39.6307,
          -9.215268,
          168.68321
        ],
        [
          39.620148,
          -9.212595,
          132.88432
        ],
        [
          39.61487,
          -9.201901,
          114.926575
        ],
        [
          39.617508,
          -9.188536,
          122.1311
        ],
        [
          39.612232,
          -9.177842,
          112.28184
        ],
        [
          39.58321,
          -9.177842,
          63.678257
        ],
        [
          39.58849,
          -9.16715,
          69.66155
        ],
        [
          39.59904,
          -9.164475,
          90.13992
        ],
        [
          39.606956,
          -9.153783,
          103.47797
        ],
        [
          39.617508,
          -9.161802,
          121.722725
        ],
        [
          39.617508,
          -9.148436,
          112.472206
        ],
        [
          39.609592,
          -9.140416,
          105.859146
        ],
        [
          39.591125,
          -9.153783,
          70.65608
        ],
        [
          39.58585,
          -9.143089,
          55.890564
        ],
        [
          39.57002,
          -9.156456,
          41.574818
        ],
        [
          39.5753,
          -9.16715,
          51.43962
        ],
        [
          39.567383,
          -9.177842,
          50.17371
        ],
        [
          39.562107,
          -9.193882,
          55.03828
        ],
        [
          39.57266,
          -9.193882,
          62.504566
        ],
        [
          39.58321,
          -9.191209,
          69.19303
        ],
        [
          39.593765,
          -9.193882,
          82.53998
        ],
        [
          39.604317,
          -9.191209,
          95.30632
        ],
        [
          39.604317,
          -9.217941,
          96.35049
        ],
        [
          39.591125,
          -9.207248,
          84.13936
        ],
        [
          39.58849,
          -9.220614,
          87.24692
        ],
        [
          39.577934,
          -9.220614,
          81.2933
        ],
        [
          39.580574,
          -9.207248,
          75.40378
        ],
        [
          39.55683,
          -9.204575,
          58.788467
        ],
        [
          39.55683,
          -9.217941,
          68.14263
        ],
        [
          39.567383,
          -9.220614,
          75.65338
        ],
        [
          39.57002,
          -9.23398,
          84.254196
        ],
        [
          39.58321,
          -9.23398,
          90.78228
        ],
        [
          39.593765,
          -9.236654,
          98.80015
        ],
        [
          39.58849,
          -9.247347,
          100.98354
        ],
        [
          39.567383,
          -9.25002,
          91.555756
        ],
        [
          39.55683,
          -9.25002,
          86.978645
        ],
        [
          39.548916,
          -9.258039,
          85.47472
        ],
        [
          39.559467,
          -9.263387,
          93.86364
        ],
        [
