{
  "mu_global": 16.671541213989258,
  "sigma_global": 1.347299337387085,
  "n_images": 300,
  "ny": 64,
  "nx": 112,
  "valid_pixels_per_image_mean": 6925.0,
  "valid_pixels_total": 2077500
}