{
  "routes": [
    {
      "route_id": 1,
      "length_km": 77.065,
      "minimum_depth_m": 97.79233,
      "mission_duration_h": 22,
      "mission_duration_m": 22,
      "waypoints": [
        [
          39.57266,
          -9.292792,
          110.0299
        ],
        [
          39.580574,
          -9.287446,
          111.12169
        ],
        [
          39.58585,
          -9.276752,
          113.098976
        ],
        [
          39.593765,
          -9.284773,
          132.58037
        ],
        [
          39.60168,
          -9.276752,
          135.92973
        ],
        [
          39.593765,
          -9.268733,
          119.0015
        ],
        [
          39.604317,
          -9.255366,
          118.858894
        ],
        [
          39.609592,
          -9.26606,
          135.36337
        ],
        [
          39.622784,
          -9.274079,
          225.224
        ],
        [
          39.612232,
          -9.279426,
          166.2956
        ],
        [
          39.609592,
          -9.292792,
          178.58922
        ],
        [
          39.622784,
          -9.290119,
          249.71889
        ],
        [
          39.638615,
          -9.274079,
          321.90012
        ],
        [
          39.649166,
          -9.271406,
          318.35583
        ],
        [
          39.638615,
          -9.258039,
          284.64017
        ],
        [
          39.646526,
          -9.25002,
          298.64554
        ],
        [
          39.65708,
          -9.252693,
          339.43378
        ],
        [
          39.667633,
          -9.25002,
          365.75806
        ],
        [
          39.67819,
          -9.252693,
          290.9502
        ],
        [
          39.67555,
          -9.26606,
          279.0734
        ],
        [
          39.68874,
          -9.274079,
          189.02802
        ],
        [
          39.69929,
          -9.271406,
          158.15784
        ],
        [
          39.709846,
          -9.26606,
          146.588
        ],
        [
          39.715122,
          -9.282099,
          133.74675
        ],
        [
          39.707207,
          -9.292792,
          138.35796
        ],
        [
          39.69929,
          -9.284773,
          148.00313
        ],
        [
          39.68874,
          -9.290119,
          170.17033
        ],
        [
          39.67819,
          -9.287446,
          220.52269
        ],
        [
          39.667633,
          -9.287446,
          267.97223
        ],
        [
          39.65444,
          -9.295465,
          289.95328
        ],
        [
          39.64389,
          -9.292792,
          325.20407
        ],
        [
          39.638615,
          -9.303485,
          349.18256
        ],
        [
          39.649166,
          -9.308832,
          302.32928
        ],
        [
          39.64125,
          -9.316852,
          351.55093
        ],
        [
          39.62806,
          -9.335565,
          386.06754
        ],
        [
          39.622784,
          -9.319525,
          318.05316
        ],
        [
          39.61487,
          -9.311505,
          256.18613
        ],
        [
          39.604317,
          -9.314178,
          221.42422
        ],
        [
          39.593765,
          -9.311505,
          169.3595
        ],
        [
          39.59904,
          -9.300812,
          164.01283
        ],
        [
          39.58849,
          -9.295465,
          129.9725
        ],
        [
          39.58321,
          -9.306158,
          121.61397
        ],
        [
          39.57002,
          -9.306158,
          114.11325
        ],
        [
          39.5753,
          -9.316852,
          124.88929
        ],
        [
          39.58585,
          -9.322198,
          153.21632
        ],
        [
          39.593765,
          -9.330218,
          215.11285
        ],
        [
          39.604317,
          -9.3516035,
          373.24387
        ],
        [
          39.591125,
          -9.3516035,
          251.93217
        ],
        [
          39.580574,
          -9.346257,
          161.71019
        ],
        [
          39.57266,
          -9.354278,
          158.66121
        ],
        [
          39.562107,
          -9.343584,
          132.00006
        ],
        [
          39.55155,
          -9.34893,
          122.22616
        ],
        [
          39.541,
          -9.346257,
          113.92614
        ],
        [
          39.533085,
          -9.335565,
          104.55076
        ],
        [
          39.541,
          -9.327544,
          106.19713
        ],
        [
          39.533085,
          -9.319525,
          98.74258
        ],
        [
          39.546276,
          -9.311505,
          104.22855
        ],
        [
          39.559467,
          -9.290119,
          104.256836
        ],
        [
          39.57002,
          -9.290119,
          108.14328
        ],
        [
          39.571243,
          -9.291357,
          110.0299
        ]
      ]
    }
  ]
}