{
  "routes": [
    {
      "route_id": 1,
      "length_km": 38.754,
      "minimum_depth_m": 94.84418,
      "mission_duration_h": 11,
      "mission_duration_m": 10,
      "waypoints": [
        [
          39.57266,
          -9.292792,
          110.0299
        ],
        [
          39.577934,
          -9.292792,
          111.96847
        ],
        [
          39.58321,
          -9.282099,
          111.357346
        ],
        [
          39.591125,
          -9.290119,
          132.11838
        ],
        [
          39.604317,
          -9.290119,
          161.56906
        ],
        [
          39.638615,
          -9.274079,
          321.90012
        ],
        [
          39.6307,
          -9.263387,
          253.21231
        ],
        [
          39.620148,
          -9.260714,
          187.0221
        ],
        [
          39.62806,
          -9.25002,
          211.38583
        ],
        [
          39.65708,
          -9.239327,
          327.04785
        ],
        [
          39.659718,
          -9.225961,
          318.97452
        ],
        [
          39.651806,
          -9.217941,
          262.07428
        ],
        [
          39.64125,
          -9.217941,
          210.76787
        ],
        [
          39.620148,
          -9.228634,
          143.55235
        ],
        [
          39.609592,
          -9.223288,
          100.71383
        ],
        [
          39.60168,
          -9.247347,
          109.96131
        ],
        [
          39.59904,
          -9.263387,
          121.00683
        ],
        [
          39.58849,
          -9.26606,
          111.09739
        ],
        [
          39.577934,
          -9.263387,
          101.31412
        ],
        [
          39.57266,
          -9.274079,
          103.45829
        ],
        [
          39.562107,
          -9.279426,
          101.53118
        ],
        [
          39.55419,
          -9.290119,
          102.162224
        ],
        [
          39.54364,
          -9.290119,
          94.84418
        ],
        [
          39.55683,
          -9.308832,
          109.76916
        ],
        [
          39.567383,
          -9.303485,
          111.76999
        ],
        [
          39.567383,
          -9.290119,
          107.17167
        ],
        [
          39.57098,
          -9.291942,
          110.0299
        ]
      ]
    }
  ]
}