{
  "routes": [
    {
      "route_id": 1,
      "length_km": 37.809,
      "minimum_depth_m": 110.0299,
      "mission_duration_h": 10,
      "mission_duration_m": 52,
      "waypoints": [
        [
          39.57266,
          -9.292792,
          110.0299
        ],
        [
          39.58321,
          -9.316852,
          133.28488
        ],
        [
          39.58849,
          -9.335565,
          192.27263
        ],
        [
          39.59904,
          -9.354278,
          334.35812
        ],
        [
          39.617508,
          -9.36497,
          510.31744
        ],
        [
          39.606956,
          -9.3703165,
          489.22522
        ],
        [
          39.593765,
          -9.37299,
          363.47772
        ],
        [
          39.60168,
          -9.38101,
          487.43866
        ],
        [
          39.5964,
          -9.391703,
          492.7705
        ],
        [
          39.5753,
          -9.397049,
          378.8176
        ],
        [
          39.580574,
          -9.4077425,
          520.24677
        ],
        [
          39.591125,
          -9.410416,
          605.2207
        ],
        [
          39.612232,
          -9.405069,
          676.7874
        ],
        [
          39.606956,
          -9.391703,
          597.2981
        ],
        [
          39.617508,
          -9.391703,
          635.757
        ],
        [
          39.622784,
          -9.38101,
          601.66943
        ],
        [
          39.63334,
          -9.383683,
          634.0365
        ],
        [
          39.64125,
          -9.37299,
          551.7429
        ],
        [
          39.635975,
          -9.362297,
          533.78265
        ],
        [
          39.63334,
          -9.346257,
          450.11676
        ],
        [
          39.622784,
          -9.3516035,
          453.9651
        ],
        [
          39.617508,
          -9.340911,
          389.15488
        ],
        [
          39.604317,
          -9.335565,
          304.19208
        ],
        [
          39.573902,
          -9.294475,
          110.0299
        ]
      ]
    }
  ]
}