{
  "routes": [
    {
      "route_id": 1,
      "length_km": 39.205,
      "minimum_depth_m": 107.07708,
      "mission_duration_h": 10,
      "mission_duration_m": 57,
      "waypoints": [
        [
          39.57266,
          -9.292792,
          110.0299
        ],
        [
          39.635975,
          -9.252693,
          259.13327
        ],
        [
          39.68874,
          -9.220614,
          221.34663
        ],
        [
          39.720398,
          -9.199228,
          122.85309
        ],
        [
          39.562107,
          -9.298139,
          108.001396
        ],
        [
          39.570984,
          -9.293643,
          110.0299
        ]
      ]
    }
  ]
}