{
  "routes": [
    {
      "route_id": 1,
      "length_km": 38.621,
      "minimum_depth_m": 97.79233,
      "mission_duration_h": 11,
      "mission_duration_m": 9,
      "waypoints": [
        [
          39.57266,
          -9.292792,
          110.0299
        ],
        [
          39.580574,
          -9.287446,
          111.12169
        ],
        [
          39.58585,
          -9.276752,
          113.098976
        ],
        [
          39.593765,
          -9.268733,
          119.0015
        ],
        [
          39.60168,
          -9.276752,
          135.92973
        ],
        [
          39.612232,
          -9.279426,
          166.2956
        ],
        [
          39.622784,
          -9.274079,
          225.224
        ],
        [
          39.6307,
          -9.282099,
          287.62814
        ],
        [
          39.638615,
          -9.274079,
          321.90012
        ],
        [
          39.649166,
          -9.271406,
          318.35583
        ],
        [
          39.638615,
          -9.303485,
          349.18256
        ],
        [
          39.649166,
          -9.308832,
          302.32928
        ],
        [
          39.64125,
          -9.316852,
          351.55093
        ],
        [
          39.62806,
          -9.335565,
          386.06754
        ],
        [
          39.612232,
          -9.335565,
          350.42966
        ],
        [
          39.59904,
          -9.340911,
          286.16345
        ],
        [
          39.604317,
          -9.3516035,
          373.24387
        ],
        [
          39.591125,
          -9.3516035,
          251.93217
        ],
        [
          39.580574,
          -9.346257,
          161.71019
        ],
        [
          39.57266,
          -9.354278,
          158.66121
        ],
        [
          39.541,
          -9.346257,
          113.92614
        ],
        [
          39.533085,
          -9.335565,
          104.55076
        ],
        [
          39.541,
          -9.327544,
          106.19713
        ],
        [
          39.533085,
          -9.319525,
          98.74258
        ],
        [
          39.546276,
          -9.311505,
          104.22855
        ],
        [
          39.559467,
          -9.290119,
          104.256836
        ],
        [
          39.57002,
          -9.290119,
          108.14328
        ],
        [
          39.571243,
          -9.291357,
          110.0299
        ]
      ]
    }
  ]
}