{
  "routes": [
    {
      "route_id": 1,
      "length_km": 74.08,
      "minimum_depth_m": 44.365997,
      "mission_duration_h": 21,
      "mission_duration_m": 22,
      "waypoints": [
        [
          39.57266,
          -9.292792,
          110.0299
        ],
        [
          39.564743,
          -9.279426,
          102.51209
        ],
        [
          39.562107,
          -9.263387,
          94.92799
        ],
        [
          39.567383,
          -9.25002,
          91.555756
        ],
        [
          39.562107,
          -9.215268,
          69.27439
        ],
        [
          39.55155,
          -9.215268,
          63.102062
        ],
        [
          39.55155,
          -9.201901,
          53.577564
        ],
        [
          39.562107,
          -9.196555,
          56.817795
        ],
        [
          39.55683,
          -9.185862,
          46.441933
        ],
        [
          39.562107,
          -9.175169,
          44.365997
        ],
        [
          39.577934,
          -9.191209,
          64.970245
        ],
        [
          39.58321,
          -9.180515,
          64.78121
        ],
        [
          39.593765,
          -9.175169,
          80.787674
        ],
        [
          39.593765,
          -9.161802,
          78.65666
        ],
        [
          39.604317,
          -9.159129,
          99.3937
        ],
        [
          39.617508,
          -9.164475,
          123.57283
        ],
        [
          39.638615,
          -9.148436,
          121.538536
        ],
        [
          39.63334,
          -9.135069,
          97.68168
        ],
        [
          39.622784,
          -9.137742,
          103.78085
        ],
        [
          39.612232,
          -9.132396,
          96.95579
        ],
        [
          39.612232,
          -9.11903,
          75.05331
        ],
        [
          39.622784,
          -9.124376,
          82.4215
        ],
        [
          39.63334,
          -9.11903,
          72.7022
        ],
        [
          39.64125,
          -9.127049,
          80.94736
        ],
        [
          39.651806,
          -9.124376,
          66.09236
        ],
        [
          39.67291,
          -9.124376,
          51.129723
        ],
        [
          39.694016,
          -9.121703,
          48.352993
        ],
        [
          39.704567,
          -9.143089,
          65.05105
        ],
        [
          39.715122,
          -9.143089,
          66.62616
        ],
        [
          39.71776,
          -9.156456,
          79.806244
        ],
        [
          39.707207,
          -9.156456,
          79.81556
        ],
        [
          39.70193,
          -9.16715,
          92.43719
        ],
        [
          39.694016,
          -9.156456,
          79.8272
        ],
        [
          39.683464,
          -9.151109,
          83.48164
        ],
        [
          39.67819,
          -9.140416,
          65.89414
        ],
        [
          39.662357,
          -9.135069,
          65.54437
        ],
        [
          39.651806,
          -9.140416,
          88.46236
        ],
        [
          39.651806,
          -9.169823,
          158.22948
        ],
        [
          39.646526,
          -9.180515,
          174.81456
        ],
        [
          39.638615,
          -9.172496,
          161.98956
        ],
        [
          39.6307,
          -9.183188,
          153.0978
        ],
        [
          39.625423,
          -9.172496,
          138.54982
        ],
        [
          39.620148,
          -9.183188,
          128.77869
        ],
        [
          39.609592,
          -9.180515,
          106.0157
        ],
        [
          39.60168,
          -9.191209,
          92.04216
        ],
        [
          39.58849,
          -9.191209,
          75.72135
        ],
        [
          39.58321,
          -9.201901,
          74.47029
        ],
        [
          39.57266,
          -9.207248,
          70.48895
        ],
        [
          39.580574,
          -9.23398,
          89.39218
        ],
        [
          39.572968,
          -9.2905,
          110.0299
        ]
      ]
    }
  ]
}