{
  "routes": [
    {
      "route_id": 1,
      "length_km": 37.707,
      "minimum_depth_m": 82.07468,
      "mission_duration_h": 10,
      "mission_duration_m": 55,
      "waypoints": [
        [
          39.57266,
          -9.292792,
          110.0299
        ],
        [
          39.580574,
          -9.292792,
          112.93775
        ],
        [
          39.564743,
          -9.308832,
          113.46186
        ],
        [
          39.548916,
          -9.319525,
          108.34841
        ],
        [
          39.548916,
          -9.306158,
          104.26089
        ],
        [
          39.55683,
          -9.298139,
          106.072136
        ],
        [
          39.548916,
          -9.290119,
          98.503204
        ],
        [
          39.541,
          -9.298139,
          96.10887
        ],
        [
          39.533085,
          -9.290119,
          87.52614
        ],
        [
          39.533085,
          -9.276752,
          82.07468
        ],
        [
          39.54364,
          -9.279426,
          90.79625
        ],
        [
          39.55683,
          -9.258039,
          90.47103
        ],
        [
          39.55683,
          -9.244674,
          84.0067
        ],
        [
          39.567383,
          -9.25002,
          91.555756
        ],
        [
          39.577934,
          -9.247347,
          94.87583
        ],
        [
          39.57002,
          -9.236654,
          85.67912
        ],
        [
          39.593765,
          -9.23398,
          97.35652
        ],
        [
          39.59904,
          -9.244674,
          106.66133
        ],
        [
          39.609592,
          -9.244674,
          113.721954
        ],
        [
          39.620148,
          -9.242001,
          159.82219
        ],
        [
          39.620148,
          -9.255366,
          178.45943
        ],
        [
          39.61487,
          -9.26606,
          163.9713
        ],
        [
          39.604317,
          -9.271406,
          134.51587
        ],
        [
          39.5964,
          -9.263387,
          118.16655
        ],
        [
          39.58849,
          -9.271406,
          114.00075
        ],
        [
          39.577934,
          -9.26606,
          102.35037
        ],
        [
          39.567383,
          -9.263387,
          97.0567
        ],
        [
          39.562107,
          -9.274079,
          99.45663
        ],
        [
          39.571598,
          -9.290912,
          110.0299
        ]
      ]
    }
  ]
}