{
  "routes": [
    {
      "route_id": 1,
      "length_km": 37.862,
      "minimum_depth_m": 110.0299,
      "mission_duration_h": 10,
      "mission_duration_m": 51,
      "waypoints": [
        [
          39.57266,
          -9.292792,
          110.0299
        ],
        [
          39.57002,
          -9.300812,
          111.81263
        ],
        [
          39.591125,
          -9.316852,
          170.14513
        ],
        [
          39.5964,
          -9.343584,
          274.3446
        ],
        [
          39.61487,
          -9.367643,
          518.7906
        ],
        [
          39.638615,
          -9.378337,
          608.6333
        ],
        [
          39.646526,
          -9.386356,
          544.83875
        ],
        [
          39.65708,
          -9.386356,
          408.10254
        ],
        [
          39.651806,
          -9.397049,
          462.32556
        ],
        [
          39.664997,
          -9.397049,
          295.4893
        ],
        [
          39.670273,
          -9.386356,
          273.4546
        ],
        [
          39.67819,
          -9.378337,
          222.77757
        ],
        [
          39.68874,
          -9.375663,
          175.62036
        ],
        [
          39.694016,
          -9.36497,
          152.17097
        ],
        [
          39.680824,
          -9.354278,
          182.16197
        ],
        [
          39.659718,
          -9.354278,
          282.39816
        ],
        [
          39.649166,
          -9.359624,
          406.73672
        ],
        [
          39.64389,
          -9.34893,
          417.84186
        ],
        [
          39.63334,
          -9.340911,
          424.0318
        ],
        [
          39.62806,
          -9.3516035,
          465.08337
        ],
        [
          39.617508,
          -9.34893,
          429.4238
        ],
        [
          39.57395,
          -9.294412,
          110.0299
        ]
      ]
    }
  ]
}