{
  "routes": [
    {
      "route_id": 1,
      "length_km": 73.265,
      "minimum_depth_m": 51.30706,
      "mission_duration_h": 21,
      "mission_duration_m": 10,
      "waypoints": [
        [
          39.57266,
          -9.292792,
          110.0299
        ],
        [
          39.591125,
          -9.271406,
          117.41994
        ],
        [
          39.606956,
          -9.25002,
          115.515335
        ],
        [
          39.606956,
          -9.236654,
          107.169945
        ],
        [
          39.620148,
          -9.228634,
          143.55235
        ],
        [
          39.62806,
          -9.212595,
          158.7179
        ],
        [
          39.638615,
          -9.215268,
          195.8492
        ],
        [
          39.64389,
          -9.204575,
          204.68958
        ],
        [
          39.6307,
          -9.180515,
          151.91335
        ],
        [
          39.638615,
          -9.172496,
          161.98956
        ],
        [
          39.651806,
          -9.169823,
          158.22948
        ],
        [
          39.651806,
          -9.143089,
          94.980125
        ],
        [
          39.662357,
          -9.137742,
          68.143005
        ],
        [
          39.67291,
          -9.159129,
          113.9006
        ],
        [
          39.667633,
          -9.169823,
          152.59608
        ],
        [
          39.664997,
          -9.185862,
          206.32439
        ],
        [
          39.67555,
          -9.191209,
          192.52426
        ],
        [
          39.694016,
          -9.207248,
          166.82523
        ],
        [
          39.69929,
          -9.217941,
          178.0323
        ],
        [
          39.709846,
          -9.215268,
          151.93254
        ],
        [
          39.71776,
          -9.207248,
          130.75374
        ],
        [
          39.71776,
          -9.172496,
          96.7088
        ],
        [
          39.707207,
          -9.16715,
          91.73684
        ],
        [
          39.694016,
          -9.172496,
          102.45154
        ],
        [
          39.6861,
          -9.180515,
          136.00868
        ],
        [
          39.680824,
          -9.169823,
          124.83658
        ],
        [
          39.680824,
          -9.151109,
          86.15522
        ],
        [
          39.67555,
          -9.140416,
          66.88528
        ],
        [
          39.67819,
          -9.127049,
          52.750183
        ],
        [
          39.664997,
          -9.124376,
          52.414173
        ],
        [
          39.651806,
          -9.124376,
          66.09236
        ],
        [
          39.64389,
          -9.132396,
          85.54395
        ],
        [
          39.63334,
          -9.132396,
          93.51843
        ],
        [
          39.620148,
          -9.140416,
          106.82473
        ],
        [
          39.606956,
          -9.145762,
          101.51169
        ],
        [
          39.5964,
          -9.140416,
          77.56759
        ],
        [
          39.591125,
          -9.151109,
          69.775055
        ],
        [
          39.593765,
          -9.16715,
          80.05667
        ],
        [
          39.604317,
          -9.169823,
          100.231285
        ],
        [
          39.60168,
          -9.183188,
          93.24455
        ],
        [
          39.593765,
          -9.191209,
          82.24967
        ],
        [
          39.593765,
          -9.204575,
          85.66013
        ],
        [
          39.59904,
          -9.215268,
          92.477005
        ],
        [
          39.580574,
          -9.23398,
          89.39218
        ],
        [
          39.591125,
          -9.239327,
          98.53941
        ],
        [
          39.58585,
          -9.252693,
          101.77061
        ],
        [
          39.5753,
          -9.252693,
          96.040825
        ],
        [
          39.562107,
          -9.263387,
          94.92799
        ],
        [
          39.564743,
          -9.279426,
          102.51209
        ],
        [
          39.57266,
          -9.287446,
          108.199875
        ],
        [
          39.57266,
          -9.290465,
          110.0299
        ]
      ]
    }
  ]
}