{
  "routes": [
    {
      "route_id": 1,
      "length_km": 152.309,
      "minimum_depth_m": 71.899124,
      "mission_duration_h": 44,
      "mission_duration_m": 4,
      "waypoints": [
        [
          39.57266,
          -9.292792,
          110.0299
        ],
        [
          39.591125,
          -9.284773,
          127.53216
        ],
        [
          39.604317,
          -9.290119,
          161.56906
        ],
        [
          39.604317,
          -9.276752,
          139.73486
        ],
        [
          39.5964,
          -9.268733,
          122.22772
        ],
        [
          39.564743,
          -9.279426,
          102.51209
        ],
        [
          39.559467,
          -9.263387,
          93.86364
        ],
        [
          39.57266,
          -9.260714,
          98.11719
        ],
        [
          39.567383,
          -9.247347,
          90.213135
        ],
        [
          39.580574,
          -9.23398,
          89.39218
        ],
        [
          39.591125,
          -9.239327,
          98.53941
        ],
        [
          39.5964,
          -9.25002,
          108.01362
        ],
        [
          39.606956,
          -9.258039,
          123.92273
        ],
        [
          39.617508,
          -9.252693,
          160.01889
        ],
        [
          39.609592,
          -9.244674,
          113.721954
        ],
        [
          39.620148,
          -9.239327,
          156.56822
        ],
        [
          39.62806,
          -9.231307,
          179.3466
        ],
        [
          39.620148,
          -9.220614,
          134.60611
        ],
        [
          39.62806,
          -9.212595,
          158.7179
        ],
        [
          39.64125,
          -9.217941,
          210.76787
        ],
        [
          39.64389,
          -9.204575,
          204.68958
        ],
        [
          39.65444,
          -9.201901,
          231.9479
        ],
        [
          39.651806,
          -9.217941,
          262.07428
        ],
        [
          39.65708,
          -9.231307,
          314.10754
        ],
        [
          39.664997,
          -9.239327,
          363.688
        ],
        [
          39.67819,
          -9.239327,
          291.2309
        ],
        [
          39.67291,
          -9.225961,
          310.84656
        ],
        [
          39.683464,
          -9.225961,
          253.06964
        ],
        [
          39.67819,
          -9.209921,
          242.05731
        ],
        [
          39.667633,
          -9.207248,
          278.8414
        ],
        [
          39.664997,
          -9.185862,
          206.32439
        ],
        [
          39.67555,
          -9.191209,
          192.52426
        ],
        [
          39.6861,
          -9.180515,
          136.00868
        ],
        [
          39.680824,
          -9.169823,
          124.83658
        ],
        [
          39.667633,
          -9.169823,
          152.59608
        ],
        [
          39.67291,
          -9.159129,
          113.9006
        ],
        [
          39.680824,
          -9.151109,
          86.15522
        ],
        [
          39.694016,
          -9.156456,
          79.8272
        ],
        [
          39.707207,
          -9.153783,
          76.941414
        ],
        [
          39.71776,
          -9.148436,
          72.13446
        ],
        [
          39.720398,
          -9.164475,
          87.23804
        ],
        [
          39.694016,
          -9.172496,
          102.45154
        ],
        [
          39.70193,
          -9.183188,
          116.7375
        ],
        [
          39.694016,
          -9.191209,
          133.82497
        ],
        [
          39.70193,
          -9.199228,
          141.69974
        ],
        [
          39.694016,
          -9.207248,
          166.82523
        ],
        [
          39.69929,
          -9.217941,
          178.0323
        ],
        [
          39.68874,
          -9.239327,
          226.58905
        ],
        [
          39.691376,
          -9.252693,
          205.8296
        ],
        [
          39.680824,
          -9.258039,
          263.6073
        ],
        [
          39.67291,
          -9.25002,
          331.08902
        ],
        [
          39.662357,
          -9.252693,
          358.63766
        ],
        [
          39.65708,
          -9.263387,
          328.53168
        ],
        [
          39.646526,
          -9.236654,
          272.85654
        ],
        [
          39.64125,
          -9.247347,
          271.31757
        ],
        [
          39.62806,
          -9.25002,
          211.38583
        ],
        [
          39.638615,
          -9.263387,
          297.06015
        ],
        [
          39.61487,
          -9.271406,
          171.21594
        ],
        [
          39.617508,
          -9.284773,
          209.16017
        ],
        [
          39.62806,
          -9.279426,
          267.637
        ],
        [
          39.64125,
          -9.287446,
          330.8867
        ],
        [
          39.617508,
          -9.303485,
          240.95454
        ],
        [
          39.625423,
          -9.311505,
          304.91095
        ],
        [
          39.617508,
          -9.322198,
          308.40402
        ],
        [
          39.606956,
          -9.319525,
          254.92491
        ],
        [
          39.606956,
          -9.332891,
          310.40186
        ],
        [
          39.62806,
          -9.338238,
          399.23685
        ],
        [
          39.625423,
          -9.3516035,
          459.52423
        ],
        [
          39.61487,
          -9.3516035,
          437.2876
        ],
        [
          39.604317,
          -9.356951,
          396.26114
        ],
        [
          39.58849,
          -9.356951,
          239.46892
        ],
        [
          39.593765,
          -9.37299,
          363.47772
        ],
        [
          39.58849,
          -9.383683,
          359.02524
        ],
        [
          39.5964,
          -9.391703,
          492.7705
        ],
        [
          39.604317,
          -9.383683,
          529.24365
        ],
        [
          39.609592,
          -9.397049,
          645.167
        ],
        [
          39.604317,
          -9.4077425,
          658.08356
        ],
        [
          39.612232,
          -9.415762,
          713.18726
        ],
        [
          39.59904,
          -9.423781,
          662.5977
        ],
        [
          39.58321,
          -9.4077425,
          535.85406
        ],
        [
          39.57266,
          -9.402396,
          419.525
        ],
        [
          39.58321,
          -9.394376,
          391.06818
        ],
        [
          39.5753,
          -9.386356,
          279.4972
        ],
        [
          39.580574,
          -9.37299,
          238.45549
        ],
        [
          39.57266,
          -9.362297,
          173.20686
        ],
        [
          39.55683,
          -9.36497,
          148.00839
        ],
        [
          39.546276,
          -9.362297,
          128.2673
        ],
        [
          39.55683,
          -9.338238,
          121.324066
        ],
        [
          39.564743,
          -9.34893,
          140.27315
        ],
        [
          39.5753,
          -9.346257,
          153.80736
        ],
        [
          39.58321,
          -9.338238,
          158.99599
        ],
        [
          39.5964,
          -9.343584,
          274.3446
        ],
        [
          39.591125,
          -9.327544,
          192.67145
        ],
        [
          39.5964,
          -9.316852,
          194.71863
        ],
        [
          39.58849,
          -9.300812,
          133.71678
        ],
        [
