{
  "routes": [
    {
      "route_id": 1,
      "length_km": 36.892,
      "minimum_depth_m": 108.14328,
      "mission_duration_h": 10,
      "mission_duration_m": 35,
      "waypoints": [
        [
          39.57266,
          -9.292792,
          110.0299
        ],
        [
          39.57002,
          -9.290119,
          108.14328
        ],
        [
          39.58321,
          -9.290119,
          114.44795
        ],
        [
          39.606956,
          -9.306158,
          199.62852
        ],
        [
          39.61487,
          -9.316852,
          277.77252
        ],
        [
          39.625423,
          -9.319525,
          327.88232
        ],
        [
          39.62806,
          -9.335565,
          386.06754
        ],
        [
          39.63334,
          -9.346257,
          450.11676
        ],
        [
          39.64389,
          -9.343584,
          395.51752
        ],
        [
          39.65444,
          -9.338238,
          287.0014
        ],
        [
          39.662357,
          -9.3516035,
          250.47917
        ],
        [
          39.646526,
          -9.367643,
          467.55905
        ],
        [
          39.64389,
          -9.397049,
          562.4273
        ],
        [
          39.65708,
          -9.405069,
          379.3919
        ],
        [
          39.64125,
          -9.410416,
          557.81573
        ],
        [
          39.62806,
          -9.391703,
          644.6958
        ],
        [
          39.620148,
          -9.383683,
          610.4315
        ],
        [
          39.609592,
          -9.378337,
          558.38556
        ],
        [
          39.609592,
          -9.359624,
          461.90353
        ],
        [
          39.58321,
          -9.354278,
          183.175
        ],
        [
          39.58585,
          -9.340911,
          183.54877
        ],
        [
          39.58321,
          -9.306158,
          121.61397
        ],
        [
          39.573944,
          -9.294422,
          110.0299
        ]
      ]
    }
  ]
}