{
  "routes": [
    {
      "route_id": 1,
      "length_km": 37.024,
      "minimum_depth_m": 110.0299,
      "mission_duration_h": 10,
      "mission_duration_m": 38,
      "waypoints": [
        [
          39.57266,
          -9.292792,
          110.0299
        ],
        [
          39.580574,
          -9.316852,
          128.42369
        ],
        [
          39.58585,
          -9.338238,
          178.58408
        ],
        [
          39.58321,
          -9.354278,
          183.175
        ],
        [
          39.5964,
          -9.356951,
          317.86502
        ],
        [
          39.59904,
          -9.3703165,
          405.93365
        ],
        [
          39.620148,
          -9.383683,
          610.4315
        ],
        [
          39.64389,
          -9.397049,
          562.4273
        ],
        [
          39.646526,
          -9.383683,
          533.7988
        ],
        [
          39.65708,
          -9.38101,
          391.03397
        ],
        [
          39.670273,
          -9.37299,
          245.6308
        ],
        [
          39.680824,
          -9.378337,
          211.44998
        ],
        [
          39.68874,
          -9.3703165,
          171.92664
        ],
        [
          39.6861,
          -9.354278,
          168.17181
        ],
        [
          39.67291,
          -9.346257,
          192.0499
        ],
        [
          39.662357,
          -9.3516035,
          250.47917
        ],
        [
          39.65444,
          -9.338238,
          287.0014
        ],
        [
          39.64389,
          -9.343584,
          395.51752
        ],
        [
          39.63334,
          -9.346257,
          450.11676
        ],
        [
          39.62806,
          -9.335565,
          386.06754
        ],
        [
          39.61487,
          -9.335565,
          356.3693
        ],
        [
          39.591125,
          -9.322198,
          181.4083
        ],
        [
          39.57379,
          -9.2946,
          110.0299
        ]
      ]
    }
  ]
}