{
  "routes": [
    {
      "route_id": 1,
      "length_km": 18.649,
      "minimum_depth_m": 94.37529,
      "mission_duration_h": 5,
      "mission_duration_m": 22,
      "waypoints": [
        [
          39.57266,
          -9.292792,
          110.0299
        ],
        [
          39.567383,
          -9.284773,
          105.33234
        ],
        [
          39.57266,
          -9.274079,
          103.45829
        ],
        [
          39.55155,
          -9.274079,
          94.37529
        ],
        [
          39.548916,
          -9.287446,
          97.53005
        ],
        [
          39.55683,
          -9.295465,
          105.143166
        ],
        [
          39.535725,
          -9.308832,
          96.63105
        ],
        [
          39.54364,
          -9.319525,
          105.14647
        ],
        [
          39.55419,
          -9.314178,
          110.003845
        ],
        [
          39.564743,
          -9.303485,
          110.81001
        ],
        [
          39.577934,
          -9.303485,
          115.60989
        ],
        [
          39.58849,
          -9.298139,
          131.84465
        ],
        [
          39.58321,
          -9.284773,
          112.38755
        ],
        [
          39.57421,
          -9.291613,
          110.0299
        ]
      ]
    }
  ]
}