{
  "routes": [
    {
      "route_id": 1,
      "length_km": 154.627,
      "minimum_depth_m": 95.70292,
      "mission_duration_h": 44,
      "mission_duration_m": 21,
      "waypoints": [
        [
          39.57266,
          -9.292792,
          110.0299
        ],
        [
          39.5753,
          -9.284773,
          108.26113
        ],
        [
          39.562107,
          -9.279426,
          101.53118
        ],
        [
          39.57266,
          -9.271406,
          102.390076
        ],
        [
          39.58585,
          -9.274079,
          111.84027
        ],
        [
          39.593765,
          -9.26606,
          117.16389
        ],
        [
          39.604317,
          -9.263387,
          126.68738
        ],
        [
          39.625423,
          -9.25002,
          197.55615
        ],
        [
          39.646526,
          -9.260714,
          308.16745
        ],
        [
          39.635975,
          -9.268733,
          296.6835
        ],
        [
          39.604317,
          -9.287446,
          157.17113
        ],
        [
          39.5964,
          -9.279426,
          131.35849
        ],
        [
          39.58585,
          -9.287446,
          118.886925
        ],
        [
          39.593765,
          -9.295465,
          143.43666
        ],
        [
          39.5753,
          -9.308832,
          118.38546
        ],
        [
          39.55683,
          -9.322198,
          114.35202
        ],
        [
          39.57266,
          -9.322198,
          127.10043
        ],
        [
          39.593765,
          -9.314178,
          175.89569
        ],
        [
          39.604317,
          -9.308832,
          201.1149
        ],
        [
          39.635975,
          -9.290119,
          328.4054
        ],
        [
          39.638615,
          -9.303485,
          349.18256
        ],
        [
          39.646526,
          -9.314178,
          318.83612
        ],
        [
          39.65708,
          -9.306158,
          263.5272
        ],
        [
          39.646526,
          -9.284773,
          320.04633
        ],
        [
          39.65444,
          -9.276752,
          316.79062
        ],
        [
          39.667633,
          -9.298139,
          237.21506
        ],
        [
          39.67819,
          -9.290119,
          215.22662
        ],
        [
          39.664997,
          -9.268733,
          328.90942
        ],
        [
          39.67555,
          -9.263387,
          284.85358
        ],
        [
          39.68874,
          -9.282099,
          178.87886
        ],
        [
          39.69929,
          -9.276752,
          152.29974
        ],
        [
          39.720398,
          -9.260714,
          129.62845
        ],
        [
          39.712482,
          -9.25002,
          149.69954
        ],
        [
          39.715122,
          -9.23398,
          145.07703
        ],
        [
          39.704567,
          -9.239327,
          170.27155
        ],
        [
          39.69929,
          -9.228634,
          183.82877
        ],
        [
          39.720398,
          -9.217941,
          131.93608
        ],
        [
          39.709846,
          -9.204575,
          139.7259
        ],
        [
          39.720398,
          -9.196555,
          121.55552
        ],
        [
          39.720398,
          -9.183188,
          108.2402
        ],
        [
          39.709846,
          -9.191209,
          123.95036
        ],
        [
          39.68874,
          -9.201901,
          174.93382
        ],
        [
          39.69929,
          -9.209921,
          163.61508
        ],
        [
          39.68874,
          -9.217941,
          214.71623
        ],
        [
          39.67819,
          -9.220614,
          276.2145
        ],
        [
          39.670273,
          -9.212595,
          287.45248
        ],
        [
          39.667633,
          -9.225961,
          339.73505
        ],
        [
          39.65444,
          -9.220614,
          282.05972
        ],
        [
          39.65708,
          -9.23398,
          318.421
        ],
        [
          39.646526,
          -9.239327,
          278.19437
        ],
        [
          39.65708,
          -9.252693,
          339.43378
        ],
        [
          39.68874,
          -9.236654,
          226.10747
        ],
        [
          39.694016,
          -9.247347,
          195.54501
        ],
        [
          39.6861,
          -9.255366,
          235.33923
        ],
        [
          39.691376,
          -9.26606,
          186.24051
        ],
        [
          39.70193,
          -9.258039,
          167.43547
        ],
        [
          39.71776,
          -9.282099,
          131.13943
        ],
        [
          39.707207,
          -9.290119,
          139.16064
        ],
        [
          39.67555,
          -9.311505,
          188.03224
        ],
        [
          39.635975,
          -9.340911,
          429.8446
        ],
        [
          39.625423,
          -9.327544,
          350.85367
        ],
        [
          39.635975,
          -9.322198,
          371.71997
        ],
        [
          39.62806,
          -9.311505,
          317.09216
        ],
        [
          39.5964,
          -9.327544,
          224.48187
        ],
        [
          39.564743,
          -9.340911,
          133.45882
        ],
        [
          39.54364,
          -9.34893,
          116.88945
        ],
        [
          39.55155,
          -9.359624,
          127.70936
        ],
        [
          39.57266,
          -9.354278,
          158.66121
        ],
        [
          39.593765,
          -9.346257,
          260.65604
        ],
        [
          39.61487,
          -9.335565,
          356.3693
        ],
        [
          39.625423,
          -9.34893,
          446.2915
        ],
        [
          39.606956,
          -9.362297,
          448.19232
        ],
        [
          39.564743,
          -9.378337,
          211.97826
        ],
        [
          39.55419,
          -9.378337,
          178.58218
        ],
        [
          39.54364,
          -9.386356,
          171.75497
        ],
        [
          39.533085,
          -9.375663,
          131.37056
        ],
        [
          39.54364,
          -9.367643,
          136.09033
        ],
        [
          39.533085,
          -9.356951,
          112.90769
        ],
        [
          39.533085,
          -9.335565,
          104.55076
        ],
        [
          39.54364,
          -9.335565,
          110.73441
        ],
        [
          39.541,
          -9.316852,
          102.66162
        ],
        [
          39.535725,
          -9.306158,
          95.70292
        ],
        [
          39.54364,
          -9.298139,
          97.880135
        ],
        [
          39.548916,
          -9.308832,
          105.07839
        ],
        [
          39.564743,
          -9.292792,
          107.12205
        ],
        [
          39.570854,
          -9.292792,
          110.0299
        ]
      ]
    }
  ]
}