{
  "routes": [
    {
      "route_id": 1,
      "length_km": 38.587,
      "minimum_depth_m": 110.0299,
      "mission_duration_h": 11,
      "mission_duration_m": 7,
      "waypoints": [
        [
          39.57266,
          -9.292792,
          110.0299
        ],
        [
          39.58321,
          -9.306158,
          121.61397
        ],
        [
          39.58321,
          -9.322198,
          139.12033
        ],
        [
          39.593765,
          -9.330218,
          215.11285
        ],
        [
          39.58585,
          -9.340911,
          183.54877
        ],
        [
          39.58321,
          -9.354278,
          183.175
        ],
        [
          39.5964,
          -9.356951,
          317.86502
        ],
        [
          39.58321,
          -9.367643,
          226.7635
        ],
        [
          39.59904,
          -9.378337,
          445.87598
        ],
        [
          39.609592,
          -9.378337,
          558.38556
        ],
        [
          39.620148,
          -9.383683,
          610.4315
        ],
        [
          39.62806,
          -9.391703,
          644.6958
        ],
        [
          39.63334,
          -9.402396,
          629.3696
        ],
        [
          39.64389,
          -9.397049,
          562.4273
        ],
        [
          39.646526,
          -9.383683,
          533.7988
        ],
        [
          39.662357,
          -9.367643,
          288.76422
        ],
        [
          39.65444,
          -9.359624,
          350.9829
        ],
        [
          39.67291,
          -9.346257,
          192.0499
        ],
        [
          39.670273,
          -9.330218,
          180.10442
        ],
        [
          39.65444,
          -9.324871,
          271.77182
        ],
        [
          39.649166,
          -9.308832,
          302.32928
        ],
        [
          39.638615,
          -9.311505,
          359.62903
        ],
        [
          39.622784,
          -9.303485,
          269.5468
        ],
        [
          39.612232,
          -9.308832,
          232.42773
        ],
        [
          39.604317,
          -9.300812,
          179.16084
        ],
        [
          39.574425,
          -9.293241,
          110.0299
        ]
      ]
    }
  ]
}