{
  "routes": [
    {
      "route_id": 1,
      "length_km": 18.737,
      "minimum_depth_m": 94.37529,
      "mission_duration_h": 5,
      "mission_duration_m": 25,
      "waypoints": [
        [
          39.57266,
          -9.292792,
          110.0299
        ],
        [
          39.58321,
          -9.284773,
          112.38755
        ],
        [
          39.57266,
          -9.274079,
          103.45829
        ],
        [
          39.567383,
          -9.284773,
          105.33234
        ],
        [
          39.562107,
          -9.274079,
          99.45663
        ],
        [
          39.55155,
          -9.274079,
          94.37529
        ],
        [
          39.548916,
          -9.287446,
          97.53005
        ],
        [
          39.55683,
          -9.295465,
          105.143166
        ],
        [
          39.535725,
          -9.308832,
          96.63105
        ],
        [
          39.54364,
          -9.319525,
          105.14647
        ],
        [
          39.55419,
          -9.314178,
          110.003845
        ],
        [
          39.559467,
          -9.324871,
          117.5721
        ],
        [
          39.57266,
          -9.316852,
          123.122086
        ],
        [
          39.577934,
          -9.303485,
          115.60989
        ],
        [
          39.573627,
          -9.294755,
          110.0299
        ]
      ]
    }
  ]
}