{
  "routes": [
    {
      "route_id": 1,
      "length_km": 37.207,
      "minimum_depth_m": 67.2124,
      "mission_duration_h": 10,
      "mission_duration_m": 44,
      "waypoints": [
        [
          39.57266,
          -9.292792,
          110.0299
        ],
        [
          39.57266,
          -9.274079,
          103.45829
        ],
        [
          39.57002,
          -9.258039,
          95.952644
        ],
        [
          39.5753,
          -9.247347,
          93.71016
        ],
        [
          39.57266,
          -9.23398,
          85.5387
        ],
        [
          39.58321,
          -9.225961,
          86.816185
        ],
        [
          39.593765,
          -9.215268,
          88.78029
        ],
        [
          39.604317,
          -9.217941,
          96.35049
        ],
        [
          39.620148,
          -9.217941,
          134.03218
        ],
        [
          39.63334,
          -9.212595,
          175.94029
        ],
        [
          39.64125,
          -9.220614,
          213.70438
        ],
        [
          39.651806,
          -9.220614,
          268.38867
        ],
        [
          39.649166,
          -9.207248,
          227.36806
        ],
        [
          39.61487,
          -9.191209,
          114.88641
        ],
        [
          39.617508,
          -9.204575,
          123.13647
        ],
        [
          39.606956,
          -9.201901,
          97.89235
        ],
        [
          39.593765,
          -9.201901,
          84.8801
        ],
        [
          39.580574,
          -9.212595,
          78.32358
        ],
        [
          39.567383,
          -9.207248,
          67.2124
        ],
        [
          39.57266,
          -9.220614,
          78.473335
        ],
        [
          39.559467,
          -9.223288,
          73.0363
        ],
        [
          39.562107,
          -9.242001,
          84.88936
        ],
        [
          39.55419,
          -9.25002,
          85.707695
        ],
        [
          39.55419,
          -9.263387,
          91.58866
        ],
        [
          39.562107,
          -9.274079,
          99.45663
        ],
        [
          39.571598,
          -9.290912,
          110.0299
        ]
      ]
    }
  ]
}