{
  "routes": [
    {
      "route_id": 1,
      "length_km": 38.547,
      "minimum_depth_m": 101.31412,
      "mission_duration_h": 11,
      "mission_duration_m": 10,
      "waypoints": [
        [
          39.57266,
          -9.292792,
          110.0299
        ],
        [
          39.58321,
          -9.295465,
          116.50836
        ],
        [
          39.58849,
          -9.284773,
          122.483955
        ],
        [
          39.59904,
          -9.279426,
          135.56474
        ],
        [
          39.60168,
          -9.26606,
          126.263626
        ],
        [
          39.625423,
          -9.255366,
          207.43683
        ],
        [
          39.63334,
          -9.244674,
          228.07309
        ],
        [
          39.64389,
          -9.247347,
          282.76266
        ],
        [
          39.65444,
          -9.244674,
          323.97354
        ],
        [
          39.664997,
          -9.25002,
          374.79465
        ],
        [
          39.67555,
          -9.247347,
          313.98477
        ],
        [
          39.6861,
          -9.242001,
          243.57433
        ],
        [
          39.704567,
          -9.217941,
          166.50824
        ],
        [
          39.683464,
          -9.223288,
          251.90157
        ],
        [
          39.67819,
          -9.23398,
          287.5218
        ],
        [
          39.67291,
          -9.223288,
          308.3055
        ],
        [
          39.662357,
          -9.223288,
          328.6671
        ],
        [
          39.651806,
          -9.220614,
          268.38867
        ],
        [
          39.649166,
          -9.23398,
          280.2443
        ],
        [
          39.638615,
          -9.23398,
          229.34206
        ],
        [
          39.6307,
          -9.225961,
          180.24123
        ],
        [
          39.620148,
          -9.23398,
          150.06029
        ],
        [
          39.61487,
          -9.244674,
          137.07738
        ],
        [
          39.604317,
          -9.239327,
          107.06121
        ],
        [
          39.5964,
          -9.252693,
          110.044205
        ],
        [
          39.58585,
          -9.255366,
          103.02931
        ],
        [
          39.577934,
          -9.263387,
          101.31412
        ],
        [
          39.57266,
          -9.274079,
          103.45829
        ],
        [
          39.57002,
          -9.290119,
          108.14328
        ],
        [
          39.571243,
          -9.291357,
          110.0299
        ]
      ]
    }
  ]
}