{
  "routes": [
    {
      "route_id": 1,
      "length_km": 63.726,
      "minimum_depth_m": 54.7669,
      "mission_duration_h": 17,
      "mission_duration_m": 58,
      "waypoints": [
        [
          39.57266,
          -9.292792,
          110.0299
        ],
        [
          39.59904,
          -9.204575,
          90.5634
        ],
        [
          39.6307,
          -9.191209,
          156.65111
        ],
        [
          39.651806,
          -9.180515,
          179.0827
        ],
        [
          39.63334,
          -9.159129,
          138.14418
        ],
        [
          39.64125,
          -9.151109,
          124.44867
        ],
        [
          39.71776,
          -9.143089,
          67.019936
        ],
        [
          39.696655,
          -9.156456,
          79.824875
        ],
        [
          39.664997,
          -9.172496,
          164.896
        ],
        [
          39.67555,
          -9.16715,
          128.86739
        ],
        [
          39.65708,
          -9.11903,
          54.7669
        ],
        [
          39.651806,
          -9.132396,
          75.859
        ],
        [
          39.612232,
          -9.140416,
          107.11621
        ],
        [
          39.620148,
          -9.16715,
          128.7201
        ],
        [
          39.58849,
          -9.169823,
          70.33487
        ],
        [
          39.58849,
          -9.212595,
          84.00189
        ],
        [
          39.55683,
          -9.23398,
          77.831726
        ],
        [
          39.572063,
          -9.290594,
          110.0299
        ]
      ]
    }
  ]
}