{
  "routes": [
    {
      "route_id": 1,
      "length_km": 78.325,
      "minimum_depth_m": 101.699455,
      "mission_duration_h": 22,
      "mission_duration_m": 33,
      "waypoints": [
        [
          39.57266,
          -9.292792,
          110.0299
        ],
        [
          39.562107,
          -9.303485,
          109.85004
        ],
        [
          39.55155,
          -9.298139,
          103.1939
        ],
        [
          39.54364,
          -9.308832,
          101.699455
        ],
        [
          39.53836,
          -9.322198,
          102.850525
        ],
        [
          39.562107,
          -9.330218,
          122.42381
        ],
        [
          39.559467,
          -9.316852,
          114.28608
        ],
        [
          39.57002,
          -9.311505,
          117.73407
        ],
        [
          39.591125,
          -9.322198,
          181.4083
        ],
        [
          39.61487,
          -9.306158,
          234.59976
        ],
        [
          39.604317,
          -9.300812,
          179.16084
        ],
        [
          39.593765,
          -9.306158,
          156.28711
        ],
        [
          39.58321,
          -9.300812,
          118.56876
        ],
        [
          39.580574,
          -9.287446,
          111.12169
        ],
        [
          39.591125,
          -9.290119,
          132.11838
        ],
        [
          39.612232,
          -9.287446,
          181.65115
        ],
        [
          39.612232,
          -9.274079,
          158.04301
        ],
        [
          39.622784,
          -9.26606,
          211.39148
        ],
        [
          39.646526,
          -9.268733,
          315.3089
        ],
        [
          39.63334,
          -9.279426,
          301.41748
        ],
        [
          39.64389,
          -9.290119,
          325.1112
        ],
        [
          39.63334,
          -9.295465,
          318.2934
        ],
        [
          39.622784,
          -9.290119,
          249.71889
        ],
        [
          39.625423,
          -9.306158,
          289.5967
        ],
        [
          39.638615,
          -9.306158,
          352.12955
        ],
        [
          39.649166,
          -9.308832,
          302.32928
        ],
        [
          39.659718,
          -9.306158,
          250.86972
        ],
        [
          39.667633,
          -9.295465,
          244.90434
        ],
        [
          39.65444,
          -9.276752,
          316.79062
        ],
        [
          39.664997,
          -9.271406,
          322.35437
        ],
        [
          39.67555,
          -9.284773,
          238.27945
        ],
        [
          39.6861,
          -9.279426,
          195.43901
        ],
        [
          39.694016,
          -9.287446,
          151.05046
        ],
        [
          39.70193,
          -9.276752,
          149.2902
        ],
        [
          39.707207,
          -9.287446,
          139.96333
        ],
        [
          39.715122,
          -9.279426,
          133.9646
        ],
        [
          39.720398,
          -9.263387,
          129.39427
        ],
        [
          39.67819,
          -9.271406,
          252.66165
        ],
        [
          39.67291,
          -9.260714,
          306.72668
        ],
        [
          39.649166,
          -9.255366,
          311.73193
        ],
        [
          39.62806,
          -9.252693,
          216.65569
        ],
        [
          39.617508,
          -9.252693,
          160.01889
        ],
        [
          39.606956,
          -9.258039,
          123.92273
        ],
        [
          39.593765,
          -9.255366,
          109.813416
        ],
        [
          39.58321,
          -9.260714,
          102.89942
        ],
        [
          39.593765,
          -9.268733,
          119.0015
        ],
        [
          39.58585,
          -9.276752,
          113.098976
        ],
        [
          39.5753,
          -9.274079,
          104.45871
        ],
        [
          39.55683,
          -9.287446,
          102.356255
        ],
        [
          39.570915,
          -9.292204,
          110.0299
        ]
      ]
    }
  ]
}