{
  "routes": [
    {
      "route_id": 1,
      "length_km": 36.388,
      "minimum_depth_m": 108.04404,
      "mission_duration_h": 10,
      "mission_duration_m": 30,
      "waypoints": [
        [
          39.57266,
          -9.292792,
          110.0299
        ],
        [
          39.564743,
          -9.298139,
          108.96603
        ],
        [
          39.559467,
          -9.308832,
          111.00005
        ],
        [
          39.57266,
          -9.335565,
          138.1156
        ],
        [
          39.57266,
          -9.362297,
          173.20686
        ],
        [
          39.58321,
          -9.37299,
          251.93758
        ],
        [
          39.577934,
          -9.383683,
          277.77408
        ],
        [
          39.58321,
          -9.394376,
          391.06818
        ],
        [
          39.57266,
          -9.402396,
          419.525
        ],
        [
          39.58321,
          -9.4077425,
          535.85406
        ],
        [
          39.58321,
          -9.421108,
          638.7078
        ],
        [
          39.591125,
          -9.429129,
          655.16656
        ],
        [
          39.60168,
          -9.423781,
          665.32513
        ],
        [
          39.61487,
          -9.423781,
          647.4132
        ],
        [
          39.622784,
          -9.410416,
          654.7551
        ],
        [
          39.59904,
          -9.399722,
          573.2143
        ],
        [
          39.606956,
          -9.391703,
          597.2981
        ],
        [
          39.604317,
          -9.375663,
          488.5743
        ],
        [
          39.617508,
          -9.367643,
          523.945
        ],
        [
          39.622784,
          -9.354278,
          467.2612
        ],
        [
          39.612232,
          -9.3516035,
          431.72845
        ],
        [
          39.604317,
          -9.335565,
          304.19208
        ],
        [
          39.591125,
          -9.319525,
          175.7767
        ],
        [
          39.5753,
          -9.308832,
          118.38546
        ],
        [
          39.5753,
          -9.295465,
          111.911865
        ],
        [
          39.574078,
          -9.294229,
          110.0299
        ]
      ]
    }
  ]
}