{
  "routes": [
    {
      "route_id": 1,
      "length_km": 38.249,
      "minimum_depth_m": 98.32052,
      "mission_duration_h": 11,
      "mission_duration_m": 4,
      "waypoints": [
        [
          39.57266,
          -9.292792,
          110.0299
        ],
        [
          39.567383,
          -9.303485,
          111.76999
        ],
        [
          39.567383,
          -9.316852,
          119.587685
        ],
        [
          39.55683,
          -9.314178,
          111.6023
        ],
        [
          39.546276,
          -9.316852,
          105.907814
        ],
        [
          39.53836,
          -9.308832,
          98.32052
        ],
        [
          39.546276,
          -9.300812,
          100.64395
        ],
        [
          39.55683,
          -9.298139,
          106.072136
        ],
        [
          39.564743,
          -9.287446,
          105.27807
        ],
        [
          39.564743,
          -9.274079,
          100.45705
        ],
        [
          39.5753,
          -9.276752,
          105.51094
        ],
        [
          39.58585,
          -9.271406,
          110.58156
        ],
        [
          39.5964,
          -9.276752,
          128.31947
        ],
        [
          39.59904,
          -9.263387,
          121.00683
        ],
        [
          39.609592,
          -9.260714,
          129.3725
        ],
        [
          39.609592,
          -9.247347,
          115.34797
        ],
        [
          39.617508,
          -9.239327,
          144.42989
        ],
        [
          39.662357,
          -9.225961,
          332.46835
        ],
        [
          39.664997,
          -9.239327,
          363.688
        ],
        [
          39.65444,
          -9.239327,
          314.83447
        ],
        [
          39.649166,
          -9.25002,
          309.52396
        ],
        [
          39.6307,
          -9.263387,
          253.21231
        ],
        [
          39.620148,
          -9.260714,
          187.0221
        ],
        [
          39.606956,
          -9.279426,
          148.18355
        ],
        [
          39.60168,
          -9.290119,
          155.67892
        ],
        [
          39.591125,
          -9.292792,
          134.41148
        ],
        [
          39.58321,
          -9.284773,
          112.38755
        ],
        [
          39.5753,
          -9.295465,
          111.911865
        ],
        [
          39.574078,
          -9.294229,
          110.0299
        ]
      ]
    }
  ]
}