{
  "routes": [
    {
      "route_id": 1,
      "length_km": 39.542,
      "minimum_depth_m": 108.26113,
      "mission_duration_h": 11,
      "mission_duration_m": 16,
      "waypoints": [
        [
          39.57266,
          -9.292792,
          110.0299
        ],
        [
          39.58321,
          -9.300812,
          118.56876
        ],
        [
          39.5753,
          -9.308832,
          118.38546
        ],
        [
          39.58321,
          -9.316852,
          133.28488
        ],
        [
          39.593765,
          -9.314178,
          175.89569
        ],
        [
          39.604317,
          -9.308832,
          201.1149
        ],
        [
          39.646526,
          -9.284773,
          320.04633
        ],
        [
          39.67555,
          -9.263387,
          284.85358
        ],
        [
          39.6861,
          -9.255366,
          235.33923
        ],
        [
          39.715122,
          -9.23398,
          145.07703
        ],
        [
          39.709846,
          -9.223288,
          158.80357
        ],
        [
          39.68874,
          -9.236654,
          226.10747
        ],
        [
          39.646526,
          -9.260714,
          308.16745
        ],
        [
          39.635975,
          -9.255366,
          265.39166
        ],
        [
          39.635975,
          -9.268733,
          296.6835
        ],
        [
          39.593765,
          -9.295465,
          143.43666
        ],
        [
          39.58585,
          -9.287446,
          118.886925
        ],
        [
          39.5753,
          -9.284773,
          108.26113
        ],
        [
          39.57336,
          -9.29065,
          110.0299
        ]
      ]
    }
  ]
}