{
  "routes": [
    {
      "route_id": 1,
      "length_km": 38.897,
      "minimum_depth_m": 110.0299,
      "mission_duration_h": 11,
      "mission_duration_m": 11,
      "waypoints": [
        [
          39.57266,
          -9.292792,
          110.0299
        ],
        [
          39.58321,
          -9.306158,
          121.61397
        ],
        [
          39.580574,
          -9.322198,
          133.47464
        ],
        [
          39.58585,
          -9.332891,
          168.6547
        ],
        [
          39.580574,
          -9.346257,
          161.71019
        ],
        [
          39.591125,
          -9.3516035,
          251.93217
        ],
        [
          39.60168,
          -9.36497,
          406.82697
        ],
        [
          39.609592,
          -9.378337,
          558.38556
        ],
        [
          39.620148,
          -9.383683,
          610.4315
        ],
        [
          39.62806,
          -9.391703,
          644.6958
        ],
        [
          39.64389,
          -9.397049,
          562.4273
        ],
        [
          39.646526,
          -9.383683,
          533.7988
        ],
        [
          39.65444,
          -9.375663,
          405.64377
        ],
        [
          39.680824,
          -9.378337,
          211.44998
        ],
        [
          39.68874,
          -9.3703165,
          171.92664
        ],
        [
          39.6861,
          -9.340911,
          158.00449
        ],
        [
          39.67555,
          -9.316852,
          183.14075
        ],
        [
          39.664997,
          -9.316852,
          211.35274
        ],
        [
          39.659718,
          -9.303485,
          254.75455
        ],
        [
          39.649166,
          -9.308832,
          302.32928
        ],
        [
          39.64389,
          -9.290119,
          325.1112
        ],
        [
          39.63334,
          -9.292792,
          315.48074
        ],
        [
          39.622784,
          -9.290119,
          249.71889
        ],
        [
          39.604317,
          -9.300812,
          179.16084
        ],
        [
          39.574425,
          -9.293241,
          110.0299
        ]
      ]
    }
  ]
}