{
  "routes": [
    {
      "route_id": 1,
      "length_km": 150.616,
      "minimum_depth_m": 40.2953,
      "mission_duration_h": 43,
      "mission_duration_m": 34,
      "waypoints": [
        [
          39.57266,
          -9.292792,
          110.0299
        ],
        [
          39.580574,
          -9.292792,
          112.93775
        ],
        [
          39.564743,
          -9.308832,
          113.46186
        ],
        [
          39.562107,
          -9.330218,
          122.42381
        ],
        [
          39.546276,
          -9.335565,
          112.28033
        ],
        [
          39.53836,
          -9.343584,
          111.05602
        ],
        [
          39.533085,
          -9.330218,
          102.54358
        ],
        [
          39.535725,
          -9.314178,
          98.4873
        ],
        [
          39.548916,
          -9.319525,
          108.34841
        ],
        [
          39.548916,
          -9.306158,
          104.26089
        ],
        [
          39.55683,
          -9.298139,
          106.072136
        ],
        [
          39.548916,
          -9.290119,
          98.503204
        ],
        [
          39.541,
          -9.298139,
          96.10887
        ],
        [
          39.533085,
          -9.290119,
          87.52614
        ],
        [
          39.533085,
          -9.276752,
          82.07468
        ],
        [
          39.54364,
          -9.279426,
          90.79625
        ],
        [
          39.55155,
          -9.268733,
          92.035355
        ],
        [
          39.562107,
          -9.274079,
          99.45663
        ],
        [
          39.567383,
          -9.263387,
          97.0567
        ],
        [
          39.577934,
          -9.26606,
          102.35037
        ],
        [
          39.58849,
          -9.252693,
          103.839005
        ],
        [
          39.577934,
          -9.247347,
          94.87583
        ],
        [
          39.567383,
          -9.25002,
          91.555756
        ],
        [
          39.55683,
          -9.244674,
          84.0067
        ],
        [
          39.559467,
          -9.231307,
          77.59624
        ],
        [
          39.57002,
          -9.236654,
          85.67912
        ],
        [
          39.580574,
          -9.23398,
          89.39218
        ],
        [
          39.57266,
          -9.220614,
          78.473335
        ],
        [
          39.564743,
          -9.212595,
          69.04183
        ],
        [
          39.535725,
          -9.212595,
          51.35501
        ],
        [
          39.533085,
          -9.199228,
          40.2953
        ],
        [
          39.55419,
          -9.193882,
          49.482197
        ],
        [
          39.564743,
          -9.199228,
          60.37256
        ],
        [
          39.57266,
          -9.191209,
          61.144974
        ],
        [
          39.58585,
          -9.215268,
          83.23521
        ],
        [
          39.5964,
          -9.220614,
          91.887085
        ],
        [
          39.604317,
          -9.231307,
          102.36555
        ],
        [
          39.593765,
          -9.23398,
          97.35652
        ],
        [
          39.59904,
          -9.244674,
          106.66133
        ],
        [
          39.609592,
          -9.244674,
          113.721954
        ],
        [
          39.606956,
          -9.258039,
          123.92273
        ],
        [
          39.62806,
          -9.271406,
          253.54465
        ],
        [
          39.638615,
          -9.263387,
          297.06015
        ],
        [
          39.6307,
          -9.255366,
          236.41425
        ],
        [
          39.64125,
          -9.247347,
          271.31757
        ],
        [
          39.649166,
          -9.258039,
          312.8359
        ],
        [
          39.662357,
          -9.255366,
          353.35913
        ],
        [
          39.67291,
          -9.25002,
          331.08902
        ],
        [
          39.67819,
          -9.239327,
          291.2309
        ],
        [
          39.65708,
          -9.239327,
          327.04785
        ],
        [
          39.659718,
          -9.223288,
          314.91718
        ],
        [
          39.67291,
          -9.225961,
          310.84656
        ],
        [
          39.67291,
          -9.212595,
          275.1672
        ],
        [
          39.69929,
          -9.209921,
          163.61508
        ],
        [
          39.704567,
          -9.220614,
          170.43694
        ],
        [
          39.683464,
          -9.228634,
          254.2377
        ],
        [
          39.694016,
          -9.25002,
          194.34639
        ],
        [
          39.69929,
          -9.239327,
          183.12854
        ],
        [
          39.709846,
          -9.236654,
          157.64607
        ],
        [
          39.720398,
          -9.231307,
          132.56442
        ],
        [
          39.720398,
          -9.217941,
          131.93608
        ],
        [
          39.712482,
          -9.209921,
          141.38277
        ],
        [
          39.720398,
          -9.199228,
          122.85309
        ],
        [
          39.707207,
          -9.199228,
          136.31499
        ],
        [
          39.70193,
          -9.188536,
          124.83761
        ],
        [
          39.694016,
          -9.196555,
          144.09409
        ],
        [
          39.683464,
          -9.193882,
          172.93208
        ],
        [
          39.67291,
          -9.193882,
          208.71097
        ],
        [
          39.664997,
          -9.185862,
          206.32439
        ],
        [
          39.67291,
          -9.175169,
          156.39026
        ],
        [
          39.683464,
          -9.180515,
          143.06459
        ],
        [
          39.691376,
          -9.169823,
          102.628975
        ],
        [
          39.70193,
          -9.164475,
          88.917984
        ],
        [
          39.712482,
          -9.188536,
          118.83037
        ],
        [
          39.720398,
          -9.177842,
          102.15546
        ],
        [
          39.715122,
          -9.16715,
          90.686325
        ],
        [
          39.720398,
          -9.153783,
          77.325874
        ],
        [
          39.709846,
          -9.145762,
          68.63353
        ],
        [
          39.720398,
          -9.137742,
          62.566982
        ],
        [
          39.715122,
          -9.127049,
          55.06505
        ],
        [
          39.691376,
          -9.143089,
          64.56907
        ],
        [
          39.694016,
          -9.156456,
          79.8272
        ],
        [
          39.680824,
          -9.156456,
          96.78133
        ],
        [
          39.667633,
          -9.161802,
          129.1875
        ],
        [
          39.670273,
          -9.145762,
          82.858536
        ],
        [
          39.659718,
          -9.135069,
          68.93691
        ],
        [
          39.651806,
          -9.145762,
          101.497894
        ],
        [
          39.64125,
          -9.148436,
          118.83396
        ],
        [
          39.651806,
          -9.161802,
          140.6045
        ],
        [
          39.651806,
          -9.175169,
          168.65608
        ],
        [
          39.638615,
          -9.180515,
          168.41237
        ],
        [
          39.635975,
          -9.196555,
          174.08626
        ],
        [
          39.649166,
          -9.199228,
          210.95834
        ],
        [
          39.646526,
          -9.228634,
          256.84314
        ],
        [
          39.63334,
          -9.228634,
          195.63353
