{
  "routes": [
    {
      "route_id": 1,
      "length_km": 72.409,
      "minimum_depth_m": 110.0299,
      "mission_duration_h": 20,
      "mission_duration_m": 29,
      "waypoints": [
        [
          39.57266,
          -9.292792,
          110.0299
        ],
        [
          39.5964,
          -9.367643,
          364.9769
        ],
        [
          39.5753,
          -9.378337,
          245.89514
        ],
        [
          39.533085,
          -9.402396,
          190.53415
        ],
        [
          39.55419,
          -9.421108,
          474.1736
        ],
        [
          39.57002,
          -9.405069,
          431.26596
        ],
        [
          39.58321,
          -9.429129,
          661.2834
        ],
        [
          39.593765,
          -9.402396,
          553.5254
        ],
        [
          39.622784,
          -9.405069,
          650.60406
        ],
        [
          39.638615,
          -9.410416,
          589.35297
        ],
        [
          39.664997,
          -9.423781,
          244.71844
        ],
        [
          39.659718,
          -9.405069,
          347.12268
        ],
        [
          39.659718,
          -9.38101,
          358.10275
        ],
        [
          39.662357,
          -9.362297,
          274.2013
        ],
        [
          39.667633,
          -9.346257,
          204.04129
        ],
        [
          39.68874,
          -9.346257,
          156.07571
        ],
        [
          39.680824,
          -9.330218,
          161.71957
        ],
        [
          39.696655,
          -9.324871,
          138.75403
        ],
        [
          39.712482,
          -9.324871,
          134.53069
        ],
        [
          39.720398,
          -9.284773,
          128.70415
        ],
        [
          39.67819,
          -9.311505,
          180.94371
        ],
        [
          39.659718,
          -9.324871,
          236.23653
        ],
        [
          39.617508,
          -9.356951,
          469.6927
        ],
        [
          39.606956,
          -9.362297,
          448.19232
        ],
        [
          39.573627,
          -9.294756,
          110.0299
        ]
      ]
    }
  ]
}