{
  "routes": [
    {
      "route_id": 1,
      "length_km": 36.108,
      "minimum_depth_m": 48.030556,
      "mission_duration_h": 10,
      "mission_duration_m": 22,
      "waypoints": [
        [
          39.57266,
          -9.292792,
          110.0299
        ],
        [
          39.567383,
          -9.287446,
          106.25201
        ],
        [
          39.55419,
          -9.284773,
          100.293594
        ],
        [
          39.541,
          -9.284773,
          90.951866
        ],
        [
          39.533085,
          -9.274079,
          80.9483
        ],
        [
          39.546276,
          -9.274079,
          90.53901
        ],
        [
          39.559467,
          -9.247347,
          86.71611
        ],
        [
          39.55683,
          -9.23398,
          77.831726
        ],
        [
          39.567383,
          -9.207248,
          67.2124
        ],
        [
          39.55419,
          -9.215268,
          64.74543
        ],
        [
          39.54364,
          -9.204575,
          50.588425
        ],
        [
          39.564743,
          -9.177842,
          48.030556
        ],
        [
          39.57002,
          -9.191209,
          59.232338
        ],
        [
          39.580574,
          -9.193882,
          68.10428
        ],
        [
          39.580574,
          -9.180515,
          62.08816
        ],
        [
          39.593765,
          -9.183188,
          81.51867
        ],
        [
          39.59904,
          -9.193882,
          88.64979
        ],
        [
          39.58849,
          -9.217941,
          86.165245
        ],
        [
          39.5753,
          -9.220614,
          79.883316
        ],
        [
          39.577934,
          -9.23398,
          88.10768
        ],
        [
          39.57002,
          -9.247347,
          91.37881
        ],
        [
          39.5753,
          -9.26606,
          101.302
        ],
        [
          39.572887,
          -9.290483,
          110.0299
        ]
      ]
    }
  ]
}