{
  "routes": [
    {
      "route_id": 1,
      "length_km": 39.34,
      "minimum_depth_m": 109.94939,
      "mission_duration_h": 11,
      "mission_duration_m": 21,
      "waypoints": [
        [
          39.57266,
          -9.292792,
          110.0299
        ],
        [
          39.58321,
          -9.306158,
          121.61397
        ],
        [
          39.580574,
          -9.319525,
          130.94917
        ],
        [
          39.593765,
          -9.330218,
          215.11285
        ],
        [
          39.612232,
          -9.335565,
          350.42966
        ],
        [
          39.62806,
          -9.335565,
          386.06754
        ],
        [
          39.635975,
          -9.343584,
          442.82367
        ],
        [
          39.64389,
          -9.354278,
          440.16623
        ],
        [
          39.65444,
          -9.359624,
          350.9829
        ],
        [
          39.659718,
          -9.37299,
          334.37912
        ],
        [
          39.651806,
          -9.38101,
          456.8964
        ],
        [
          39.64125,
          -9.375663,
          564.0357
        ],
        [
          39.620148,
          -9.383683,
          610.4315
        ],
        [
          39.609592,
          -9.378337,
          558.38556
        ],
        [
          39.59904,
          -9.378337,
          445.87598
        ],
        [
          39.58321,
          -9.359624,
          191.23468
        ],
        [
          39.591125,
          -9.3516035,
          251.93217
        ],
        [
          39.577934,
          -9.346257,
          157.75877
        ],
        [
          39.57266,
          -9.356951,
          161.5963
        ],
        [
          39.548916,
          -9.36497,
          136.78284
        ],
        [
          39.55155,
          -9.34893,
          122.22616
        ],
        [
          39.562107,
          -9.343584,
          132.00006
        ],
        [
          39.55683,
          -9.332891,
          118.108475
        ],
        [
          39.546276,
          -9.330218,
          110.105965
        ],
        [
          39.55155,
          -9.319525,
          109.94939
        ],
        [
          39.562107,
          -9.314178,
          114.77917
        ],
        [
          39.5753,
          -9.295465,
          111.911865
        ],
        [
          39.574078,
          -9.294229,
          110.0299
        ]
      ]
    }
  ]
}