{
  "routes": [
    {
      "route_id": 1,
      "length_km": 36.399,
      "minimum_depth_m": 70.33487,
      "mission_duration_h": 10,
      "mission_duration_m": 15,
      "waypoints": [
        [
          39.57266,
          -9.292792,
          110.0299
        ],
        [
          39.59904,
          -9.204575,
          90.5634
        ],
        [
          39.6307,
          -9.191209,
          156.65111
        ],
        [
          39.651806,
          -9.180515,
          179.0827
        ],
        [
          39.64125,
          -9.151109,
          124.44867
        ],
        [
          39.63334,
          -9.159129,
          138.14418
        ],
        [
          39.620148,
          -9.16715,
          128.7201
        ],
        [
          39.58849,
          -9.169823,
          70.33487
        ],
        [
          39.58849,
          -9.212595,
          84.00189
        ],
        [
          39.55683,
          -9.23398,
          77.831726
        ],
        [
          39.572063,
          -9.290594,
          110.0299
        ]
      ]
    }
  ]
}