{
  "routes": [
    {
      "route_id": 1,
      "length_km": 36.14,
      "minimum_depth_m": 42.614483,
      "mission_duration_h": 10,
      "mission_duration_m": 21,
      "waypoints": [
        [
          39.57266,
          -9.292792,
          110.0299
        ],
        [
          39.5753,
          -9.287446,
          109.17381
        ],
        [
          39.564743,
          -9.279426,
          102.51209
        ],
        [
          39.562107,
          -9.263387,
          94.92799
        ],
        [
          39.57266,
          -9.242001,
          89.742165
        ],
        [
          39.567383,
          -9.231307,
          81.52102
        ],
        [
          39.57266,
          -9.220614,
          78.473335
        ],
        [
          39.567383,
          -9.209921,
          68.9006
        ],
        [
          39.55683,
          -9.204575,
          58.788467
        ],
        [
          39.55155,
          -9.193882,
          47.862865
        ],
        [
          39.562107,
          -9.191209,
          53.49443
        ],
        [
          39.58585,
          -9.151109,
          58.75923
        ],
        [
          39.577934,
          -9.140416,
          42.614483
        ],
        [
          39.604317,
          -9.140416,
          94.54253
        ],
        [
          39.593765,
          -9.161802,
          78.65666
        ],
        [
          39.593765,
          -9.191209,
          82.24967
        ],
        [
          39.604317,
          -9.207248,
          95.643425
        ],
        [
          39.606956,
          -9.236654,
          107.169945
        ],
        [
          39.5964,
          -9.25002,
          108.01362
        ],
        [
          39.58321,
          -9.271406,
          107.16238
        ],
        [
          39.573624,
          -9.290829,
          110.0299
        ]
      ]
    }
  ]
}