{
  "routes": [
    {
      "route_id": 1,
      "length_km": 151.073,
      "minimum_depth_m": 45.17131,
      "mission_duration_h": 43,
      "mission_duration_m": 30,
      "waypoints": [
        [
          39.57266,
          -9.292792,
          110.0299
        ],
        [
          39.57002,
          -9.290119,
          108.14328
        ],
        [
          39.58321,
          -9.287446,
          113.417755
        ],
        [
          39.58849,
          -9.303485,
          135.58893
        ],
        [
          39.5753,
          -9.306158,
          116.21752
        ],
        [
          39.580574,
          -9.322198,
          133.47464
        ],
        [
          39.58849,
          -9.330218,
          181.4932
        ],
        [
          39.5964,
          -9.322198,
          209.60025
        ],
        [
          39.59904,
          -9.292792,
          153.3448
        ],
        [
          39.593765,
          -9.258039,
          111.65104
        ],
        [
          39.604317,
          -9.252693,
          116.2494
        ],
        [
          39.604317,
          -9.236654,
          105.49599
        ],
        [
          39.591125,
          -9.239327,
          98.53941
        ],
        [
          39.58849,
          -9.225961,
          89.92092
        ],
        [
          39.59904,
          -9.220614,
          93.43381
        ],
        [
          39.609592,
          -9.212595,
          99.99531
        ],
        [
          39.61487,
          -9.201901,
          114.926575
        ],
        [
          39.60168,
          -9.201901,
          92.68745
        ],
        [
          39.59904,
          -9.188536,
          88.963974
        ],
        [
          39.6307,
          -9.185862,
          154.28223
        ],
        [
          39.64389,
          -9.175169,
          165.94073
        ],
        [
          39.651806,
          -9.188536,
          194.72261
        ],
        [
          39.65444,
          -9.201901,
          231.9479
        ],
        [
          39.64125,
          -9.191209,
          181.56805
        ],
        [
          39.635975,
          -9.201901,
          177.57468
        ],
        [
          39.625423,
          -9.204575,
          147.21465
        ],
        [
          39.620148,
          -9.220614,
          134.60611
        ],
        [
          39.64389,
          -9.212595,
          216.03252
        ],
        [
          39.649166,
          -9.223288,
          259.91745
        ],
        [
          39.670273,
          -9.228634,
          328.1751
        ],
        [
          39.67819,
          -9.220614,
          276.2145
        ],
        [
          39.68874,
          -9.220614,
          221.34663
        ],
        [
          39.683464,
          -9.231307,
          255.40578
        ],
        [
          39.680824,
          -9.247347,
          279.60437
        ],
        [
          39.704567,
          -9.247347,
          169.66171
        ],
        [
          39.71776,
          -9.252693,
          136.37225
        ],
        [
          39.712482,
          -9.239327,
          150.98607
        ],
        [
          39.715122,
          -9.225961,
          145.85619
        ],
        [
          39.704567,
          -9.223288,
          171.49123
        ],
        [
          39.696655,
          -9.209921,
          168.06154
        ],
        [
          39.709846,
          -9.207248,
          142.77757
        ],
        [
          39.71776,
          -9.199228,
          125.54547
        ],
        [
          39.704567,
          -9.196555,
          135.07866
        ],
        [
          39.696655,
          -9.188536,
          127.84123
        ],
        [
          39.6861,
          -9.185862,
          147.14662
        ],
        [
          39.6861,
          -9.199228,
          178.2026
        ],
        [
          39.67819,
          -9.207248,
          233.518
        ],
        [
          39.664997,
          -9.204575,
          273.5239
        ],
        [
          39.67555,
          -9.177842,
          157.15933
        ],
        [
          39.664997,
          -9.172496,
          164.896
        ],
        [
          39.664997,
          -9.153783,
          109.78599
        ],
        [
          39.683464,
          -9.16715,
          113.3397
        ],
        [
          39.691376,
          -9.175169,
          112.26292
        ],
        [
          39.70193,
          -9.172496,
          100.53729
        ],
        [
          39.709846,
          -9.180515,
          109.47761
        ],
        [
          39.720398,
          -9.177842,
          102.15546
        ],
        [
          39.720398,
          -9.164475,
          87.23804
        ],
        [
          39.712482,
          -9.156456,
          79.810905
        ],
        [
          39.70193,
          -9.159129,
          82.852806
        ],
        [
          39.6861,
          -9.145762,
          71.864395
        ],
        [
          39.68874,
          -9.121703,
          48.4399
        ],
        [
          39.649166,
          -9.124376,
          68.827995
        ],
        [
          39.638615,
          -9.148436,
          121.538536
        ],
        [
          39.625423,
          -9.164475,
          135.40211
        ],
        [
          39.61487,
          -9.145762,
          109.82143
        ],
        [
          39.593765,
          -9.148436,
          74.439545
        ],
        [
          39.58849,
          -9.16715,
          69.66155
        ],
        [
          39.564743,
          -9.175169,
          46.555256
        ],
        [
          39.562107,
          -9.188536,
          51.973026
        ],
        [
          39.57266,
          -9.185862,
          58.470993
        ],
        [
          39.58321,
          -9.191209,
          69.19303
        ],
        [
          39.58849,
          -9.204575,
          80.75687
        ],
        [
          39.577934,
          -9.209921,
          75.271065
        ],
        [
          39.57002,
          -9.199228,
          63.923065
        ],
        [
          39.559467,
          -9.204575,
          60.4724
        ],
        [
          39.55155,
          -9.196555,
          49.767765
        ],
        [
          39.53836,
          -9.201901,
          45.435852
        ],
        [
          39.57002,
          -9.220614,
          77.063354
        ],
        [
          39.577934,
          -9.231307,
          86.75405
        ],
        [
          39.567383,
          -9.23398,
          82.9697
        ],
        [
          39.548916,
          -9.258039,
          85.47472
        ],
        [
          39.57266,
          -9.274079,
          103.45829
        ],
        [
          39.562107,
          -9.274079,
          99.45663
        ],
        [
          39.548916,
          -9.279426,
          94.61061
        ],
        [
          39.533085,
          -9.276752,
          82.07468
        ],
        [
          39.548916,
          -9.295465,
          100.4495
        ],
        [
          39.55419,
          -9.306158,
          107.684074
        ],
        [
          39.55419,
          -9.319525,
          111.55036
        ],
        [
          39.546276,
          -9.327544,
          109.266335
        ],
        [
          39.541,
          -9.343584,
          112.74173
        ],
        [
          39.533085,
          -9.335565,
          104.55076
        ],
        [
          39.53836,
          -9.316852,
          101.03852
        ],
        [
          39.533085,
          -9.306158,
          93.991325
        ],
        [
          39.562107,
          -9.298139,
          108.001396
        ],
        [
          39.570984,
          -9.293643,
          110.0299
        ]
      ]
