{
  "routes": [
    {
      "route_id": 1,
      "length_km": 35.173,
      "minimum_depth_m": 51.83116,
      "mission_duration_h": 10,
      "mission_duration_m": 7,
      "waypoints": [
        [
          39.57266,
          -9.292792,
          110.0299
        ],
        [
          39.57266,
          -9.271406,
          102.390076
        ],
        [
          39.5753,
          -9.252693,
          96.040825
        ],
        [
          39.580574,
          -9.23398,
          89.39218
        ],
        [
          39.577934,
          -9.215268,
          78.28218
        ],
        [
          39.58321,
          -9.201901,
          74.47029
        ],
        [
          39.593765,
          -9.191209,
          82.24967
        ],
        [
          39.604317,
          -9.191209,
          95.30632
        ],
        [
          39.620148,
          -9.172496,
          128.73962
        ],
        [
          39.6307,
          -9.164475,
          143.2883
        ],
        [
          39.622784,
          -9.156456,
          123.2152
        ],
        [
          39.612232,
          -9.156456,
          112.829834
        ],
        [
          39.606956,
          -9.145762,
          101.51169
        ],
        [
          39.58321,
          -9.148436,
          52.257496
        ],
        [
          39.577934,
          -9.175169,
          57.50154
        ],
        [
          39.577934,
          -9.188536,
          63.725464
        ],
        [
          39.567383,
          -9.191209,
          57.319702
        ],
        [
          39.567383,
          -9.209921,
          68.9006
        ],
        [
          39.559467,
          -9.217941,
          69.59827
        ],
        [
          39.564743,
          -9.228634,
          78.74031
        ],
        [
          39.564743,
          -9.252693,
          91.52765
        ],
        [
          39.559467,
          -9.263387,
          93.86364
        ],
        [
          39.571754,
          -9.290779,
          110.0299
        ]
      ]
    }
  ]
}