{
  "routes": [
    {
      "route_id": 1,
      "length_km": 36.38,
      "minimum_depth_m": 110.0299,
      "mission_duration_h": 10,
      "mission_duration_m": 26,
      "waypoints": [
        [
          39.57266,
          -9.292792,
          110.0299
        ],
        [
          39.58585,
          -9.308832,
          134.1046
        ],
        [
          39.591125,
          -9.319525,
          175.7767
        ],
        [
          39.593765,
          -9.343584,
          252.88681
        ],
        [
          39.593765,
          -9.367643,
          337.3342
        ],
        [
          39.604317,
          -9.375663,
          488.5743
        ],
        [
          39.606956,
          -9.391703,
          597.2981
        ],
        [
          39.617508,
          -9.391703,
          635.757
        ],
        [
          39.620148,
          -9.405069,
          657.1499
        ],
        [
          39.609592,
          -9.410416,
          699.5094
        ],
        [
          39.5964,
          -9.413089,
          652.0732
        ],
        [
          39.60168,
          -9.423781,
          665.32513
        ],
        [
          39.591125,
          -9.429129,
          655.16656
        ],
        [
          39.57266,
          -9.429129,
          623.05884
        ],
        [
          39.562107,
          -9.423781,
          541.31256
        ],
        [
          39.546276,
          -9.421108,
          392.85455
        ],
        [
          39.55155,
          -9.410416,
          362.61966
        ],
        [
          39.548916,
          -9.397049,
          250.8127
        ],
        [
          39.55683,
          -9.3890295,
          222.4427
        ],
        [
          39.57266,
          -9.386356,
          269.52045
        ],
        [
          39.58585,
          -9.359624,
          218.30157
        ],
        [
          39.573105,
          -9.295049,
          110.0299
        ]
      ]
    }
  ]
}