{
  "routes": [
    {
      "route_id": 1,
      "length_km": 75.435,
      "minimum_depth_m": 110.0299,
      "mission_duration_h": 21,
      "mission_duration_m": 46,
      "waypoints": [
        [
          39.57266,
          -9.292792,
          110.0299
        ],
        [
          39.617508,
          -9.327544,
          328.42236
        ],
        [
          39.63334,
          -9.343584,
          437.07428
        ],
        [
          39.64389,
          -9.34893,
          417.84186
        ],
        [
          39.646526,
          -9.335565,
          341.27417
        ],
        [
          39.65708,
          -9.327544,
          252.64375
        ],
        [
          39.670273,
          -9.330218,
          180.10442
        ],
        [
          39.667633,
          -9.343584,
          199.67592
        ],
        [
          39.65708,
          -9.3516035,
          301.48627
        ],
        [
          39.65444,
          -9.378337,
          414.80447
        ],
        [
          39.646526,
          -9.386356,
          544.83875
        ],
        [
          39.65444,
          -9.397049,
          428.9583
        ],
        [
          39.659718,
          -9.410416,
          337.05524
        ],
        [
          39.651806,
          -9.421108,
          390.96692
        ],
        [
          39.646526,
          -9.4077425,
          501.60507
        ],
        [
          39.638615,
          -9.399722,
          621.2001
        ],
        [
          39.62806,
          -9.405069,
          637.5124
        ],
        [
          39.63334,
          -9.415762,
          604.6252
        ],
        [
          39.62806,
          -9.4264555,
          551.3527
        ],
        [
          39.620148,
          -9.418435,
          654.67725
        ],
        [
          39.612232,
          -9.4264555,
          645.3071
        ],
        [
          39.5964,
          -9.421108,
          664.26105
        ],
        [
          39.604317,
          -9.413089,
          687.056
        ],
        [
          39.5964,
          -9.405069,
          592.33466
        ],
        [
          39.58585,
          -9.402396,
          496.83615
        ],
        [
          39.577934,
          -9.410416,
          532.7284
        ],
        [
          39.58585,
          -9.421108,
          643.8185
        ],
        [
          39.57266,
          -9.423781,
          595.3587
        ],
        [
          39.559467,
          -9.415762,
          463.41748
        ],
        [
          39.546276,
          -9.421108,
          392.85455
        ],
        [
          39.548916,
          -9.4077425,
          323.49338
        ],
        [
          39.562107,
          -9.3890295,
          243.56252
        ],
        [
          39.567383,
          -9.399722,
          365.7357
        ],
        [
          39.577934,
          -9.394376,
          363.37357
        ],
        [
          39.58585,
          -9.386356,
          343.3637
        ],
        [
          39.57002,
          -9.38101,
          239.13902
        ],
        [
          39.591125,
          -9.3703165,
          322.6421
        ],
        [
          39.60168,
          -9.3703165,
          433.6975
        ],
        [
          39.606956,
          -9.38101,
          543.9358
        ],
        [
          39.59904,
          -9.3890295,
          500.79843
        ],
        [
          39.609592,
          -9.394376,
          634.2985
        ],
        [
          39.617508,
          -9.405069,
          663.69574
        ],
        [
          39.622784,
          -9.394376,
          642.30194
        ],
        [
          39.6307,
          -9.386356,
          642.58185
        ],
        [
          39.6307,
          -9.37299,
          576.2501
        ],
        [
          39.617508,
          -9.378337,
          578.4554
        ],
        [
          39.622784,
          -9.36497,
          520.7709
        ],
        [
          39.61487,
          -9.356951,
          464.26038
        ],
        [
          39.604317,
          -9.332891,
          292.68347
        ],
        [
          39.593765,
          -9.330218,
          215.11285
        ],
        [
          39.57372,
          -9.294673,
          110.0299
        ]
      ]
    }
  ]
}