{
  "routes": [
    {
      "route_id": 1,
      "length_km": 37.473,
      "minimum_depth_m": 103.39874,
      "mission_duration_h": 10,
      "mission_duration_m": 49,
      "waypoints": [
        [
          39.57266,
          -9.292792,
          110.0299
        ],
        [
          39.57266,
          -9.303485,
          113.68994
        ],
        [
          39.593765,
          -9.308832,
          162.8233
        ],
        [
          39.591125,
          -9.322198,
          181.4083
        ],
        [
          39.58321,
          -9.332891,
          150.93631
        ],
        [
          39.580574,
          -9.346257,
          161.71019
        ],
        [
          39.591125,
          -9.3516035,
          251.93217
        ],
        [
          39.604317,
          -9.3516035,
          373.24387
        ],
        [
          39.62806,
          -9.335565,
          386.06754
        ],
        [
          39.638615,
          -9.343584,
          441.77786
        ],
        [
          39.65444,
          -9.324871,
          271.77182
        ],
        [
          39.664997,
          -9.316852,
          211.35274
        ],
        [
          39.67555,
          -9.316852,
          183.14075
        ],
        [
          39.67819,
          -9.303485,
          188.74629
        ],
        [
          39.667633,
          -9.295465,
          244.90434
        ],
        [
          39.65708,
          -9.290119,
          290.82355
        ],
        [
          39.649166,
          -9.298139,
          305.7396
        ],
        [
          39.64125,
          -9.274079,
          321.29004
        ],
        [
          39.63334,
          -9.282099,
          304.23013
        ],
        [
          39.622784,
          -9.290119,
          249.71889
        ],
        [
          39.620148,
          -9.276752,
          212.71008
        ],
        [
          39.609592,
          -9.279426,
          152.38982
        ],
        [
          39.59904,
          -9.279426,
          135.56474
        ],
        [
          39.593765,
          -9.268733,
          119.0015
        ],
        [
          39.580574,
          -9.26606,
          103.39874
        ],
        [
          39.57002,
          -9.290119,
          108.14328
        ],
        [
          39.571243,
          -9.291357,
          110.0299
        ]
      ]
    }
  ]
}