{
  "routes": [
    {
      "route_id": 1,
      "length_km": 37.352,
      "minimum_depth_m": 108.14328,
      "mission_duration_h": 10,
      "mission_duration_m": 47,
      "waypoints": [
        [
          39.57266,
          -9.292792,
          110.0299
        ],
        [
          39.58321,
          -9.290119,
          114.44795
        ],
        [
          39.580574,
          -9.306158,
          118.321785
        ],
        [
          39.58849,
          -9.314178,
          153.13142
        ],
        [
          39.59904,
          -9.340911,
          286.16345
        ],
        [
          39.606956,
          -9.36497,
          461.86996
        ],
        [
          39.609592,
          -9.378337,
          558.38556
        ],
        [
          39.620148,
          -9.383683,
          610.4315
        ],
        [
          39.62806,
          -9.391703,
          644.6958
        ],
        [
          39.635975,
          -9.383683,
          638.75745
        ],
        [
          39.646526,
          -9.383683,
          533.7988
        ],
        [
          39.65444,
          -9.375663,
          405.64377
        ],
        [
          39.664997,
          -9.375663,
          278.9302
        ],
        [
          39.67291,
          -9.36497,
          220.26457
        ],
        [
          39.662357,
          -9.3516035,
          250.47917
        ],
        [
          39.65444,
          -9.343584,
          302.99677
        ],
        [
          39.64389,
          -9.343584,
          395.51752
        ],
        [
          39.62806,
          -9.335565,
          386.06754
        ],
        [
          39.612232,
          -9.335565,
          350.42966
        ],
        [
          39.609592,
          -9.3516035,
          421.76855
        ],
        [
          39.5964,
          -9.356951,
          317.86502
        ],
        [
          39.58321,
          -9.354278,
          183.175
        ],
        [
          39.57266,
          -9.356951,
          161.5963
        ],
        [
          39.57266,
          -9.343584,
          146.92087
        ],
        [
          39.5753,
          -9.330218,
          135.729
        ],
        [
          39.57002,
          -9.290119,
          108.14328
        ],
        [
          39.571243,
          -9.291357,
          110.0299
        ]
      ]
    }
  ]
}