{
  "routes": [
    {
      "route_id": 1,
      "length_km": 75.449,
      "minimum_depth_m": 41.385548,
      "mission_duration_h": 21,
      "mission_duration_m": 39,
      "waypoints": [
        [
          39.57266,
          -9.292792,
          110.0299
        ],
        [
          39.55419,
          -9.287446,
          101.227905
        ],
        [
          39.541,
          -9.290119,
          93.01467
        ],
        [
          39.533085,
          -9.279426,
          83.16753
        ],
        [
          39.54364,
          -9.276752,
          89.77215
        ],
        [
          39.55155,
          -9.268733,
          92.035355
        ],
        [
          39.55683,
          -9.242001,
          82.46295
        ],
        [
          39.55683,
          -9.204575,
          58.788467
        ],
        [
          39.541,
          -9.209921,
          52.742844
        ],
        [
          39.541,
          -9.193882,
          41.385548
        ],
        [
          39.55155,
          -9.193882,
          47.862865
        ],
        [
          39.55683,
          -9.183188,
          44.82832
        ],
        [
          39.57266,
          -9.177842,
          54.46002
        ],
        [
          39.58849,
          -9.177842,
          72.3548
        ],
        [
          39.5964,
          -9.169823,
          85.28307
        ],
        [
          39.58849,
          -9.161802,
          67.941635
        ],
        [
          39.577934,
          -9.159129,
          50.37584
        ],
        [
          39.577934,
          -9.140416,
          42.614483
        ],
        [
          39.59904,
          -9.140416,
          83.2259
        ],
        [
          39.612232,
          -9.135069,
          101.33629
        ],
        [
          39.612232,
          -9.121703,
          79.43381
        ],
        [
          39.625423,
          -9.129723,
          90.56273
        ],
        [
          39.64125,
          -9.124376,
          77.034904
        ],
        [
          39.64389,
          -9.145762,
          110.28892
        ],
        [
          39.63334,
          -9.143089,
          110.88253
        ],
        [
          39.622784,
          -9.148436,
          114.97138
        ],
        [
          39.59904,
          -9.156456,
          87.83525
        ],
        [
          39.606956,
          -9.16715,
          106.044464
        ],
        [
          39.649166,
          -9.164475,
          148.47226
        ],
        [
          39.64389,
          -9.177842,
          169.31062
        ],
        [
          39.649166,
          -9.193882,
          200.01852
        ],
        [
          39.638615,
          -9.193882,
          179.11278
        ],
        [
          39.63334,
          -9.177842,
          156.22134
        ],
        [
          39.60168,
          -9.183188,
          93.24455
        ],
        [
          39.606956,
          -9.193882,
          97.81451
        ],
        [
          39.58585,
          -9.191209,
          72.45719
        ],
        [
          39.564743,
          -9.196555,
          58.638706
        ],
        [
          39.57002,
          -9.209921,
          70.49321
        ],
        [
          39.58321,
          -9.209921,
          78.62023
        ],
        [
          39.577934,
          -9.220614,
          81.2933
        ],
        [
          39.567383,
          -9.223288,
          77.17496
        ],
        [
          39.5753,
          -9.25002,
          94.98859
        ],
        [
          39.564743,
          -9.252693,
          91.52765
        ],
        [
          39.572212,
          -9.290537,
          110.0299
        ]
      ]
    }
  ]
}