{
  "routes": [
    {
      "route_id": 1,
      "length_km": 38.928,
      "minimum_depth_m": 98.74258,
      "mission_duration_h": 10,
      "mission_duration_m": 55,
      "waypoints": [
        [
          39.57266,
          -9.292792,
          110.0299
        ],
        [
          39.57266,
          -9.290119,
          109.11489
        ],
        [
          39.61487,
          -9.26606,
          163.9713
        ],
        [
          39.646526,
          -9.247347,
          294.20776
        ],
        [
          39.68874,
          -9.220614,
          221.34663
        ],
        [
          39.562107,
          -9.298139,
          108.001396
        ],
        [
          39.54364,
          -9.314178,
          103.422966
        ],
        [
          39.533085,
          -9.322198,
          99.69283
        ],
        [
          39.5711,
          -9.293953,
          110.0299
        ]
      ]
    }
  ]
}