{
  "routes": [
    {
      "route_id": 1,
      "length_km": 37.169,
      "minimum_depth_m": 94.61061,
      "mission_duration_h": 10,
      "mission_duration_m": 42,
      "waypoints": [
        [
          39.57266,
          -9.292792,
          110.0299
        ],
        [
          39.580574,
          -9.284773,
          110.21365
        ],
        [
          39.60168,
          -9.279426,
          139.77101
        ],
        [
          39.61487,
          -9.271406,
          171.21594
        ],
        [
          39.62806,
          -9.279426,
          267.637
        ],
        [
          39.6307,
          -9.292792,
          300.03168
        ],
        [
          39.64125,
          -9.287446,
          330.8867
        ],
        [
          39.646526,
          -9.276752,
          322.45038
        ],
        [
          39.64125,
          -9.26606,
          306.48956
        ],
        [
          39.6307,
          -9.263387,
          253.21231
        ],
        [
          39.62806,
          -9.25002,
          211.38583
        ],
        [
          39.638615,
          -9.244674,
          253.7664
        ],
        [
          39.6307,
          -9.236654,
          200.1455
        ],
        [
          39.620148,
          -9.228634,
          143.55235
        ],
        [
          39.606956,
          -9.236654,
          107.169945
        ],
        [
          39.609592,
          -9.25002,
          117.39076
        ],
        [
          39.59904,
          -9.263387,
          121.00683
        ],
        [
          39.562107,
          -9.263387,
          94.92799
        ],
        [
          39.562107,
          -9.279426,
          101.53118
        ],
        [
          39.55683,
          -9.290119,
          103.285225
        ],
        [
          39.548916,
          -9.279426,
          94.61061
        ],
        [
          39.54364,
          -9.290119,
          94.84418
        ],
        [
          39.564743,
          -9.316852,
          117.82048
        ],
        [
          39.567383,
          -9.290119,
          107.17167
        ],
        [
          39.57098,
          -9.291942,
          110.0299
        ]
      ]
    }
  ]
}