{
  "routes": [
    {
      "route_id": 1,
      "length_km": 17.633,
      "minimum_depth_m": 88.52896,
      "mission_duration_h": 5,
      "mission_duration_m": 6,
      "waypoints": [
        [
          39.57266,
          -9.292792,
          110.0299
        ],
        [
          39.5753,
          -9.282099,
          107.34845
        ],
        [
          39.564743,
          -9.279426,
          102.51209
        ],
        [
          39.5753,
          -9.268733,
          102.35424
        ],
        [
          39.5753,
          -9.252693,
          96.040825
        ],
        [
          39.57002,
          -9.242001,
          88.52896
        ],
        [
          39.562107,
          -9.25002,
          89.267204
        ],
        [
          39.55419,
          -9.276752,
          97.46962
        ],
        [
          39.54364,
          -9.276752,
          89.77215
        ],
        [
          39.541,
          -9.292792,
          94.046074
        ],
        [
          39.548916,
          -9.300812,
          102.3958
        ],
        [
          39.55419,
          -9.290119,
          102.162224
        ],
        [
          39.559467,
          -9.303485,
          108.89005
        ],
        [
          39.57266,
          -9.295465,
          110.94491
        ],
        [
          39.57266,
          -9.295119,
          110.0299
        ]
      ]
    }
  ]
}