{
  "routes": [
    {
      "route_id": 1,
      "length_km": 38.884,
      "minimum_depth_m": 100.13252,
      "mission_duration_h": 11,
      "mission_duration_m": 3,
      "waypoints": [
        [
          39.57266,
          -9.292792,
          110.0299
        ],
        [
          39.548916,
          -9.308832,
          105.07839
        ],
        [
          39.53836,
          -9.316852,
          101.03852
        ],
        [
          39.55155,
          -9.324871,
          111.54015
        ],
        [
          39.567383,
          -9.311505,
          116.3244
        ],
        [
          39.580574,
          -9.308832,
          120.84726
        ],
        [
          39.625423,
          -9.274079,
          242.01924
        ],
        [
          39.64125,
          -9.271406,
          316.35654
        ],
        [
          39.651806,
          -9.258039,
          319.88486
        ],
        [
          39.65444,
          -9.242001,
          319.40402
        ],
        [
          39.67555,
          -9.228634,
          298.60013
        ],
        [
          39.6861,
          -9.220614,
          235.0636
        ],
        [
          39.667633,
          -9.220614,
          331.08237
        ],
        [
          39.646526,
          -9.23398,
          267.51874
        ],
        [
          39.64389,
          -9.247347,
          282.76266
        ],
        [
          39.609592,
          -9.268733,
          138.35881
        ],
        [
          39.57427,
          -9.291744,
          110.0299
        ]
      ]
    }
  ]
}