{
  "routes": [
    {
      "route_id": 1,
      "length_km": 36.82,
      "minimum_depth_m": 110.0299,
      "mission_duration_h": 10,
      "mission_duration_m": 32,
      "waypoints": [
        [
          39.57266,
          -9.292792,
          110.0299
        ],
        [
          39.57002,
          -9.314178,
          119.54447
        ],
        [
          39.58849,
          -9.354278,
          233.56938
        ],
        [
          39.591125,
          -9.3703165,
          322.6421
        ],
        [
          39.604317,
          -9.375663,
          488.5743
        ],
        [
          39.58849,
          -9.391703,
          414.3748
        ],
        [
          39.59904,
          -9.397049,
          555.11035
        ],
        [
          39.609592,
          -9.397049,
          645.167
        ],
        [
          39.609592,
          -9.410416,
          699.5094
        ],
        [
          39.59904,
          -9.423781,
          662.5977
        ],
        [
          39.6307,
          -9.4264555,
          535.69366
        ],
        [
          39.635975,
          -9.415762,
          591.05493
        ],
        [
          39.646526,
          -9.413089,
          487.87756
        ],
        [
          39.64125,
          -9.402396,
          580.603
        ],
        [
          39.6307,
          -9.402396,
          634.15936
        ],
        [
          39.63334,
          -9.386356,
          647.2306
        ],
        [
          39.622784,
          -9.383683,
          615.1525
        ],
        [
          39.617508,
          -9.367643,
          523.945
        ],
        [
          39.606956,
          -9.362297,
          448.19232
        ],
        [
          39.5753,
          -9.295465,
          111.911865
        ],
        [
          39.574078,
          -9.294229,
          110.0299
        ]
      ]
    }
  ]
}