{
  "routes": [
    {
      "route_id": 1,
      "length_km": 37.347,
      "minimum_depth_m": 40.2953,
      "mission_duration_h": 10,
      "mission_duration_m": 44,
      "waypoints": [
        [
          39.57266,
          -9.292792,
          110.0299
        ],
        [
          39.580574,
          -9.295465,
          113.84578
        ],
        [
          39.591125,
          -9.290119,
          132.11838
        ],
        [
          39.58585,
          -9.276752,
          113.098976
        ],
        [
          39.562107,
          -9.268733,
          97.192314
        ],
        [
          39.57002,
          -9.258039,
          95.952644
        ],
        [
          39.57002,
          -9.244674,
          89.95389
        ],
        [
          39.58849,
          -9.217941,
          86.165245
        ],
        [
          39.58321,
          -9.207248,
          77.236916
        ],
        [
          39.58849,
          -9.188536,
          75.04804
        ],
        [
          39.580574,
          -9.180515,
          62.08816
        ],
        [
          39.562107,
          -9.199228,
          58.597305
        ],
        [
          39.55155,
          -9.196555,
          49.767765
        ],
        [
          39.54364,
          -9.204575,
          50.588425
        ],
        [
          39.533085,
          -9.199228,
          40.2953
        ],
        [
          39.53836,
          -9.215268,
          54.885246
        ],
        [
          39.55419,
          -9.215268,
          64.74543
        ],
        [
          39.564743,
          -9.212595,
          69.04183
        ],
        [
          39.5753,
          -9.215268,
          76.78088
        ],
        [
          39.55683,
          -9.23398,
          77.831726
        ],
        [
          39.559467,
          -9.247347,
          86.71611
        ],
        [
          39.546276,
          -9.274079,
          90.53901
        ],
        [
          39.55683,
          -9.279426,
          99.56934
        ],
        [
          39.57115,
          -9.291518,
          110.0299
        ]
      ]
    }
  ]
}