{
  "routes": [
    {
      "route_id": 1,
      "length_km": 151.801,
      "minimum_depth_m": 110.0299,
      "mission_duration_h": 43,
      "mission_duration_m": 56,
      "waypoints": [
        [
          39.57266,
          -9.292792,
          110.0299
        ],
        [
          39.580574,
          -9.300812,
          115.66184
        ],
        [
          39.5753,
          -9.316852,
          124.88929
        ],
        [
          39.580574,
          -9.327544,
          138.52559
        ],
        [
          39.591125,
          -9.330218,
          198.30302
        ],
        [
          39.59904,
          -9.340911,
          286.16345
        ],
        [
          39.609592,
          -9.340911,
          368.25522
        ],
        [
          39.620148,
          -9.343584,
          408.32727
        ],
        [
          39.62806,
          -9.359624,
          504.5913
        ],
        [
          39.63334,
          -9.346257,
          450.11676
        ],
        [
          39.63334,
          -9.332891,
          384.90436
        ],
        [
          39.64389,
          -9.327544,
          345.13214
        ],
        [
          39.65444,
          -9.335565,
          279.0037
        ],
        [
          39.662357,
          -9.327544,
          215.64839
        ],
        [
          39.67291,
          -9.327544,
          178.31
        ],
        [
          39.67291,
          -9.314178,
          192.31898
        ],
        [
          39.68874,
          -9.316852,
          151.25851
        ],
        [
          39.69929,
          -9.311505,
          137.76878
        ],
        [
          39.707207,
          -9.322198,
          135.78223
        ],
        [
          39.715122,
          -9.311505,
          132.5458
        ],
        [
          39.720398,
          -9.324871,
          132.419
        ],
        [
          39.707207,
          -9.343584,
          139.44333
        ],
        [
          39.694016,
          -9.335565,
          140.64998
        ],
        [
          39.683464,
          -9.332891,
          156.23415
        ],
        [
          39.67291,
          -9.340911,
          184.65167
        ],
        [
          39.649166,
          -9.346257,
          358.83707
        ],
        [
          39.64389,
          -9.356951,
          451.3284
        ],
        [
          39.659718,
          -9.375663,
          342.287
        ],
        [
          39.667633,
          -9.367643,
          243.70435
        ],
        [
          39.659718,
          -9.359624,
          295.22906
        ],
        [
          39.683464,
          -9.34893,
          170.4337
        ],
        [
          39.680824,
          -9.36497,
          194.24873
        ],
        [
          39.691376,
          -9.367643,
          160.8767
        ],
        [
          39.696655,
          -9.356951,
          148.06601
        ],
        [
          39.720398,
          -9.354278,
          136.59085
        ],
        [
          39.720398,
          -9.367643,
          138.44261
        ],
        [
          39.712482,
          -9.375663,
          144.33185
        ],
        [
          39.70193,
          -9.37299,
          150.08556
        ],
        [
          39.69929,
          -9.386356,
          155.47284
        ],
        [
          39.68874,
          -9.38101,
          179.3141
        ],
        [
          39.67819,
          -9.378337,
          222.77757
        ],
        [
          39.670273,
          -9.386356,
          273.4546
        ],
        [
          39.680824,
          -9.391703,
          221.12317
        ],
        [
          39.6861,
          -9.405069,
          188.42197
        ],
        [
          39.709846,
          -9.397049,
          148.48808
        ],
        [
          39.720398,
          -9.399722,
          142.16122
        ],
        [
          39.715122,
          -9.4264555,
          147.05429
        ],
        [
          39.70193,
          -9.415762,
          151.96474
        ],
        [
          39.691376,
          -9.415762,
          163.61137
        ],
        [
          39.696655,
          -9.429129,
          154.02066
        ],
        [
          39.67555,
          -9.429129,
          199.76251
        ],
        [
          39.667633,
          -9.421108,
          237.55124
        ],
        [
          39.67819,
          -9.415762,
          211.36887
        ],
        [
          39.667633,
          -9.405069,
          265.33713
        ],
        [
          39.65708,
          -9.402396,
          384.79163
        ],
        [
          39.649166,
          -9.394376,
          502.19058
        ],
        [
          39.659718,
          -9.3890295,
          377.32495
        ],
        [
          39.646526,
          -9.38101,
          522.75885
        ],
        [
          39.635975,
          -9.378337,
          612.51373
        ],
        [
          39.622784,
          -9.383683,
          615.1525
        ],
        [
          39.617508,
          -9.37299,
          551.2002
        ],
        [
          39.609592,
          -9.38101,
          572.1843
        ],
        [
          39.604317,
          -9.394376,
          585.65247
        ],
        [
          39.61487,
          -9.391703,
          633.5223
        ],
        [
          39.62806,
          -9.397049,
          641.82245
        ],
        [
          39.620148,
          -9.405069,
          657.1499
        ],
        [
          39.625423,
          -9.415762,
          645.33594
        ],
        [
          39.646526,
          -9.4077425,
          501.60507
        ],
        [
          39.65444,
          -9.421108,
          363.10208
        ],
        [
          39.64389,
          -9.429129,
          417.91507
        ],
        [
          39.63334,
          -9.423781,
          541.3603
        ],
        [
          39.622784,
          -9.429129,
          563.3798
        ],
        [
          39.609592,
          -9.4264555,
          657.2007
        ],
        [
          39.612232,
          -9.413089,
          704.0873
        ],
        [
          39.60168,
          -9.418435,
          683.6396
        ],
        [
          39.591125,
          -9.421108,
          654.0398
        ],
        [
          39.5964,
          -9.4077425,
          612.2475
        ],
        [
          39.57266,
          -9.410416,
          499.7587
        ],
        [
          39.57266,
          -9.4264555,
          609.20874
        ],
        [
          39.55683,
          -9.423781,
          514.2895
        ],
        [
          39.562107,
          -9.413089,
          457.60144
        ],
        [
          39.55419,
          -9.405069,
          340.7648
        ],
        [
          39.541,
          -9.4264555,
          372.0004
        ],
        [
          39.535725,
          -9.413089,
          246.96478
        ],
        [
          39.53836,
          -9.399722,
          211.04091
        ],
        [
          39.546276,
          -9.3890295,
          188.28735
        ],
        [
          39.533085,
          -9.383683,
          140.3331
        ],
        [
          39.535725,
          -9.3703165,
          129.34296
        ],
        [
          39.548916,
          -9.37299,
          155.22884
        ],
        [
          39.548916,
          -9.359624,
          125.744064
        ],
        [
          39.559467,
          -9.362297,
          145.7861
        ],
        [
          39.57002,
          -9.359624,
          159.47389
        ],
        [
          39.580574,
          -9.367643,
          214.0574
        ],
        [
          39.5753,
          -9.378337,
          245.89514
        ],
        [
          39.562107,
          -9.375663,
          194.79425
        ],
