{
  "routes": [
    {
      "route_id": 1,
      "length_km": 38.455,
      "minimum_depth_m": 109.11489,
      "mission_duration_h": 11,
      "mission_duration_m": 8,
      "waypoints": [
        [
          39.57266,
          -9.292792,
          110.0299
        ],
        [
          39.5753,
          -9.295465,
          111.911865
        ],
        [
          39.57002,
          -9.306158,
          114.11325
        ],
        [
          39.580574,
          -9.308832,
          120.84726
        ],
        [
          39.567383,
          -9.327544,
          126.11424
        ],
        [
          39.57266,
          -9.338238,
          141.05069
        ],
        [
          39.58321,
          -9.343584,
          167.05566
        ],
        [
          39.5964,
          -9.343584,
          274.3446
        ],
        [
          39.604317,
          -9.335565,
          304.19208
        ],
        [
          39.606956,
          -9.316852,
          243.86565
        ],
        [
          39.617508,
          -9.311505,
          268.36734
        ],
        [
          39.6307,
          -9.292792,
          300.03168
        ],
        [
          39.64125,
          -9.287446,
          330.8867
        ],
        [
          39.649166,
          -9.279426,
          318.93823
        ],
        [
          39.659718,
          -9.276752,
          313.0175
        ],
        [
          39.65708,
          -9.263387,
          328.53168
        ],
        [
          39.667633,
          -9.263387,
          332.2012
        ],
        [
          39.667633,
          -9.25002,
          365.75806
        ],
        [
          39.65708,
          -9.239327,
          327.04785
        ],
        [
          39.651806,
          -9.25002,
          320.4024
        ],
        [
          39.64125,
          -9.244674,
          265.4676
        ],
        [
          39.62806,
          -9.25002,
          211.38583
        ],
        [
          39.622784,
          -9.260714,
          202.16982
        ],
        [
          39.63334,
          -9.26606,
          274.6184
        ],
        [
          39.63334,
          -9.279426,
          301.41748
        ],
        [
          39.622784,
          -9.282099,
          237.82213
        ],
        [
          39.617508,
          -9.292792,
          222.78633
        ],
        [
          39.606956,
          -9.295465,
          177.09703
        ],
        [
          39.58321,
          -9.284773,
          112.38755
        ],
        [
          39.57421,
          -9.291613,
          110.0299
        ]
      ]
    }
  ]
}