{
  "routes": [
    {
      "route_id": 1,
      "length_km": 76.404,
      "minimum_depth_m": 99.34087,
      "mission_duration_h": 21,
      "mission_duration_m": 55,
      "waypoints": [
        [
          39.57266,
          -9.292792,
          110.0299
        ],
        [
          39.58849,
          -9.314178,
          153.13142
        ],
        [
          39.604317,
          -9.335565,
          304.19208
        ],
        [
          39.612232,
          -9.34893,
          418.17865
        ],
        [
          39.622784,
          -9.354278,
          467.2612
        ],
        [
          39.617508,
          -9.36497,
          510.31744
        ],
        [
          39.606956,
          -9.3703165,
          489.22522
        ],
        [
          39.593765,
          -9.37299,
          363.47772
        ],
        [
          39.58321,
          -9.38101,
          289.6987
        ],
        [
          39.57266,
          -9.378337,
          237.41592
        ],
        [
          39.567383,
          -9.3890295,
          264.68234
        ],
        [
          39.577934,
          -9.391703,
          335.14777
        ],
        [
          39.58849,
          -9.399722,
          490.39313
        ],
        [
          39.580574,
          -9.4077425,
          520.24677
        ],
        [
          39.580574,
          -9.421108,
          626.59595
        ],
        [
          39.591125,
          -9.415762,
          652.28186
        ],
        [
          39.59904,
          -9.423781,
          662.5977
        ],
        [
          39.612232,
          -9.423781,
          662.56366
        ],
        [
          39.622784,
          -9.418435,
          640.5441
        ],
        [
          39.620148,
          -9.405069,
          657.1499
        ],
        [
          39.612232,
          -9.397049,
          649.48755
        ],
        [
          39.5964,
          -9.391703,
          492.7705
        ],
        [
          39.604317,
          -9.383683,
          529.24365
        ],
        [
          39.61487,
          -9.383683,
          600.98956
        ],
        [
          39.625423,
          -9.3890295,
          642.14166
        ],
        [
          39.635975,
          -9.383683,
          638.75745
        ],
        [
          39.64125,
          -9.37299,
          551.7429
        ],
        [
          39.6307,
          -9.346257,
          444.43076
        ],
        [
          39.646526,
          -9.340911,
          362.01627
        ],
        [
          39.667633,
          -9.343584,
          199.67592
        ],
        [
          39.67819,
          -9.340911,
          173.9928
        ],
        [
          39.680824,
          -9.327544,
          163.45323
        ],
        [
          39.68874,
          -9.303485,
          155.65611
        ],
        [
          39.709846,
          -9.298139,
          135.31493
        ],
        [
          39.715122,
          -9.287446,
          133.31105
        ],
        [
          39.70193,
          -9.247347,
          176.13254
        ],
        [
          39.694016,
          -9.236654,
          196.13235
        ],
        [
          39.664997,
          -9.212595,
          305.13397
        ],
        [
          39.667633,
          -9.25002,
          365.75806
        ],
        [
          39.65708,
          -9.247347,
          339.98816
        ],
        [
          39.651806,
          -9.258039,
          319.88486
        ],
        [
          39.64125,
          -9.252693,
          281.8221
        ],
        [
          39.564743,
          -9.271406,
          99.34087
        ],
        [
          39.57188,
          -9.290692,
          110.0299
        ]
      ]
    }
  ]
}