{
  "routes": [
    {
      "route_id": 1,
      "length_km": 19.224,
      "minimum_depth_m": 92.799286,
      "mission_duration_h": 5,
      "mission_duration_m": 34,
      "waypoints": [
        [
          39.57266,
          -9.292792,
          110.0299
        ],
        [
          39.580574,
          -9.284773,
          110.21365
        ],
        [
          39.591125,
          -9.282099,
          125.23905
        ],
        [
          39.604317,
          -9.290119,
          161.56906
        ],
        [
          39.609592,
          -9.279426,
          152.38982
        ],
        [
          39.604317,
          -9.268733,
          131.90637
        ],
        [
          39.593765,
          -9.268733,
          119.0015
        ],
        [
          39.577934,
          -9.263387,
          101.31412
        ],
        [
          39.57266,
          -9.274079,
          103.45829
        ],
        [
          39.562107,
          -9.274079,
          99.45663
        ],
        [
          39.55683,
          -9.263387,
          92.799286
        ],
        [
          39.546276,
          -9.284773,
          94.68856
        ],
        [
          39.546276,
          -9.300812,
          100.64395
        ],
        [
          39.55419,
          -9.292792,
          103.096535
        ],
        [
          39.564743,
          -9.290119,
          106.20006
        ],
        [
          39.570915,
          -9.292204,
          110.0299
        ]
      ]
    }
  ]
}