{
  "routes": [
    {
      "route_id": 1,
      "length_km": 37.508,
      "minimum_depth_m": 110.0299,
      "mission_duration_h": 10,
      "mission_duration_m": 42,
      "waypoints": [
        [
          39.57266,
          -9.292792,
          110.0299
        ],
        [
          39.567383,
          -9.327544,
          126.11424
        ],
        [
          39.591125,
          -9.3703165,
          322.6421
        ],
        [
          39.604317,
          -9.375663,
          488.5743
        ],
        [
          39.58849,
          -9.391703,
          414.3748
        ],
        [
          39.59904,
          -9.397049,
          555.11035
        ],
        [
          39.609592,
          -9.397049,
          645.167
        ],
        [
          39.609592,
          -9.410416,
          699.5094
        ],
        [
          39.59904,
          -9.423781,
          662.5977
        ],
        [
          39.6307,
          -9.4264555,
          535.69366
        ],
        [
          39.635975,
          -9.415762,
          591.05493
        ],
        [
          39.622784,
          -9.410416,
          654.7551
        ],
        [
          39.6307,
          -9.402396,
          634.15936
        ],
        [
          39.63334,
          -9.37299,
          581.2601
        ],
        [
          39.638615,
          -9.356951,
          505.5
        ],
        [
          39.63334,
          -9.346257,
          450.11676
        ],
        [
          39.58585,
          -9.319525,
          149.39397
        ],
        [
          39.5753,
          -9.295465,
          111.911865
        ],
        [
          39.574078,
          -9.294229,
          110.0299
        ]
      ]
    }
  ]
}