{
  "routes": [
    {
      "route_id": 1,
      "length_km": 37.034,
      "minimum_depth_m": 110.0299,
      "mission_duration_h": 10,
      "mission_duration_m": 40,
      "waypoints": [
        [
          39.57266,
          -9.292792,
          110.0299
        ],
        [
          39.58585,
          -9.308832,
          134.1046
        ],
        [
          39.591125,
          -9.319525,
          175.7767
        ],
        [
          39.60168,
          -9.322198,
          237.79222
        ],
        [
          39.61487,
          -9.335565,
          356.3693
        ],
        [
          39.6307,
          -9.338238,
          405.11307
        ],
        [
          39.638615,
          -9.346257,
          454.5223
        ],
        [
          39.635975,
          -9.362297,
          533.78265
        ],
        [
          39.64125,
          -9.37299,
          551.7429
        ],
        [
          39.63334,
          -9.38101,
          620.84235
        ],
        [
          39.638615,
          -9.391703,
          645.0854
        ],
        [
          39.6307,
          -9.399722,
          637.3521
        ],
        [
          39.609592,
          -9.410416,
          699.5094
        ],
        [
          39.60168,
          -9.423781,
          665.32513
        ],
        [
          39.591125,
          -9.429129,
          655.16656
        ],
        [
          39.580574,
          -9.421108,
          626.59595
        ],
        [
          39.57266,
          -9.429129,
          623.05884
        ],
        [
          39.562107,
          -9.423781,
          541.31256
        ],
        [
          39.55155,
          -9.410416,
          362.61966
        ],
        [
          39.548916,
          -9.397049,
          250.8127
        ],
        [
          39.567383,
          -9.375663,
          210.75433
        ],
        [
          39.57266,
          -9.335565,
          138.1156
        ],
        [
          39.567383,
          -9.324871,
          124.482605
        ],
        [
          39.5753,
          -9.295465,
          111.911865
        ],
        [
          39.574078,
          -9.294229,
          110.0299
        ]
      ]
    }
  ]
}