{
  "routes": [
    {
      "route_id": 1,
      "length_km": 153.764,
      "minimum_depth_m": 93.01467,
      "mission_duration_h": 44,
      "mission_duration_m": 27,
      "waypoints": [
        [
          39.57266,
          -9.292792,
          110.0299
        ],
        [
          39.548916,
          -9.300812,
          102.3958
        ],
        [
          39.541,
          -9.290119,
          93.01467
        ],
        [
          39.564743,
          -9.279426,
          102.51209
        ],
        [
          39.57002,
          -9.268733,
          100.28947
        ],
        [
          39.58321,
          -9.271406,
          107.16238
        ],
        [
          39.58849,
          -9.260714,
          108.19404
        ],
        [
          39.59904,
          -9.26606,
          123.230385
        ],
        [
          39.604317,
          -9.276752,
          139.73486
        ],
        [
          39.58321,
          -9.284773,
          112.38755
        ],
        [
          39.5964,
          -9.295465,
          150.16873
        ],
        [
          39.606956,
          -9.290119,
          167.4592
        ],
        [
          39.617508,
          -9.282099,
          204.61812
        ],
        [
          39.625423,
          -9.290119,
          265.45618
        ],
        [
          39.670273,
          -9.303485,
          213.56393
        ],
        [
          39.68874,
          -9.303485,
          155.65611
        ],
        [
          39.69929,
          -9.292792,
          143.84056
        ],
        [
          39.712482,
          -9.287446,
          135.52847
        ],
        [
          39.70193,
          -9.263387,
          162.25111
        ],
        [
          39.691376,
          -9.260714,
          194.07614
        ],
        [
          39.6861,
          -9.25002,
          244.41644
        ],
        [
          39.69929,
          -9.25002,
          181.59015
        ],
        [
          39.715122,
          -9.255366,
          141.50563
        ],
        [
          39.720398,
          -9.242001,
          131.41264
        ],
        [
          39.709846,
          -9.236654,
          157.64607
        ],
        [
          39.71776,
          -9.228634,
          139.22443
        ],
        [
          39.720398,
          -9.212595,
          129.34094
        ],
        [
          39.715122,
          -9.201901,
          130.41246
        ],
        [
          39.704567,
          -9.207248,
          150.79346
        ],
        [
          39.707207,
          -9.223288,
          165.1474
        ],
        [
          39.696655,
          -9.223288,
          190.5227
        ],
        [
          39.691376,
          -9.236654,
          210.29025
        ],
        [
          39.6861,
          -9.225961,
          238.6254
        ],
        [
          39.67555,
          -9.225961,
          296.40234
        ],
        [
          39.680824,
          -9.236654,
          273.5591
        ],
        [
          39.670273,
          -9.239327,
          339.7123
        ],
        [
          39.65708,
          -9.236654,
          322.7344
        ],
        [
          39.65444,
          -9.25002,
          331.28085
        ],
        [
          39.662357,
          -9.258039,
          348.0806
        ],
        [
          39.67291,
          -9.252693,
          324.99844
        ],
        [
          39.680824,
          -9.260714,
          258.44788
        ],
        [
          39.670273,
          -9.268733,
          303.6167
        ],
        [
          39.694016,
          -9.279426,
          156.3827
        ],
        [
          39.6861,
          -9.287446,
          184.93556
        ],
        [
          39.67555,
          -9.292792,
          220.59633
        ],
        [
          39.670273,
          -9.282099,
          270.2918
        ],
        [
          39.659718,
          -9.282099,
          301.49292
        ],
        [
          39.65444,
          -9.271406,
          319.6887
        ],
        [
          39.646526,
          -9.263387,
          310.54794
        ],
        [
          39.635975,
          -9.260714,
          277.9084
        ],
        [
          39.649166,
          -9.225961,
          264.99918
        ],
        [
          39.638615,
          -9.228634,
          217.1299
        ],
        [
          39.6307,
          -9.236654,
          200.1455
        ],
        [
          39.617508,
          -9.239327,
          144.42989
        ],
        [
          39.606956,
          -9.236654,
          107.169945
        ],
        [
          39.59904,
          -9.228634,
          97.6348
        ],
        [
          39.593765,
          -9.239327,
          100.243774
        ],
        [
          39.59904,
          -9.252693,
          112.1126
        ],
        [
          39.609592,
          -9.25002,
          117.39076
        ],
        [
          39.622784,
          -9.252693,
          188.3373
        ],
        [
          39.612232,
          -9.26606,
          148.16458
        ],
        [
          39.625423,
          -9.268733,
          232.13857
        ],
        [
          39.63334,
          -9.276752,
          298.33386
        ],
        [
          39.64389,
          -9.276752,
          324.33694
        ],
        [
          39.638615,
          -9.287446,
          336.755
        ],
        [
          39.635975,
          -9.303485,
          341.0275
        ],
        [
          39.646526,
          -9.316852,
          320.39578
        ],
        [
          39.638615,
          -9.324871,
          378.37775
        ],
        [
          39.6307,
          -9.314178,
          335.36246
        ],
        [
          39.622784,
          -9.306158,
          275.84747
        ],
        [
          39.612232,
          -9.300812,
          207.24374
        ],
        [
          39.60168,
          -9.306158,
          182.29196
        ],
        [
          39.591125,
          -9.306158,
          147.61882
        ],
        [
          39.5964,
          -9.316852,
          194.71863
        ],
        [
          39.609592,
          -9.316852,
          256.1524
        ],
        [
          39.62806,
          -9.338238,
          399.23685
        ],
        [
          39.625423,
          -9.354278,
          472.75696
        ],
        [
          39.612232,
          -9.34893,
          418.17865
        ],
        [
          39.604317,
          -9.356951,
          396.26114
        ],
        [
          39.5964,
          -9.34893,
          291.75278
        ],
        [
          39.604317,
          -9.340911,
          327.20935
        ],
        [
          39.60168,
          -9.327544,
          256.29233
        ],
        [
          39.591125,
          -9.327544,
          192.67145
        ],
        [
          39.58321,
          -9.319525,
          136.2026
        ],
        [
          39.5753,
          -9.327544,
          133.56105
        ],
        [
          39.57266,
          -9.340911,
          143.98578
        ],
        [
          39.58321,
          -9.340911,
          163.02582
        ],
        [
          39.58321,
          -9.359624,
          191.23468
        ],
        [
          39.57266,
          -9.362297,
          173.20686
        ],
        [
          39.580574,
          -9.37299,
          238.45549
        ],
        [
          39.5753,
          -9.386356,
          279.4972
        ],
        [
          39.562107,
          -9.375663,
          194.79425
        ],
        [
          39.55683,
          -9.3890295,
          222.4427
        ],
        [
          39.533085,
          -9.36497,
          119.420494
        ],
        [
          39.535725,
          -9.3516035,
          112.64396
        ],
        [
