{
  "routes": [
    {
      "route_id": 1,
      "length_km": 36.629,
      "minimum_depth_m": 48.030556,
      "mission_duration_h": 10,
      "mission_duration_m": 33,
      "waypoints": [
        [
          39.57266,
          -9.292792,
          110.0299
        ],
        [
          39.562107,
          -9.268733,
          97.192314
        ],
        [
          39.57002,
          -9.258039,
          95.952644
        ],
        [
          39.57002,
          -9.244674,
          89.95389
        ],
        [
          39.58849,
          -9.217941,
          86.165245
        ],
        [
          39.58321,
          -9.207248,
          77.236916
        ],
        [
          39.593765,
          -9.204575,
          85.66013
        ],
        [
          39.59904,
          -9.188536,
          88.963974
        ],
        [
          39.58849,
          -9.188536,
          75.04804
        ],
        [
          39.580574,
          -9.180515,
          62.08816
        ],
        [
          39.564743,
          -9.177842,
          48.030556
        ],
        [
          39.57002,
          -9.191209,
          59.232338
        ],
        [
          39.562107,
          -9.199228,
          58.597305
        ],
        [
          39.55155,
          -9.196555,
          49.767765
        ],
        [
          39.54364,
          -9.204575,
          50.588425
        ],
        [
          39.53836,
          -9.215268,
          54.885246
        ],
        [
          39.55419,
          -9.215268,
          64.74543
        ],
        [
          39.564743,
          -9.212595,
          69.04183
        ],
        [
          39.5753,
          -9.215268,
          76.78088
        ],
        [
          39.55683,
          -9.23398,
          77.831726
        ],
        [
          39.559467,
          -9.247347,
          86.71611
        ],
        [
          39.546276,
          -9.274079,
          90.53901
        ],
        [
          39.548916,
          -9.287446,
          97.53005
        ],
        [
          39.55683,
          -9.279426,
          99.56934
        ],
        [
          39.57115,
          -9.291518,
          110.0299
        ]
      ]
    },
    {
      "route_id": 2,
      "length_km": 36.476,
      "minimum_depth_m": 88.88421,
      "mission_duration_h": 10,
      "mission_duration_m": 28,
      "waypoints": [
        [
          39.5753,
          -9.292792,
          110.99918
        ],
        [
          39.580574,
          -9.295465,
          113.84578
        ],
        [
          39.58585,
          -9.276752,
          113.098976
        ],
        [
          39.604317,
          -9.255366,
          118.858894
        ],
        [
          39.62806,
          -9.236654,
          188.43768
        ],
        [
          39.638615,
          -9.215268,
          195.8492
        ],
        [
          39.64125,
          -9.199228,
          190.21225
        ],
        [
          39.646526,
          -9.188536,
          186.76762
        ],
        [
          39.64125,
          -9.177842,
          167.79103
        ],
        [
          39.64125,
          -9.164475,
          152.52219
        ],
        [
          39.635975,
          -9.153783,
          131.20439
        ],
        [
          39.625423,
          -9.151109,
          119.41783
        ],
        [
          39.612232,
          -9.140416,
          107.11621
        ],
        [
          39.60168,
          -9.140416,
          88.88421
        ],
        [
          39.606956,
          -9.151109,
          102.82254
        ],
        [
          39.606956,
          -9.164475,
          106.09967
        ],
        [
          39.61487,
          -9.175169,
          118.351845
        ],
        [
          39.604317,
          -9.177842,
          98.38442
        ],
        [
          39.609592,
          -9.188536,
          102.879906
        ],
        [
          39.591125,
          -9.244674,
          101.36587
        ],
        [
          39.580574,
          -9.25002,
          97.277145
        ],
        [
          39.57266,
          -9.274079,
          103.45829
        ],
        [
          39.574974,
          -9.290503,
          110.99918
        ]
      ]
    }
  ]
}