{
  "routes": [
    {
      "route_id": 1,
      "length_km": 38.86,
      "minimum_depth_m": 110.0299,
      "mission_duration_h": 11,
      "mission_duration_m": 4,
      "waypoints": [
        [
          39.57266,
          -9.292792,
          110.0299
        ],
        [
          39.61487,
          -9.303485,
          226.6584
        ],
        [
          39.635975,
          -9.335565,
          403.88647
        ],
        [
          39.646526,
          -9.335565,
          341.27417
        ],
        [
          39.65708,
          -9.359624,
          323.106
        ],
        [
          39.667633,
          -9.359624,
          225.86812
        ],
        [
          39.70193,
          -9.378337,
          151.51025
        ],
        [
          39.691376,
          -9.383683,
          168.77112
        ],
        [
          39.670273,
          -9.37299,
          245.6308
        ],
        [
          39.620148,
          -9.383683,
          610.4315
        ],
        [
          39.617508,
          -9.367643,
          523.945
        ],
        [
          39.606956,
          -9.367643,
          475.5476
        ],
        [
          39.604317,
          -9.3516035,
          373.24387
        ],
        [
          39.591125,
          -9.3516035,
          251.93217
        ],
        [
          39.580574,
          -9.346257,
          161.71019
        ],
        [
          39.58585,
          -9.332891,
          168.6547
        ],
        [
          39.580574,
          -9.322198,
          133.47464
        ],
        [
          39.58321,
          -9.306158,
          121.61397
        ],
        [
          39.573944,
          -9.294422,
          110.0299
        ]
      ]
    }
  ]
}