{
  "routes": [
    {
      "route_id": 1,
      "length_km": 76.289,
      "minimum_depth_m": 109.060616,
      "mission_duration_h": 22,
      "mission_duration_m": 0,
      "waypoints": [
        [
          39.57266,
          -9.292792,
          110.0299
        ],
        [
          39.57002,
          -9.292792,
          109.060616
        ],
        [
          39.59904,
          -9.340911,
          286.16345
        ],
        [
          39.591125,
          -9.3516035,
          251.93217
        ],
        [
          39.604317,
          -9.3516035,
          373.24387
        ],
        [
          39.612232,
          -9.359624,
          472.37784
        ],
        [
          39.620148,
          -9.34893,
          435.04636
        ],
        [
          39.6307,
          -9.354278,
          483.74844
        ],
        [
          39.651806,
          -9.346257,
          334.91577
        ],
        [
          39.646526,
          -9.335565,
          341.27417
        ],
        [
          39.65444,
          -9.324871,
          271.77182
        ],
        [
          39.662357,
          -9.332891,
          211.10893
        ],
        [
          39.67291,
          -9.332891,
          173.55435
        ],
        [
          39.67819,
          -9.319525,
          174.6746
        ],
        [
          39.68874,
          -9.316852,
          151.25851
        ],
        [
          39.70193,
          -9.319525,
          137.16707
        ],
        [
          39.709846,
          -9.311505,
          134.28679
        ],
        [
          39.720398,
          -9.316852,
          131.4505
        ],
        [
          39.712482,
          -9.324871,
          134.53069
        ],
        [
          39.71776,
          -9.335565,
          134.482
        ],
        [
          39.71776,
          -9.3516035,
          137.28601
        ],
        [
          39.709846,
          -9.359624,
          142.58452
        ],
        [
          39.68874,
          -9.3703165,
          171.92664
        ],
        [
          39.691376,
          -9.383683,
          168.77112
        ],
        [
          39.70193,
          -9.378337,
          151.51025
        ],
        [
          39.707207,
          -9.3890295,
          150.3655
        ],
        [
          39.70193,
          -9.399722,
          153.20972
        ],
        [
          39.6861,
          -9.402396,
          189.84886
        ],
        [
          39.694016,
          -9.410416,
          156.33853
        ],
        [
          39.704567,
          -9.413089,
          150.91731
        ],
        [
          39.712482,
          -9.421108,
          147.62756
        ],
        [
          39.704567,
          -9.429129,
          151.14725
        ],
        [
          39.68874,
          -9.423781,
          169.51007
        ],
        [
          39.680824,
          -9.415762,
          201.81737
        ],
        [
          39.670273,
          -9.423781,
          223.7455
        ],
        [
          39.659718,
          -9.429129,
          277.63107
        ],
        [
          39.64389,
          -9.413089,
          519.04877
        ],
        [
          39.63334,
          -9.405069,
          624.4207
        ],
        [
          39.622784,
          -9.405069,
          650.60406
        ],
        [
          39.60168,
          -9.418435,
          683.6396
        ],
        [
          39.5964,
          -9.4077425,
          612.2475
        ],
        [
          39.58321,
          -9.402396,
          477.93973
        ],
        [
          39.57266,
          -9.402396,
          419.525
        ],
        [
          39.564743,
          -9.410416,
          450.30417
        ],
        [
          39.541,
          -9.399722,
          225.5264
        ],
        [
          39.55683,
          -9.383683,
          201.95349
        ],
        [
          39.55155,
          -9.37299,
          159.70312
        ],
        [
          39.562107,
          -9.3703165,
          177.38466
        ],
        [
          39.580574,
          -9.346257,
          161.71019
        ],
        [
          39.5753,
          -9.327544,
          133.56105
        ],
        [
          39.572838,
          -9.295108,
          110.0299
        ]
      ]
    }
  ]
}