{
  "routes": [
    {
      "route_id": 1,
      "length_km": 30.849,
      "minimum_depth_m": 75.79541,
      "mission_duration_h": 8,
      "mission_duration_m": 47,
      "waypoints": [
        [
          39.57266,
          -9.292792,
          110.0299
        ],
        [
          39.5753,
          -9.282099,
          107.34845
        ],
        [
          39.55419,
          -9.276752,
          97.46962
        ],
        [
          39.562107,
          -9.25002,
          89.267204
        ],
        [
          39.55683,
          -9.239327,
          80.91921
        ],
        [
          39.562107,
          -9.225961,
          75.91207
        ],
        [
          39.58321,
          -9.217941,
          82.770164
        ],
        [
          39.5964,
          -9.220614,
          91.887085
        ],
        [
          39.62806,
          -9.212595,
          158.7179
        ],
        [
          39.649166,
          -9.217941,
          249.24768
        ],
        [
          39.649166,
          -9.231307,
          275.1626
        ],
        [
          39.606956,
          -9.236654,
          107.169945
        ],
        [
          39.58321,
          -9.290119,
          114.44795
        ],
        [
          39.57266,
          -9.295465,
          110.94491
        ],
        [
          39.57266,
          -9.295119,
          110.0299
        ]
      ]
    }
  ]
}