{
  "smoothing_applied": false,
  "candidate_points": 420,
  "n_depot": 4,
  "n_total_nodes": 424,
  "prize_scaling": {
    "N_level": 1000,
    "map_min": 0.007737999781966209,
    "map_max": 0.098471999168396,
    "map_range": 0.09073399938642979,
    "decimal_number": 5,
    "multiplicative_factor": 100000
  },
  "all_client_price_stats": {
    "count": 420,
    "min": 1390.0,
    "max": 9847.0,
    "mean": 5447.3761904761905,
    "std": 1998.7451435730661
  },
  "all_client_price_sum": 2287898.0,
  "visited_client_node_ids": [
    199,
    198,
    52,
    193,
    268,
    275,
    123,
    207,
    279,
    281,
    128,
    217,
    284,
    205,
    208,
    206,
    55,
    203,
    59,
    209,
    127,
    220,
    133,
    61,
    219,
    130,
    60,
    210,
    124,
    57,
    213,
    212,
    117,
    53,
    111,
    49,
    114,
    196,
    116,
    214,
    56,
    200,
    118,
    197,
    119,
    202
  ],
  "visited_client_price_stats": {
    "count": 46,
    "min": 4371.0,
    "max": 8601.0,
    "mean": 6527.108695652174,
    "std": 1113.5489335074997
  },
  "visited_client_price_sum": 300247.0,
  "final_solver": {
    "n_routes": 2,
    "n_clients": 46
  },
  "route_waypoint_counts_clean": [
    12,
    29
  ],
  "total_wp_temperr": 3.1784591674804688,
  "total_all_temperr": 25.851713180541992
}