{
  "smoothing_applied": true,
  "candidate_points": 419,
  "n_depot": 4,
  "n_total_nodes": 423,
  "prize_scaling": {
    "N_level": 1000,
    "map_min": 0.010425234500322492,
    "map_max": 0.07609570859280232,
    "map_range": 0.06567047409247982,
    "decimal_number": 5,
    "multiplicative_factor": 100000
  },
  "all_client_price_stats": {
    "count": 419,
    "min": 1690.0,
    "max": 7114.0,
    "mean": 4739.510739856802,
    "std": 1399.6463299455336
  },
  "all_client_price_sum": 1985855.0,
  "visited_client_node_ids": [
    369,
    409,
    208,
    181,
    180,
    179,
    178,
    177,
    116,
    118,
    119,
    236,
    203,
    241,
    207,
    128,
    127,
    129,
    130,
    125,
    133,
    131,
    132,
    63,
    396,
    143,
    122,
    383,
    59,
    58,
    408,
    62,
    60,
    61,
    182,
    183,
    65,
    184,
    126,
    244,
    243,
    242,
    240
  ],
  "visited_client_price_stats": {
    "count": 43,
    "min": 4606.0,
    "max": 6221.0,
    "mean": 5381.813953488372,
    "std": 474.4501961665834
  },
  "visited_client_price_sum": 231418.0,
  "final_solver": {
    "n_routes": 2,
    "n_clients": 43
  },
  "route_waypoint_counts_clean": [
    13,
    26
  ],
  "total_wp_temperr": 2.489931205644771,
  "total_all_temperr": 24.600555069937077
}