{
  "routes": [
    {
      "route_id": 1,
      "length_km": 76.762,
      "minimum_depth_m": 79.8272,
      "mission_duration_h": 22,
      "mission_duration_m": 15,
      "waypoints": [
        [
          39.57266,
          -9.292792,
          110.0299
        ],
        [
          39.580574,
          -9.292792,
          112.93775
        ],
        [
          39.564743,
          -9.308832,
          113.46186
        ],
        [
          39.548916,
          -9.306158,
          104.26089
        ],
        [
          39.55683,
          -9.298139,
          106.072136
        ],
        [
          39.548916,
          -9.290119,
          98.503204
        ],
        [
          39.541,
          -9.298139,
          96.10887
        ],
        [
          39.533085,
          -9.290119,
          87.52614
        ],
        [
          39.533085,
          -9.276752,
          82.07468
        ],
        [
          39.54364,
          -9.279426,
          90.79625
        ],
        [
          39.55155,
          -9.268733,
          92.035355
        ],
        [
          39.562107,
          -9.274079,
          99.45663
        ],
        [
          39.567383,
          -9.263387,
          97.0567
        ],
        [
          39.567383,
          -9.25002,
          91.555756
        ],
        [
          39.577934,
          -9.247347,
          94.87583
        ],
        [
          39.57002,
          -9.236654,
          85.67912
        ],
        [
          39.593765,
          -9.23398,
          97.35652
        ],
        [
          39.59904,
          -9.244674,
          106.66133
        ],
        [
          39.609592,
          -9.244674,
          113.721954
        ],
        [
          39.620148,
          -9.242001,
          159.82219
        ],
        [
          39.620148,
          -9.228634,
          143.55235
        ],
        [
          39.646526,
          -9.228634,
          256.84314
        ],
        [
          39.659718,
          -9.223288,
          314.91718
        ],
        [
          39.67291,
          -9.225961,
          310.84656
        ],
        [
          39.67291,
          -9.212595,
          275.1672
        ],
        [
          39.683464,
          -9.212595,
          226.02602
        ],
        [
          39.694016,
          -9.196555,
          144.09409
        ],
        [
          39.683464,
          -9.193882,
          172.93208
        ],
        [
          39.67291,
          -9.193882,
          208.71097
        ],
        [
          39.664997,
          -9.185862,
          206.32439
        ],
        [
          39.67291,
          -9.175169,
          156.39026
        ],
        [
          39.683464,
          -9.180515,
          143.06459
        ],
        [
          39.691376,
          -9.169823,
          102.628975
        ],
        [
          39.694016,
          -9.156456,
          79.8272
        ],
        [
          39.70193,
          -9.164475,
          88.917984
        ],
        [
          39.715122,
          -9.16715,
          90.686325
        ],
        [
          39.720398,
          -9.177842,
          102.15546
        ],
        [
          39.707207,
          -9.177842,
          106.785416
        ],
        [
          39.712482,
          -9.188536,
          118.83037
        ],
        [
          39.70193,
          -9.188536,
          124.83761
        ],
        [
          39.707207,
          -9.199228,
          136.31499
        ],
        [
          39.69929,
          -9.209921,
          163.61508
        ],
        [
          39.704567,
          -9.220614,
          170.43694
        ],
        [
          39.683464,
          -9.228634,
          254.2377
        ],
        [
          39.68874,
          -9.239327,
          226.58905
        ],
        [
          39.67819,
          -9.239327,
          291.2309
        ],
        [
          39.67291,
          -9.25002,
          331.08902
        ],
        [
          39.662357,
          -9.255366,
          353.35913
        ],
        [
          39.638615,
          -9.263387,
          297.06015
        ],
        [
          39.6307,
          -9.255366,
          236.41425
        ],
        [
          39.620148,
          -9.255366,
          178.45943
        ],
        [
          39.61487,
          -9.26606,
          163.9713
        ],
        [
          39.606956,
          -9.258039,
          123.92273
        ],
        [
          39.58849,
          -9.271406,
          114.00075
        ],
        [
          39.577934,
          -9.26606,
          102.35037
        ],
        [
          39.577934,
          -9.279426,
          107.41668
        ],
        [
          39.567383,
          -9.287446,
          106.25201
        ],
        [
          39.571243,
          -9.291356,
          110.0299
        ]
      ]
    }
  ]
}