{
  "routes": [
    {
      "route_id": 1,
      "length_km": 35.378,
      "minimum_depth_m": 42.614483,
      "mission_duration_h": 10,
      "mission_duration_m": 10,
      "waypoints": [
        [
          39.57266,
          -9.292792,
          110.0299
        ],
        [
          39.577934,
          -9.287446,
          110.14775
        ],
        [
          39.57266,
          -9.263387,
          99.18541
        ],
        [
          39.5753,
          -9.25002,
          94.98859
        ],
        [
          39.567383,
          -9.223288,
          77.17496
        ],
        [
          39.57002,
          -9.209921,
          70.49321
        ],
        [
          39.564743,
          -9.196555,
          58.638706
        ],
        [
          39.58585,
          -9.191209,
          72.45719
        ],
        [
          39.58849,
          -9.177842,
          72.3548
        ],
        [
          39.5964,
          -9.169823,
          85.28307
        ],
        [
          39.58849,
          -9.161802,
          67.941635
        ],
        [
          39.59904,
          -9.156456,
          87.83525
        ],
        [
          39.59904,
          -9.140416,
          83.2259
        ],
        [
          39.577934,
          -9.140416,
          42.614483
        ],
        [
          39.577934,
          -9.159129,
          50.37584
        ],
        [
          39.57266,
          -9.177842,
          54.46002
        ],
        [
          39.55683,
          -9.183188,
          44.82832
        ],
        [
          39.55155,
          -9.193882,
          47.862865
        ],
        [
          39.55683,
          -9.204575,
          58.788467
        ],
        [
          39.55683,
          -9.242001,
          82.46295
        ],
        [
          39.55419,
          -9.255366,
          88.06008
        ],
        [
          39.567383,
          -9.276752,
          102.55765
        ],
        [
          39.571957,
          -9.29065,
          110.0299
        ]
      ]
    }
  ]
}