{
  "routes": [
    {
      "route_id": 1,
      "length_km": 150.004,
      "minimum_depth_m": 110.0299,
      "mission_duration_h": 43,
      "mission_duration_m": 22,
      "waypoints": [
        [
          39.57266,
          -9.292792,
          110.0299
        ],
        [
          39.57002,
          -9.300812,
          111.81263
        ],
        [
          39.591125,
          -9.316852,
          170.14513
        ],
        [
          39.5964,
          -9.343584,
          274.3446
        ],
        [
          39.5964,
          -9.36497,
          351.78397
        ],
        [
          39.593765,
          -9.378337,
          389.62122
        ],
        [
          39.606956,
          -9.38101,
          543.9358
        ],
        [
          39.5964,
          -9.391703,
          492.7705
        ],
        [
          39.60168,
          -9.405069,
          626.50977
        ],
        [
          39.609592,
          -9.397049,
          645.167
        ],
        [
          39.617508,
          -9.405069,
          663.69574
        ],
        [
          39.62806,
          -9.402396,
          638.9491
        ],
        [
          39.622784,
          -9.3890295,
          638.1509
        ],
        [
          39.635975,
          -9.391703,
          651.3999
        ],
        [
          39.64125,
          -9.402396,
          580.603
        ],
        [
          39.651806,
          -9.397049,
          462.32556
        ],
        [
          39.646526,
          -9.386356,
          544.83875
        ],
        [
          39.65708,
          -9.386356,
          408.10254
        ],
        [
          39.664997,
          -9.397049,
          295.4893
        ],
        [
          39.670273,
          -9.386356,
          273.4546
        ],
        [
          39.67819,
          -9.378337,
          222.77757
        ],
        [
          39.670273,
          -9.367643,
          234.50127
        ],
        [
          39.659718,
          -9.37299,
          334.37912
        ],
        [
          39.649166,
          -9.37299,
          458.587
        ],
        [
          39.638615,
          -9.378337,
          608.6333
        ],
        [
          39.61487,
          -9.367643,
          518.7906
        ],
        [
          39.606956,
          -9.356951,
          422.39316
        ],
        [
          39.617508,
          -9.34893,
          429.4238
        ],
        [
          39.62806,
          -9.3516035,
          465.08337
        ],
        [
          39.63334,
          -9.340911,
          424.0318
        ],
        [
          39.64389,
          -9.34893,
          417.84186
        ],
        [
          39.635975,
          -9.362297,
          533.78265
        ],
        [
          39.649166,
          -9.359624,
          406.73672
        ],
        [
          39.659718,
          -9.354278,
          282.39816
        ],
        [
          39.680824,
          -9.354278,
          182.16197
        ],
        [
          39.67555,
          -9.340911,
          179.32224
        ],
        [
          39.659718,
          -9.324871,
          236.23653
        ],
        [
          39.65444,
          -9.335565,
          279.0037
        ],
        [
          39.64389,
          -9.327544,
          345.13214
        ],
        [
          39.65444,
          -9.314178,
          274.29346
        ],
        [
          39.664997,
          -9.308832,
          222.00427
        ],
        [
          39.670273,
          -9.292792,
          241.92787
        ],
        [
          39.67819,
          -9.303485,
          188.74629
        ],
        [
          39.67291,
          -9.316852,
          189.5172
        ],
        [
          39.683464,
          -9.322198,
          161.2562
        ],
        [
          39.691376,
          -9.338238,
          145.9784
        ],
        [
          39.70193,
          -9.327544,
          137.43584
        ],
        [
          39.69929,
          -9.314178,
          137.82504
        ],
        [
          39.68874,
          -9.311505,
          152.58954
        ],
        [
          39.696655,
          -9.300812,
          140.9207
        ],
        [
          39.720398,
          -9.290119,
          129.04823
        ],
        [
          39.71776,
          -9.303485,
          130.95618
        ],
        [
          39.709846,
          -9.311505,
          134.28679
        ],
        [
          39.720398,
          -9.332891,
          133.39749
        ],
        [
          39.709846,
          -9.338238,
          137.20982
        ],
        [
          39.715122,
          -9.3516035,
          138.38034
        ],
        [
          39.715122,
          -9.367643,
          141.3621
        ],
        [
          39.704567,
          -9.36497,
          146.541
        ],
        [
          39.69929,
          -9.354278,
          145.89084
        ],
        [
          39.683464,
          -9.3890295,
          210.1258
        ],
        [
          39.683464,
          -9.402396,
          201.19583
        ],
        [
          39.694016,
          -9.397049,
          158.34636
        ],
        [
          39.69929,
          -9.386356,
          155.47284
        ],
        [
          39.709846,
          -9.38101,
          147.05954
        ],
        [
          39.71776,
          -9.391703,
          143.19768
        ],
        [
          39.720398,
          -9.4077425,
          142.8972
        ],
        [
          39.707207,
          -9.4077425,
          149.81865
        ],
        [
          39.712482,
          -9.423781,
          147.84299
        ],
        [
          39.70193,
          -9.421108,
          152.01466
        ],
        [
          39.696655,
          -9.410416,
          155.01892
        ],
        [
          39.691376,
          -9.4264555,
          161.14711
        ],
        [
          39.680824,
          -9.423781,
          192.75381
        ],
        [
          39.67555,
          -9.413089,
          223.78365
        ],
        [
          39.65444,
          -9.415762,
          388.5982
        ],
        [
          39.662357,
          -9.4264555,
          262.6695
        ],
        [
          39.649166,
          -9.429129,
          371.15375
        ],
        [
          39.64389,
          -9.418435,
          493.4435
        ],
        [
          39.63334,
          -9.413089,
          609.5741
        ],
        [
          39.63334,
          -9.4264555,
          520.0346
        ],
        [
          39.622784,
          -9.4264555,
          582.6709
        ],
        [
          39.61487,
          -9.418435,
          682.94354
        ],
        [
          39.606956,
          -9.429129,
          642.93286
        ],
        [
          39.60168,
          -9.418435,
          683.6396
        ],
        [
          39.5964,
          -9.429129,
          651.0886
        ],
        [
          39.58585,
          -9.429129,
          659.24445
        ],
        [
          39.5753,
          -9.423781,
          608.87024
        ],
        [
          39.591125,
          -9.418435,
          653.6642
        ],
        [
          39.58849,
          -9.405069,
          541.072
        ],
        [
          39.567383,
          -9.397049,
          340.47235
        ],
        [
          39.562107,
          -9.4077425,
          410.03723
        ],
        [
          39.55155,
          -9.413089,
          382.40747
        ],
        [
          39.55683,
          -9.423781,
          514.2895
        ],
        [
          39.533085,
          -9.421108,
          257.32285
        ],
        [
          39.541,
          -9.4077425,
          265.47797
        ],
        [
          39.55155,
          -9.399722,
          283.46835
        ],
        [
