{
  "routes": [
    {
      "route_id": 1,
      "length_km": 36.27,
      "minimum_depth_m": 79.67519,
      "mission_duration_h": 10,
      "mission_duration_m": 26,
      "waypoints": [
        [
          39.57266,
          -9.292792,
          110.0299
        ],
        [
          39.591125,
          -9.287446,
          129.82527
        ],
        [
          39.622784,
          -9.252693,
          188.3373
        ],
        [
          39.617508,
          -9.239327,
          144.42989
        ],
        [
          39.63334,
          -9.228634,
          195.63353
        ],
        [
          39.64125,
          -9.217941,
          210.76787
        ],
        [
          39.64389,
          -9.191209,
          186.16002
        ],
        [
          39.65444,
          -9.188536,
          198.7001
        ],
        [
          39.651806,
          -9.175169,
          168.65608
        ],
        [
          39.651806,
          -9.156456,
          127.56897
        ],
        [
          39.64125,
          -9.153783,
          130.06337
        ],
        [
          39.62806,
          -9.156456,
          128.40788
        ],
        [
          39.61487,
          -9.153783,
          114.02499
        ],
        [
          39.604317,
          -9.175169,
          99.000046
        ],
        [
          39.593765,
          -9.175169,
          80.787674
        ],
        [
          39.593765,
          -9.191209,
          82.24967
        ],
        [
          39.58849,
          -9.201901,
          79.67519
        ],
        [
          39.58585,
          -9.215268,
          83.23521
        ],
        [
          39.58585,
          -9.228634,
          89.720985
        ],
        [
          39.591125,
          -9.239327,
          98.53941
        ],
        [
          39.591125,
          -9.255366,
          107.55205
        ],
        [
          39.58585,
          -9.26606,
          108.06415
        ],
        [
          39.580574,
          -9.284773,
          110.21365
        ],
        [
          39.574074,
          -9.291356,
          110.0299
        ]
      ]
    }
  ]
}