{
  "created_at": "2026-04-27T19:53:24.154186+00:00",
  "candidate_count": 112,
  "rois": {
    "operational": {
      "x0": 46,
      "x1": 194,
      "y0": 46,
      "y1": 137,
      "source": "results/Investigation_transition_to_planner/candb_vs_userdirect_bboxes.csv",
      "lon_min": -9.432589750409626,
      "lon_max": -9.036959412706446,
      "lat_min": 39.51024239822473,
      "lat_max": 39.75031037570378
    },
    "candb": {
      "x0": 28,
      "x1": 155,
      "y0": 34,
      "y1": 100,
      "source": "candb_vs_userdirect_bboxes.csv",
      "lon_min": -9.480706721668962,
      "lon_max": -9.141213804109325,
      "lat_min": 39.478584076439205,
      "lat_max": 39.65270103156234
    },
    "user_direct": {
      "x0": 0,
      "x1": 133,
      "y0": 0,
      "y1": 71,
      "source": "candb_vs_userdirect_bboxes.csv",
      "lon_min": -9.55555534362793,
      "lon_max": -9.200023435648514,
      "lat_min": 39.38888931274414,
      "lat_max": 39.57619440089391
    }
  },
  "axis_manifest_used": "results/plots/tempibhres_relative_km_display_assumed_filipa_xy_km_cropped_v1/manifest.json"
}