{
  "routes": [
    {
      "route_id": 1,
      "length_km": 40.113,
      "minimum_depth_m": 100.4495,
      "mission_duration_h": 11,
      "mission_duration_m": 22,
      "waypoints": [
        [
          39.57266,
          -9.292792,
          110.0299
        ],
        [
          39.580574,
          -9.290119,
          112.02972
        ],
        [
          39.612232,
          -9.271406,
          154.7502
        ],
        [
          39.64389,
          -9.252693,
          291.42407
        ],
        [
          39.67555,
          -9.23398,
          302.99576
        ],
        [
          39.696655,
          -9.220614,
          189.03859
        ],
        [
          39.707207,
          -9.212595,
          153.76587
        ],
        [
          39.696655,
          -9.207248,
          162.81728
        ],
        [
          39.67555,
          -9.220614,
          289.93146
        ],
        [
          39.635975,
          -9.244674,
          241.07246
        ],
        [
          39.604317,
          -9.263387,
          126.68738
        ],
        [
          39.57002,
          -9.284773,
          106.3086
        ],
        [
          39.548916,
          -9.298139,
          101.422646
        ],
        [
          39.55155,
          -9.311505,
          107.56324
        ],
        [
          39.57002,
          -9.298139,
          110.89529
        ],
        [
          39.57169,
          -9.294754,
          110.0299
        ]
      ]
    }
  ]
}