{
  "routes": [
    {
      "route_id": 1,
      "length_km": 152.609,
      "minimum_depth_m": 109.17381,
      "mission_duration_h": 44,
      "mission_duration_m": 5,
      "waypoints": [
        [
          39.57266,
          -9.292792,
          110.0299
        ],
        [
          39.5753,
          -9.287446,
          109.17381
        ],
        [
          39.591125,
          -9.316852,
          170.14513
        ],
        [
          39.59904,
          -9.340911,
          286.16345
        ],
        [
          39.609592,
          -9.346257,
          395.01187
        ],
        [
          39.61487,
          -9.335565,
          356.3693
        ],
        [
          39.62806,
          -9.335565,
          386.06754
        ],
        [
          39.64389,
          -9.327544,
          345.13214
        ],
        [
          39.64389,
          -9.343584,
          395.51752
        ],
        [
          39.65444,
          -9.343584,
          302.99677
        ],
        [
          39.664997,
          -9.338238,
          200.80963
        ],
        [
          39.65708,
          -9.330218,
          251.28331
        ],
        [
          39.664997,
          -9.322198,
          204.25172
        ],
        [
          39.67555,
          -9.335565,
          172.59029
        ],
        [
          39.696655,
          -9.332891,
          138.95198
        ],
        [
          39.704567,
          -9.354278,
          143.56584
        ],
        [
          39.71776,
          -9.3516035,
          137.28601
        ],
        [
          39.720398,
          -9.367643,
          138.44261
        ],
        [
          39.707207,
          -9.367643,
          145.74135
        ],
        [
          39.70193,
          -9.378337,
          151.51025
        ],
        [
          39.709846,
          -9.386356,
          148.17072
        ],
        [
          39.720398,
          -9.386356,
          140.86858
        ],
        [
          39.720398,
          -9.399722,
          142.16122
        ],
        [
          39.707207,
          -9.399722,
          150.05301
        ],
        [
          39.70193,
          -9.410416,
          152.37973
        ],
        [
          39.70193,
          -9.423781,
          152.04478
        ],
        [
          39.68874,
          -9.429129,
          167.07047
        ],
        [
          39.691376,
          -9.415762,
          163.61137
        ],
        [
          39.680824,
          -9.418435,
          198.82195
        ],
        [
          39.67291,
          -9.429129,
          206.30092
        ],
        [
          39.662357,
          -9.421108,
          279.5076
        ],
        [
          39.651806,
          -9.421108,
          390.96692
        ],
        [
          39.65708,
          -9.405069,
          379.3919
        ],
        [
          39.670273,
          -9.410416,
          247.1863
        ],
        [
          39.670273,
          -9.397049,
          265.09366
        ],
        [
          39.680824,
          -9.391703,
          221.12317
        ],
        [
          39.6861,
          -9.402396,
          189.84886
        ],
        [
          39.69929,
          -9.391703,
          155.60463
        ],
        [
          39.691376,
          -9.383683,
          168.77112
        ],
        [
          39.670273,
          -9.37299,
          245.6308
        ],
        [
          39.662357,
          -9.38101,
          325.1715
        ],
        [
          39.65708,
          -9.391703,
          406.3905
        ],
        [
          39.646526,
          -9.383683,
          533.7988
        ],
        [
          39.64389,
          -9.397049,
          562.4273
        ],
        [
          39.63334,
          -9.402396,
          629.3696
        ],
        [
          39.64125,
          -9.410416,
          557.81573
        ],
        [
          39.635975,
          -9.421108,
          548.0441
        ],
        [
          39.612232,
          -9.4264555,
          645.3071
        ],
        [
          39.612232,
          -9.410416,
          694.9873
        ],
        [
          39.604317,
          -9.402396,
          629.1111
        ],
        [
          39.609592,
          -9.391703,
          623.43005
        ],
        [
          39.620148,
          -9.399722,
          649.48663
        ],
        [
          39.62806,
          -9.391703,
          644.6958
        ],
        [
          39.620148,
          -9.383683,
          610.4315
        ],
        [
          39.609592,
          -9.378337,
          558.38556
        ],
        [
          39.59904,
          -9.378337,
          445.87598
        ],
        [
          39.593765,
          -9.391703,
          466.6386
        ],
        [
          39.58321,
          -9.402396,
          477.93973
        ],
        [
          39.593765,
          -9.405069,
          575.24713
        ],
        [
          39.59904,
          -9.415762,
          681.8381
        ],
        [
          39.593765,
          -9.4264555,
          655.1352
        ],
        [
          39.562107,
          -9.410416,
          433.81934
        ],
        [
          39.55419,
          -9.418435,
          450.22488
        ],
        [
          39.54364,
          -9.415762,
          329.62097
        ],
        [
          39.533085,
          -9.418435,
          245.00526
        ],
        [
          39.541,
          -9.399722,
          225.5264
        ],
        [
          39.55155,
          -9.394376,
          243.89272
        ],
        [
          39.559467,
          -9.386356,
          219.63669
        ],
        [
          39.567383,
          -9.399722,
          365.7357
        ],
        [
          39.58321,
          -9.38101,
          289.6987
        ],
        [
          39.58321,
          -9.367643,
          226.7635
        ],
        [
          39.57002,
          -9.37299,
          208.53204
        ],
        [
          39.559467,
          -9.37299,
          178.60858
        ],
        [
          39.548916,
          -9.378337,
          167.52615
        ],
        [
          39.53836,
          -9.38101,
          149.45534
        ],
        [
          39.53836,
          -9.367643,
          129.24918
        ],
        [
          39.58321,
          -9.354278,
          183.175
        ],
        [
          39.609592,
          -9.359624,
          461.90353
        ],
        [
          39.622784,
          -9.354278,
          467.2612
        ],
        [
          39.625423,
          -9.367643,
          539.40845
        ],
        [
          39.63334,
          -9.356951,
          502.28665
        ],
        [
          39.646526,
          -9.356951,
          424.24258
        ],
        [
          39.651806,
          -9.367643,
          407.96075
        ],
        [
          39.662357,
          -9.36497,
          281.48276
        ],
        [
          39.662357,
          -9.3516035,
          250.47917
        ],
        [
          39.67291,
          -9.354278,
          203.14722
        ],
        [
          39.67819,
          -9.36497,
          202.92068
        ],
        [
          39.68874,
          -9.3703165,
          171.92664
        ],
        [
          39.696655,
          -9.362297,
          149.94662
        ],
        [
          39.6861,
          -9.354278,
          168.17181
        ],
        [
          39.71776,
          -9.335565,
          134.482
        ],
        [
          39.709846,
          -9.327544,
          135.42413
        ],
        [
          39.71776,
          -9.319525,
          132.54387
        ],
        [
          39.709846,
          -9.311505,
          134.28679
        ],
        [
          39.70193,
          -9.319525,
          137.16707
        ],
