{
  "routes": [
    {
      "route_id": 1,
      "length_km": 75.26,
      "minimum_depth_m": 102.3958,
      "mission_duration_h": 21,
      "mission_duration_m": 48,
      "waypoints": [
        [
          39.57266,
          -9.292792,
          110.0299
        ],
        [
          39.577934,
          -9.292792,
          111.96847
        ],
        [
          39.5753,
          -9.308832,
          118.38546
        ],
        [
          39.58849,
          -9.314178,
          153.13142
        ],
        [
          39.604317,
          -9.335565,
          304.19208
        ],
        [
          39.5964,
          -9.343584,
          274.3446
        ],
        [
          39.591125,
          -9.354278,
          258.76657
        ],
        [
          39.59904,
          -9.362297,
          365.99136
        ],
        [
          39.593765,
          -9.37299,
          363.47772
        ],
        [
          39.606956,
          -9.3703165,
          489.22522
        ],
        [
          39.604317,
          -9.383683,
          529.24365
        ],
        [
          39.5964,
          -9.391703,
          492.7705
        ],
        [
          39.604317,
          -9.399722,
          614.6249
        ],
        [
          39.61487,
          -9.391703,
          633.5223
        ],
        [
          39.622784,
          -9.383683,
          615.1525
        ],
        [
          39.635975,
          -9.38101,
          625.6356
        ],
        [
          39.62806,
          -9.37299,
          571.2401
        ],
        [
          39.617508,
          -9.367643,
          523.945
        ],
        [
          39.620148,
          -9.354278,
          461.76547
        ],
        [
          39.625423,
          -9.340911,
          406.59335
        ],
        [
          39.635975,
          -9.362297,
          533.78265
        ],
        [
          39.646526,
          -9.3703165,
          478.599
        ],
        [
          39.646526,
          -9.383683,
          533.7988
        ],
        [
          39.65708,
          -9.391703,
          406.3905
        ],
        [
          39.646526,
          -9.397049,
          529.06006
        ],
        [
          39.64125,
          -9.410416,
          557.81573
        ],
        [
          39.6307,
          -9.402396,
          634.15936
        ],
        [
          39.609592,
          -9.410416,
          699.5094
        ],
        [
          39.622784,
          -9.418435,
          640.5441
        ],
        [
          39.6307,
          -9.4264555,
          535.69366
        ],
        [
          39.61487,
          -9.429129,
          611.88293
        ],
        [
          39.60168,
          -9.423781,
          665.32513
        ],
        [
          39.5964,
          -9.413089,
          652.0732
        ],
        [
          39.591125,
          -9.429129,
          655.16656
        ],
        [
          39.58321,
          -9.421108,
          638.7078
        ],
        [
          39.57266,
          -9.418435,
          567.6585
        ],
        [
          39.562107,
          -9.423781,
          541.31256
        ],
        [
          39.55683,
          -9.4077425,
          378.5488
        ],
        [
          39.53836,
          -9.399722,
          211.04091
        ],
        [
          39.548916,
          -9.397049,
          250.8127
        ],
        [
          39.55419,
          -9.386356,
          200.18933
        ],
        [
          39.564743,
          -9.391703,
          278.64514
        ],
        [
          39.57266,
          -9.402396,
          419.525
        ],
        [
          39.58321,
          -9.4077425,
          535.85406
        ],
        [
          39.58585,
          -9.394376,
          415.3912
        ],
        [
          39.577934,
          -9.383683,
          277.77408
        ],
        [
          39.58321,
          -9.37299,
          251.93758
        ],
        [
          39.57266,
          -9.362297,
          173.20686
        ],
        [
          39.58585,
          -9.343584,
          188.51344
        ],
        [
          39.5753,
          -9.338238,
          144.33846
        ],
        [
          39.567383,
          -9.327544,
          126.11424
        ],
        [
          39.559467,
          -9.319525,
          115.38142
        ],
        [
          39.548916,
          -9.319525,
          108.34841
        ],
        [
          39.548916,
          -9.300812,
          102.3958
        ],
        [
          39.55683,
          -9.290119,
          103.285225
        ],
        [
          39.57087,
          -9.29249,
          110.0299
        ]
      ]
    }
  ]
}