{
  "routes": [
    {
      "route_id": 1,
      "length_km": 74.251,
      "minimum_depth_m": 110.0299,
      "mission_duration_h": 21,
      "mission_duration_m": 24,
      "waypoints": [
        [
          39.57266,
          -9.292792,
          110.0299
        ],
        [
          39.57002,
          -9.306158,
          114.11325
        ],
        [
          39.591125,
          -9.322198,
          181.4083
        ],
        [
          39.60168,
          -9.340911,
          306.6864
        ],
        [
          39.61487,
          -9.338238,
          369.85568
        ],
        [
          39.625423,
          -9.34893,
          446.2915
        ],
        [
          39.6307,
          -9.359624,
          509.96024
        ],
        [
          39.646526,
          -9.335565,
          341.27417
        ],
        [
          39.667633,
          -9.327544,
          188.21451
        ],
        [
          39.67555,
          -9.335565,
          172.59029
        ],
        [
          39.68874,
          -9.340911,
          152.67505
        ],
        [
          39.69929,
          -9.338238,
          140.22382
        ],
        [
          39.707207,
          -9.34893,
          140.92334
        ],
        [
          39.71776,
          -9.3516035,
          137.28601
        ],
        [
          39.720398,
          -9.367643,
          138.44261
        ],
        [
          39.71776,
          -9.38101,
          141.89647
        ],
        [
          39.720398,
          -9.397049,
          141.91591
        ],
        [
          39.715122,
          -9.4077425,
          145.66579
        ],
        [
          39.715122,
          -9.421108,
          146.53079
        ],
        [
          39.704567,
          -9.429129,
          151.14725
        ],
        [
          39.68874,
          -9.423781,
          169.51007
        ],
        [
          39.680824,
          -9.415762,
          201.81737
        ],
        [
          39.670273,
          -9.410416,
          247.1863
        ],
        [
          39.659718,
          -9.413089,
          332.02155
        ],
        [
          39.64389,
          -9.429129,
          417.91507
        ],
        [
          39.635975,
          -9.421108,
          548.0441
        ],
        [
          39.609592,
          -9.4264555,
          657.2007
        ],
        [
          39.59904,
          -9.421108,
          669.3717
        ],
        [
          39.58585,
          -9.423781,
          648.96045
        ],
        [
          39.577934,
          -9.413089,
          560.95416
        ],
        [
          39.58321,
          -9.402396,
          477.93973
        ],
        [
          39.57266,
          -9.402396,
          419.525
        ],
        [
          39.564743,
          -9.410416,
          450.30417
        ],
        [
          39.55683,
          -9.421108,
          491.33398
        ],
        [
          39.548916,
          -9.413089,
          359.8337
        ],
        [
          39.53836,
          -9.413089,
          269.53857
        ],
        [
          39.535725,
          -9.38101,
          143.40045
        ],
        [
          39.533085,
          -9.367643,
          122.408005
        ],
        [
          39.54364,
          -9.362297,
          125.900444
        ],
        [
          39.559467,
          -9.386356,
          219.63669
        ],
        [
          39.57266,
          -9.378337,
          237.41592
        ],
        [
          39.58321,
          -9.386356,
          314.8728
        ],
        [
          39.591125,
          -9.378337,
          361.49384
        ],
        [
          39.58321,
          -9.367643,
          226.7635
        ],
        [
          39.567383,
          -9.3516035,
          146.93843
        ],
        [
          39.55683,
          -9.354278,
          130.97086
        ],
        [
          39.562107,
          -9.327544,
          121.149704
        ],
        [
          39.57002,
          -9.319525,
          123.16529
        ],
        [
          39.57243,
          -9.295101,
          110.0299
        ]
      ]
    }
  ]
}