{
  "routes": [
    {
      "route_id": 1,
      "length_km": 37.483,
      "minimum_depth_m": 87.35549,
      "mission_duration_h": 10,
      "mission_duration_m": 49,
      "waypoints": [
        [
          39.57266,
          -9.292792,
          110.0299
        ],
        [
          39.567383,
          -9.287446,
          106.25201
        ],
        [
          39.55683,
          -9.287446,
          102.356255
        ],
        [
          39.55419,
          -9.300812,
          105.899475
        ],
        [
          39.562107,
          -9.311505,
          113.505066
        ],
        [
          39.548916,
          -9.314178,
          106.7134
        ],
        [
          39.541,
          -9.300812,
          97.140274
        ],
        [
          39.533085,
          -9.292792,
          88.61579
        ],
        [
          39.55683,
          -9.268733,
          95.12754
        ],
        [
          39.55155,
          -9.258039,
          87.35549
        ],
        [
          39.559467,
          -9.25002,
          88.122925
        ],
        [
          39.580574,
          -9.247347,
          96.041504
        ],
        [
          39.59904,
          -9.231307,
          99.13923
        ],
        [
          39.61487,
          -9.247347,
          139.47029
        ],
        [
          39.62806,
          -9.236654,
          188.43768
        ],
        [
          39.625423,
          -9.25002,
          197.55615
        ],
        [
          39.6307,
          -9.260714,
          247.61296
        ],
        [
          39.620148,
          -9.26606,
          195.58476
        ],
        [
          39.609592,
          -9.260714,
          129.3725
        ],
        [
          39.604317,
          -9.271406,
          134.51587
        ],
        [
          39.593765,
          -9.268733,
          119.0015
        ],
        [
          39.604317,
          -9.287446,
          157.17113
        ],
        [
          39.59904,
          -9.298139,
          160.45682
        ],
        [
          39.593765,
          -9.287446,
          135.29443
        ],
        [
          39.58321,
          -9.287446,
          113.417755
        ],
        [
          39.5753,
          -9.279426,
          106.43576
        ],
        [
          39.5731,
          -9.290537,
          110.0299
        ]
      ]
    }
  ]
}