{
  "routes": [
    {
      "route_id": 1,
      "length_km": 37.452,
      "minimum_depth_m": 103.75653,
      "mission_duration_h": 10,
      "mission_duration_m": 48,
      "waypoints": [
        [
          39.57266,
          -9.292792,
          110.0299
        ],
        [
          39.559467,
          -9.314178,
          113.190735
        ],
        [
          39.53836,
          -9.324871,
          103.75653
        ],
        [
          39.54364,
          -9.335565,
          110.73441
        ],
        [
          39.546276,
          -9.34893,
          118.66835
        ],
        [
          39.55419,
          -9.356951,
          128.25725
        ],
        [
          39.54364,
          -9.362297,
          125.900444
        ],
        [
          39.55155,
          -9.3703165,
          153.0276
        ],
        [
          39.562107,
          -9.3703165,
          177.38466
        ],
        [
          39.57002,
          -9.378337,
          228.9367
        ],
        [
          39.5753,
          -9.3890295,
          296.36206
        ],
        [
          39.57266,
          -9.402396,
          419.525
        ],
        [
          39.5964,
          -9.413089,
          652.0732
        ],
        [
          39.60168,
          -9.423781,
          665.32513
        ],
        [
          39.606956,
          -9.413089,
          698.717
        ],
        [
          39.604317,
          -9.399722,
          614.6249
        ],
        [
          39.612232,
          -9.391703,
          631.2876
        ],
        [
          39.604317,
          -9.383683,
          529.24365
        ],
        [
          39.61487,
          -9.378337,
          573.5899
        ],
        [
          39.606956,
          -9.3703165,
          489.22522
        ],
        [
          39.593765,
          -9.37299,
          363.47772
        ],
        [
          39.580574,
          -9.37299,
          238.45549
        ],
        [
          39.564743,
          -9.34893,
          140.27315
        ],
        [
          39.5753,
          -9.340911,
          147.49477
        ],
        [
          39.580574,
          -9.308832,
          120.84726
        ],
        [
          39.573627,
          -9.294755,
          110.0299
        ]
      ]
    }
  ]
}