{
  "routes": [
    {
      "route_id": 1,
      "length_km": 75.532,
      "minimum_depth_m": 77.0183,
      "mission_duration_h": 21,
      "mission_duration_m": 46,
      "waypoints": [
        [
          39.57266,
          -9.292792,
          110.0299
        ],
        [
          39.567383,
          -9.290119,
          107.17167
        ],
        [
          39.562107,
          -9.279426,
          101.53118
        ],
        [
          39.55683,
          -9.290119,
          103.285225
        ],
        [
          39.54364,
          -9.290119,
          94.84418
        ],
        [
          39.564743,
          -9.316852,
          117.82048
        ],
        [
          39.567383,
          -9.303485,
          111.76999
        ],
        [
          39.577934,
          -9.308832,
          119.61636
        ],
        [
          39.58585,
          -9.316852,
          145.57162
        ],
        [
          39.591125,
          -9.327544,
          192.67145
        ],
        [
          39.60168,
          -9.306158,
          182.29196
        ],
        [
          39.617508,
          -9.303485,
          240.95454
        ],
        [
          39.6307,
          -9.292792,
          300.03168
        ],
        [
          39.62806,
          -9.279426,
          267.637
        ],
        [
          39.61487,
          -9.271406,
          171.21594
        ],
        [
          39.620148,
          -9.260714,
          187.0221
        ],
        [
          39.6307,
          -9.263387,
          253.21231
        ],
        [
          39.62806,
          -9.25002,
          211.38583
        ],
        [
          39.638615,
          -9.244674,
          253.7664
        ],
        [
          39.649166,
          -9.25002,
          309.52396
        ],
        [
          39.662357,
          -9.228634,
          336.2696
        ],
        [
          39.667633,
          -9.207248,
          278.8414
        ],
        [
          39.67819,
          -9.207248,
          233.518
        ],
        [
          39.6861,
          -9.196555,
          171.09497
        ],
        [
          39.664997,
          -9.185862,
          206.32439
        ],
        [
          39.680824,
          -9.169823,
          124.83658
        ],
        [
          39.67291,
          -9.159129,
          113.9006
        ],
        [
          39.683464,
          -9.151109,
          83.48164
        ],
        [
          39.694016,
          -9.156456,
          79.8272
        ],
        [
          39.707207,
          -9.16715,
          91.73684
        ],
        [
          39.709846,
          -9.153783,
          77.0183
        ],
        [
          39.720398,
          -9.159129,
          82.28196
        ],
        [
          39.71776,
          -9.185862,
          112.64042
        ],
        [
          39.70193,
          -9.180515,
          112.687454
        ],
        [
          39.694016,
          -9.172496,
          102.45154
        ],
        [
          39.6861,
          -9.180515,
          136.00868
        ],
        [
          39.694016,
          -9.188536,
          129.34305
        ],
        [
          39.70193,
          -9.199228,
          141.69974
        ],
        [
          39.67555,
          -9.225961,
          296.40234
        ],
        [
          39.651806,
          -9.220614,
          268.38867
        ],
        [
          39.64125,
          -9.217941,
          210.76787
        ],
        [
          39.64389,
          -9.231307,
          249.19928
        ],
        [
          39.6307,
          -9.236654,
          200.1455
        ],
        [
          39.620148,
          -9.228634,
          143.55235
        ],
        [
          39.617508,
          -9.242001,
          147.25333
        ],
        [
          39.609592,
          -9.25002,
          117.39076
        ],
        [
          39.59904,
          -9.263387,
          121.00683
        ],
        [
          39.60168,
          -9.279426,
          139.77101
        ],
        [
          39.580574,
          -9.284773,
          110.21365
        ],
        [
          39.574074,
          -9.291356,
          110.0299
        ]
      ]
    }
  ]
}