{
  "routes": [
    {
      "route_id": 1,
      "length_km": 75.491,
      "minimum_depth_m": 41.574818,
      "mission_duration_h": 21,
      "mission_duration_m": 49,
      "waypoints": [
        [
          39.57266,
          -9.292792,
          110.0299
        ],
        [
          39.58321,
          -9.271406,
          107.16238
        ],
        [
          39.5964,
          -9.25002,
          108.01362
        ],
        [
          39.591125,
          -9.239327,
          98.53941
        ],
        [
          39.580574,
          -9.23398,
          89.39218
        ],
        [
          39.58321,
          -9.220614,
          84.15347
        ],
        [
          39.593765,
          -9.215268,
          88.78029
        ],
        [
          39.604317,
          -9.207248,
          95.643425
        ],
        [
          39.609592,
          -9.196555,
          100.74454
        ],
        [
          39.617508,
          -9.204575,
          123.13647
        ],
        [
          39.62806,
          -9.196555,
          151.7635
        ],
        [
          39.638615,
          -9.193882,
          179.11278
        ],
        [
          39.646526,
          -9.204575,
          213.29387
        ],
        [
          39.651806,
          -9.217941,
          262.07428
        ],
        [
          39.64125,
          -9.223288,
          218.66766
        ],
        [
          39.646526,
          -9.23398,
          267.51874
        ],
        [
          39.659718,
          -9.236654,
          335.2039
        ],
        [
          39.67291,
          -9.225961,
          310.84656
        ],
        [
          39.664997,
          -9.217941,
          326.20734
        ],
        [
          39.667633,
          -9.191209,
          218.20403
        ],
        [
          39.67555,
          -9.183188,
          171.3053
        ],
        [
          39.683464,
          -9.191209,
          166.8445
        ],
        [
          39.694016,
          -9.193882,
          138.4113
        ],
        [
          39.694016,
          -9.207248,
          166.82523
        ],
        [
          39.704567,
          -9.204575,
          146.86476
        ],
        [
          39.707207,
          -9.191209,
          125.59613
        ],
        [
          39.694016,
          -9.172496,
          102.45154
        ],
        [
          39.683464,
          -9.175169,
          131.17464
        ],
        [
          39.67555,
          -9.16715,
          128.86739
        ],
        [
          39.680824,
          -9.156456,
          96.78133
        ],
        [
          39.67555,
          -9.145762,
          79.193825
        ],
        [
          39.651806,
          -9.148436,
          108.01566
        ],
        [
          39.64125,
          -9.156456,
          135.67807
        ],
        [
          39.635975,
          -9.145762,
          116.226814
        ],
        [
          39.622784,
          -9.143089,
          109.4755
        ],
        [
          39.612232,
          -9.129723,
          92.575294
        ],
        [
          39.604317,
          -9.140416,
          94.54253
        ],
        [
          39.577934,
          -9.140416,
          42.614483
        ],
        [
          39.567383,
          -9.161802,
          41.71545
        ],
        [
          39.593765,
          -9.161802,
          78.65666
        ],
        [
          39.593765,
          -9.175169,
          80.787674
        ],
        [
          39.58321,
          -9.180515,
          64.78121
        ],
        [
          39.57002,
          -9.183188,
          55.083054
        ],
        [
          39.55683,
          -9.180515,
          43.21471
        ],
        [
          39.55155,
          -9.193882,
          47.862865
        ],
        [
          39.55683,
          -9.204575,
          58.788467
        ],
        [
          39.567383,
          -9.209921,
          68.9006
        ],
        [
          39.57266,
          -9.220614,
          78.473335
        ],
        [
          39.567383,
          -9.231307,
          81.52102
        ],
        [
          39.57266,
          -9.242001,
          89.742165
        ],
        [
          39.562107,
          -9.263387,
          94.92799
        ],
        [
          39.564743,
          -9.279426,
          102.51209
        ],
        [
          39.571564,
          -9.290943,
          110.0299
        ]
      ]
    }
  ]
}