{
  "routes": [
    {
      "route_id": 1,
      "length_km": 62.153,
      "minimum_depth_m": 110.0299,
      "mission_duration_h": 17,
      "mission_duration_m": 38,
      "waypoints": [
        [
          39.57266,
          -9.292792,
          110.0299
        ],
        [
          39.58321,
          -9.346257,
          171.0855
        ],
        [
          39.562107,
          -9.354278,
          140.20097
        ],
        [
          39.55155,
          -9.356951,
          126.33856
        ],
        [
          39.541,
          -9.36497,
          128.10167
        ],
        [
          39.55419,
          -9.37299,
          164.17743
        ],
        [
          39.564743,
          -9.386356,
          239.5902
        ],
        [
          39.5753,
          -9.3703165,
          212.29308
        ],
        [
          39.58585,
          -9.37299,
          279.8226
        ],
        [
          39.591125,
          -9.397049,
          487.56784
        ],
        [
          39.606956,
          -9.3703165,
          489.22522
        ],
        [
          39.625423,
          -9.359624,
          499.2224
        ],
        [
          39.63334,
          -9.386356,
          647.2306
        ],
        [
          39.646526,
          -9.359624,
          434.61365
        ],
        [
          39.670273,
          -9.343584,
          194.01335
        ],
        [
          39.67555,
          -9.3703165,
          220.59764
        ],
        [
          39.694016,
          -9.354278,
          148.21584
        ],
        [
          39.694016,
          -9.332891,
          139.56914
        ],
        [
          39.709846,
          -9.335565,
          136.53798
        ],
        [
          39.720398,
          -9.306158,
          130.15913
        ],
        [
          39.69929,
          -9.311505,
          137.76878
        ],
        [
          39.635975,
          -9.330218,
          385.28314
        ],
        [
          39.604317,
          -9.340911,
          327.20935
        ],
        [
          39.593765,
          -9.343584,
          252.88681
        ],
        [
          39.57351,
          -9.294844,
          110.0299
        ]
      ]
    }
  ]
}