{
  "routes": [
    {
      "route_id": 1,
      "length_km": 36.952,
      "minimum_depth_m": 57.89406,
      "mission_duration_h": 10,
      "mission_duration_m": 37,
      "waypoints": [
        [
          39.57266,
          -9.292792,
          110.0299
        ],
        [
          39.564743,
          -9.290119,
          106.20006
        ],
        [
          39.562107,
          -9.274079,
          99.45663
        ],
        [
          39.55683,
          -9.260714,
          91.635155
        ],
        [
          39.55683,
          -9.23398,
          77.831726
        ],
        [
          39.564743,
          -9.225961,
          77.26786
        ],
        [
          39.567383,
          -9.209921,
          68.9006
        ],
        [
          39.5753,
          -9.180515,
          57.89406
        ],
        [
          39.58585,
          -9.177842,
          68.016525
        ],
        [
          39.593765,
          -9.16715,
          80.05667
        ],
        [
          39.62806,
          -9.177842,
          145.23647
        ],
        [
          39.638615,
          -9.172496,
          161.98956
        ],
        [
          39.64389,
          -9.183188,
          176.05038
        ],
        [
          39.63334,
          -9.188536,
          162.13379
        ],
        [
          39.620148,
          -9.188536,
          128.79822
        ],
        [
          39.612232,
          -9.199228,
          107.106766
        ],
        [
          39.60168,
          -9.204575,
          93.01503
        ],
        [
          39.58321,
          -9.201901,
          74.47029
        ],
        [
          39.58849,
          -9.212595,
          84.00189
        ],
        [
          39.5753,
          -9.220614,
          79.883316
        ],
        [
          39.580574,
          -9.23398,
          89.39218
        ],
        [
          39.567383,
          -9.255366,
          93.756134
        ],
        [
          39.5753,
          -9.287446,
          109.17381
        ],
        [
          39.573627,
          -9.29083,
          110.0299
        ]
      ]
    }
  ]
}