{
  "routes": [
    {
      "route_id": 1,
      "length_km": 36.57,
      "minimum_depth_m": 108.14328,
      "mission_duration_h": 10,
      "mission_duration_m": 29,
      "waypoints": [
        [
          39.57266,
          -9.292792,
          110.0299
        ],
        [
          39.57002,
          -9.290119,
          108.14328
        ],
        [
          39.57266,
          -9.324871,
          129.08961
        ],
        [
          39.57002,
          -9.346257,
          145.90454
        ],
        [
          39.5753,
          -9.359624,
          169.58887
        ],
        [
          39.567383,
          -9.367643,
          181.64487
        ],
        [
          39.58321,
          -9.402396,
          477.93973
        ],
        [
          39.58849,
          -9.413089,
          617.09033
        ],
        [
          39.60168,
          -9.421108,
          674.48236
        ],
        [
          39.612232,
          -9.410416,
          694.9873
        ],
        [
          39.63334,
          -9.405069,
          624.4207
        ],
        [
          39.62806,
          -9.394376,
          643.2591
        ],
        [
          39.620148,
          -9.383683,
          610.4315
        ],
        [
          39.646526,
          -9.383683,
          533.7988
        ],
        [
          39.646526,
          -9.3703165,
          478.599
        ],
        [
          39.622784,
          -9.367643,
          534.25397
        ],
        [
          39.61487,
          -9.356951,
          464.26038
        ],
        [
          39.604317,
          -9.3516035,
          373.24387
        ],
        [
          39.593765,
          -9.330218,
          215.11285
        ],
        [
          39.5964,
          -9.306158,
          164.95538
        ],
        [
          39.58321,
          -9.295465,
          116.50836
        ],
        [
          39.574425,
          -9.29324,
          110.0299
        ]
      ]
    }
  ]
}