{
  "routes": [
    {
      "route_id": 1,
      "length_km": 150.727,
      "minimum_depth_m": 41.574818,
      "mission_duration_h": 43,
      "mission_duration_m": 33,
      "waypoints": [
        [
          39.57266,
          -9.292792,
          110.0299
        ],
        [
          39.567383,
          -9.303485,
          111.76999
        ],
        [
          39.55683,
          -9.311505,
          110.68573
        ],
        [
          39.567383,
          -9.327544,
          126.11424
        ],
        [
          39.562107,
          -9.356951,
          142.2512
        ],
        [
          39.57266,
          -9.362297,
          173.20686
        ],
        [
          39.58321,
          -9.359624,
          191.23468
        ],
        [
          39.5964,
          -9.343584,
          274.3446
        ],
        [
          39.606956,
          -9.332891,
          310.40186
        ],
        [
          39.593765,
          -9.327544,
          208.57666
        ],
        [
          39.60168,
          -9.316852,
          219.29213
        ],
        [
          39.612232,
          -9.314178,
          255.58214
        ],
        [
          39.62806,
          -9.279426,
          267.637
        ],
        [
          39.62806,
          -9.25002,
          211.38583
        ],
        [
          39.651806,
          -9.25002,
          320.4024
        ],
        [
          39.64125,
          -9.242001,
          259.61758
        ],
        [
          39.635975,
          -9.228634,
          206.04977
        ],
        [
          39.64389,
          -9.204575,
          204.68958
        ],
        [
          39.649166,
          -9.191209,
          195.34395
        ],
        [
          39.64389,
          -9.180515,
          172.6805
        ],
        [
          39.65444,
          -9.175169,
          169.5612
        ],
        [
          39.64389,
          -9.16715,
          155.83109
        ],
        [
          39.651806,
          -9.156456,
          127.56897
        ],
        [
          39.64389,
          -9.148436,
          116.12939
        ],
        [
          39.65444,
          -9.143089,
          91.82402
        ],
        [
          39.646526,
          -9.135069,
          85.899635
        ],
        [
          39.63334,
          -9.137742,
          101.844925
        ],
        [
          39.625423,
          -9.129723,
          90.56273
        ],
        [
          39.651806,
          -9.121703,
          62.83681
        ],
        [
          39.659718,
          -9.132396,
          66.17405
        ],
        [
          39.664997,
          -9.121703,
          49.97976
        ],
        [
          39.67819,
          -9.121703,
          48.799915
        ],
        [
          39.68874,
          -9.11903,
          46.814095
        ],
        [
          39.70193,
          -9.124376,
          51.186367
        ],
        [
          39.712482,
          -9.121703,
          51.416153
        ],
        [
          39.71776,
          -9.132396,
          58.78199
        ],
        [
          39.707207,
          -9.135069,
          58.314034
        ],
        [
          39.707207,
          -9.148436,
          71.19312
        ],
        [
          39.696655,
          -9.156456,
          79.824875
        ],
        [
          39.68874,
          -9.148436,
          74.08327
        ],
        [
          39.696655,
          -9.140416,
          60.67869
        ],
        [
          39.68874,
          -9.132396,
          54.943115
        ],
        [
          39.680824,
          -9.140416,
          64.90301
        ],
        [
          39.67291,
          -9.132396,
          57.57912
        ],
        [
          39.667633,
          -9.143089,
          77.274796
        ],
        [
          39.670273,
          -9.156456,
          110.84051
        ],
        [
          39.680824,
          -9.156456,
          96.78133
        ],
        [
          39.67555,
          -9.16715,
          128.86739
        ],
        [
          39.664997,
          -9.172496,
          164.896
        ],
        [
          39.67555,
          -9.185862,
          178.3783
        ],
        [
          39.6861,
          -9.180515,
          136.00868
        ],
        [
          39.694016,
          -9.172496,
          102.45154
        ],
        [
          39.704567,
          -9.180515,
          111.61751
        ],
        [
          39.707207,
          -9.16715,
          91.73684
        ],
        [
          39.720398,
          -9.172496,
          96.07072
        ],
        [
          39.71776,
          -9.185862,
          112.64042
        ],
        [
          39.694016,
          -9.207248,
          166.82523
        ],
        [
          39.683464,
          -9.212595,
          226.02602
        ],
        [
          39.683464,
          -9.225961,
          253.06964
        ],
        [
          39.67291,
          -9.220614,
          303.64844
        ],
        [
          39.662357,
          -9.225961,
          332.46835
        ],
        [
          39.6307,
          -9.201901,
          161.91264
        ],
        [
          39.635975,
          -9.188536,
          168.8009
        ],
        [
          39.62806,
          -9.164475,
          139.34521
        ],
        [
          39.6307,
          -9.151109,
          122.81485
        ],
        [
          39.606956,
          -9.156456,
          104.13339
        ],
        [
          39.612232,
          -9.169823,
          114.89555
        ],
        [
          39.60168,
          -9.16715,
          95.649345
        ],
        [
          39.593765,
          -9.159129,
          77.81324
        ],
        [
          39.58321,
          -9.151109,
          53.251316
        ],
        [
          39.577934,
          -9.140416,
          42.614483
        ],
        [
          39.567383,
          -9.161802,
          41.71545
        ],
        [
          39.580574,
          -9.164475,
          54.974762
        ],
        [
          39.591125,
          -9.172496,
          75.77609
        ],
        [
          39.58321,
          -9.180515,
          64.78121
        ],
        [
          39.57266,
          -9.180515,
          55.79701
        ],
        [
          39.559467,
          -9.175169,
          42.176743
        ],
        [
          39.564743,
          -9.188536,
          53.931763
        ],
        [
          39.58585,
          -9.196555,
          74.60776
        ],
        [
          39.5964,
          -9.185862,
          85.45615
        ],
        [
          39.609592,
          -9.185862,
          103.92517
        ],
        [
          39.620148,
          -9.180515,
          128.76892
        ],
        [
          39.620148,
          -9.193882,
          128.8668
        ],
        [
          39.609592,
          -9.199228,
          100.61967
        ],
        [
          39.59904,
          -9.201901,
          90.085
        ],
        [
          39.593765,
          -9.212595,
          88.000244
        ],
        [
          39.562107,
          -9.201901,
          60.37682
        ],
        [
          39.55155,
          -9.204575,
          55.482464
        ],
        [
          39.53836,
          -9.196555,
          41.656094
        ],
        [
          39.535725,
          -9.209921,
          49.468136
        ],
        [
          39.546276,
          -9.215268,
          59.81534
        ],
        [
          39.55683,
          -9.215268,
          66.2718
        ],
        [
          39.57002,
          -9.220614,
          77.063354
        ],
        [
          39.55683,
          -9.23398,
          77.831726
        ],
        [
          39.567383,
          -9.252693,
          92.655945
        ],
        [
