{
  "routes": [
    {
      "route_id": 1,
      "length_km": 38.805,
      "minimum_depth_m": 109.11489,
      "mission_duration_h": 11,
      "mission_duration_m": 11,
      "waypoints": [
        [
          39.57266,
          -9.292792,
          110.0299
        ],
        [
          39.580574,
          -9.287446,
          111.12169
        ],
        [
          39.58585,
          -9.276752,
          113.098976
        ],
        [
          39.593765,
          -9.268733,
          119.0015
        ],
        [
          39.593765,
          -9.255366,
          109.813416
        ],
        [
          39.606956,
          -9.258039,
          123.92273
        ],
        [
          39.617508,
          -9.252693,
          160.01889
        ],
        [
          39.622784,
          -9.26606,
          211.39148
        ],
        [
          39.646526,
          -9.268733,
          315.3089
        ],
        [
          39.65444,
          -9.276752,
          316.79062
        ],
        [
          39.664997,
          -9.271406,
          322.35437
        ],
        [
          39.67819,
          -9.271406,
          252.66165
        ],
        [
          39.6861,
          -9.279426,
          195.43901
        ],
        [
          39.67555,
          -9.284773,
          238.27945
        ],
        [
          39.659718,
          -9.306158,
          250.86972
        ],
        [
          39.649166,
          -9.308832,
          302.32928
        ],
        [
          39.638615,
          -9.306158,
          352.12955
        ],
        [
          39.64389,
          -9.290119,
          325.1112
        ],
        [
          39.63334,
          -9.295465,
          318.2934
        ],
        [
          39.622784,
          -9.290119,
          249.71889
        ],
        [
          39.612232,
          -9.287446,
          181.65115
        ],
        [
          39.591125,
          -9.290119,
          132.11838
        ],
        [
          39.58321,
          -9.300812,
          118.56876
        ],
        [
          39.593765,
          -9.306158,
          156.28711
        ],
        [
          39.591125,
          -9.322198,
          181.4083
        ],
        [
          39.562107,
          -9.303485,
          109.85004
        ],
        [
          39.571243,
          -9.294229,
          110.0299
        ]
      ]
    }
  ]
}