descriptor,mean_trajectory_difference,mean_distance_from_baseline,mean_delta_descriptor_score,mean_area_covered,mean_top10_descriptor_path
representative_zone,0.9482090490155006,5.544692919736727,87.81123733520508,158.0,0.31645569620253167
gradient,0.9057194131425309,3.6663673234586596,-29.57417318224907,153.5,0.0
boundary,0.8638122883405903,13.941256759469269,37.93046855926514,157.5,0.09210526315789473
heterogeneity,0.8528233647040523,4.474680757504934,11.491512298583984,150.5,0.08163265306122448
interest,0.6486832764859671,1.917320714870387,-20.524829864501953,157.0,0.0
