{
  "routes": [
    {
      "route_id": 1,
      "length_km": 39.984,
      "minimum_depth_m": 103.33019,
      "mission_duration_h": 11,
      "mission_duration_m": 19,
      "waypoints": [
        [
          39.57266,
          -9.292792,
          110.0299
        ],
        [
          39.559467,
          -9.300812,
          107.96341
        ],
        [
          39.559467,
          -9.287446,
          103.33019
        ],
        [
          39.61487,
          -9.255366,
          149.48203
        ],
        [
          39.64389,
          -9.239327,
          265.981
        ],
        [
          39.69929,
          -9.207248,
          158.80934
        ],
        [
          39.709846,
          -9.201901,
          136.67426
        ],
        [
          39.71776,
          -9.209921,
          132.48984
        ],
        [
          39.67291,
          -9.23398,
          318.46973
        ],
        [
          39.651806,
          -9.247347,
          317.09796
        ],
        [
          39.64125,
          -9.252693,
          281.8221
        ],
        [
          39.6307,
          -9.255366,
          236.41425
        ],
        [
          39.622784,
          -9.263387,
          206.78064
        ],
        [
          39.591125,
          -9.282099,
          125.23905
        ],
        [
          39.574306,
          -9.2918415,
          110.0299
        ]
      ]
    }
  ]
}