{
  "routes": [
    {
      "route_id": 1,
      "length_km": 35.775,
      "minimum_depth_m": 41.574818,
      "mission_duration_h": 10,
      "mission_duration_m": 17,
      "waypoints": [
        [
          39.57266,
          -9.292792,
          110.0299
        ],
        [
          39.567383,
          -9.292792,
          108.09133
        ],
        [
          39.562107,
          -9.282099,
          102.4555
        ],
        [
          39.55419,
          -9.274079,
          96.29343
        ],
        [
          39.559467,
          -9.263387,
          93.86364
        ],
        [
          39.55683,
          -9.204575,
          58.788467
        ],
        [
          39.567383,
          -9.177842,
          50.17371
        ],
        [
          39.5753,
          -9.16715,
          51.43962
        ],
        [
          39.57002,
          -9.156456,
          41.574818
        ],
        [
          39.591125,
          -9.153783,
          70.65608
        ],
        [
          39.609592,
          -9.140416,
          105.859146
        ],
        [
          39.617508,
          -9.148436,
          112.472206
        ],
        [
          39.606956,
          -9.153783,
          103.47797
        ],
        [
          39.59904,
          -9.164475,
          90.13992
        ],
        [
          39.58849,
          -9.16715,
          69.66155
        ],
        [
          39.58321,
          -9.177842,
          63.678257
        ],
        [
          39.58321,
          -9.191209,
          69.19303
        ],
        [
          39.57266,
          -9.193882,
          62.504566
        ],
        [
          39.567383,
          -9.207248,
          67.2124
        ],
        [
          39.57002,
          -9.23398,
          84.254196
        ],
        [
          39.567383,
          -9.25002,
          91.555756
        ],
        [
          39.57266,
          -9.260714,
          98.11719
        ],
        [
          39.57266,
          -9.290464,
          110.0299
        ]
      ]
    }
  ]
}