{
  "routes": [
    {
      "route_id": 1,
      "length_km": 151.627,
      "minimum_depth_m": 40.609234,
      "mission_duration_h": 43,
      "mission_duration_m": 31,
      "waypoints": [
        [
          39.57266,
          -9.292792,
          110.0299
        ],
        [
          39.577934,
          -9.298139,
          113.78918
        ],
        [
          39.559467,
          -9.314178,
          113.190735
        ],
        [
          39.55155,
          -9.340911,
          118.113754
        ],
        [
          39.54364,
          -9.34893,
          116.88945
        ],
        [
          39.533085,
          -9.354278,
          111.863075
        ],
        [
          39.53836,
          -9.322198,
          102.850525
        ],
        [
          39.533085,
          -9.303485,
          92.97441
        ],
        [
          39.54364,
          -9.303485,
          99.9041
        ],
        [
          39.55155,
          -9.295465,
          102.24017
        ],
        [
          39.53836,
          -9.290119,
          91.18516
        ],
        [
          39.533085,
          -9.274079,
          80.9483
        ],
        [
          39.55419,
          -9.274079,
          96.29343
        ],
        [
          39.562107,
          -9.258039,
          92.66367
        ],
        [
          39.57266,
          -9.274079,
          103.45829
        ],
        [
          39.58321,
          -9.260714,
          102.89942
        ],
        [
          39.5753,
          -9.244674,
          92.33276
        ],
        [
          39.562107,
          -9.231307,
          78.904495
        ],
        [
          39.577934,
          -9.217941,
          79.787735
        ],
        [
          39.564743,
          -9.204575,
          63.84027
        ],
        [
          39.55155,
          -9.215268,
          63.102062
        ],
        [
          39.541,
          -9.209921,
          52.742844
        ],
        [
          39.541,
          -9.193882,
          41.385548
        ],
        [
          39.55155,
          -9.196555,
          49.767765
        ],
        [
          39.559467,
          -9.172496,
          40.609234
        ],
        [
          39.58321,
          -9.164475,
          58.220425
        ],
        [
          39.577934,
          -9.140416,
          42.614483
        ],
        [
          39.59904,
          -9.140416,
          83.2259
        ],
        [
          39.612232,
          -9.124376,
          83.8143
        ],
        [
          39.609592,
          -9.140416,
          105.859146
        ],
        [
          39.64125,
          -9.161802,
          146.90749
        ],
        [
          39.620148,
          -9.172496,
          128.73962
        ],
        [
          39.604317,
          -9.177842,
          98.38442
        ],
        [
          39.593765,
          -9.175169,
          80.787674
        ],
        [
          39.58849,
          -9.188536,
          75.04804
        ],
        [
          39.625423,
          -9.209921,
          149.14268
        ],
        [
          39.64389,
          -9.193882,
          189.56566
        ],
        [
          39.65444,
          -9.191209,
          204.52788
        ],
        [
          39.64125,
          -9.220614,
          213.70438
        ],
        [
          39.617508,
          -9.217941,
          125.03089
        ],
        [
          39.606956,
          -9.220614,
          98.07397
        ],
        [
          39.5964,
          -9.217941,
          91.257866
        ],
        [
          39.58849,
          -9.231307,
          92.68658
        ],
        [
          39.6307,
          -9.236654,
          200.1455
        ],
        [
          39.64125,
          -9.242001,
          259.61758
        ],
        [
          39.635975,
          -9.252693,
          259.13327
        ],
        [
          39.646526,
          -9.252693,
          301.026
        ],
        [
          39.651806,
          -9.236654,
          297.79547
        ],
        [
          39.662357,
          -9.23398,
          343.8721
        ],
        [
          39.65708,
          -9.223288,
          301.16724
        ],
        [
          39.667633,
          -9.223288,
          336.5075
        ],
        [
          39.67291,
          -9.23398,
          318.46973
        ],
        [
          39.683464,
          -9.231307,
          255.40578
        ],
        [
          39.67819,
          -9.217941,
          267.6752
        ],
        [
          39.664997,
          -9.207248,
          284.06058
        ],
        [
          39.667633,
          -9.180515,
          185.40005
        ],
        [
          39.720398,
          -9.16715,
          89.98598
        ],
        [
          39.715122,
          -9.185862,
          113.998276
        ],
        [
          39.680824,
          -9.193882,
          181.8768
        ],
        [
          39.68874,
          -9.212595,
          201.45543
        ],
        [
          39.720398,
          -9.204575,
          125.448235
        ],
        [
          39.715122,
          -9.217941,
          143.46014
        ],
        [
          39.704567,
          -9.220614,
          170.43694
        ],
        [
          39.694016,
          -9.228634,
          196.57286
        ],
        [
          39.70193,
          -9.236654,
          176.8892
        ],
        [
          39.715122,
          -9.23398,
          145.07703
        ],
        [
          39.720398,
          -9.247347,
          130.83676
        ],
        [
          39.69929,
          -9.25002,
          181.59015
        ],
        [
          39.70193,
          -9.263387,
          162.25111
        ],
        [
          39.691376,
          -9.263387,
          190.15833
        ],
        [
          39.68874,
          -9.25002,
          227.08194
        ],
        [
          39.667633,
          -9.252693,
          359.0467
        ],
        [
          39.65708,
          -9.252693,
          339.43378
        ],
        [
          39.65444,
          -9.268733,
          321.1377
        ],
        [
          39.6307,
          -9.26606,
          258.81168
        ],
        [
          39.625423,
          -9.252693,
          202.49649
        ],
        [
          39.61487,
          -9.255366,
          149.48203
        ],
        [
          39.606956,
          -9.247347,
          113.552414
        ],
        [
          39.5964,
          -9.244674,
          104.89618
        ],
        [
          39.59904,
          -9.258039,
          116.559715
        ],
        [
          39.609592,
          -9.26606,
          135.36337
        ],
        [
          39.60168,
          -9.274079,
          133.5132
        ],
        [
          39.591125,
          -9.276752,
          120.70923
        ],
        [
          39.58321,
          -9.287446,
          113.417755
        ],
        [
          39.57002,
          -9.287446,
          107.22594
        ],
        [
          39.57169,
          -9.290829,
          110.0299
        ]
      ]
    }
  ]
}