{
  "routes": [
    {
      "route_id": 1,
      "length_km": 36.778,
      "minimum_depth_m": 110.0299,
      "mission_duration_h": 10,
      "mission_duration_m": 35,
      "waypoints": [
        [
          39.57266,
          -9.292792,
          110.0299
        ],
        [
          39.604317,
          -9.335565,
          304.19208
        ],
        [
          39.612232,
          -9.3516035,
          431.72845
        ],
        [
          39.606956,
          -9.367643,
          475.5476
        ],
        [
          39.5964,
          -9.37299,
          391.36273
        ],
        [
          39.593765,
          -9.386356,
          428.83646
        ],
        [
          39.604317,
          -9.383683,
          529.24365
        ],
        [
          39.60168,
          -9.397049,
          577.6245
        ],
        [
          39.612232,
          -9.397049,
          649.48755
        ],
        [
          39.620148,
          -9.405069,
          657.1499
        ],
        [
          39.609592,
          -9.410416,
          699.5094
        ],
        [
          39.612232,
          -9.423781,
          662.56366
        ],
        [
          39.58321,
          -9.421108,
          638.7078
        ],
        [
          39.58321,
          -9.4077425,
          535.85406
        ],
        [
          39.57266,
          -9.402396,
          419.525
        ],
        [
          39.58321,
          -9.394376,
          391.06818
        ],
        [
          39.577934,
          -9.383683,
          277.77408
        ],
        [
          39.58585,
          -9.37299,
          279.8226
        ],
        [
          39.57266,
          -9.362297,
          173.20686
        ],
        [
          39.58321,
          -9.354278,
          183.175
        ],
        [
          39.5753,
          -9.346257,
          153.80736
        ],
        [
          39.58321,
          -9.338238,
          158.99599
        ],
        [
          39.5753,
          -9.327544,
          133.56105
        ],
        [
          39.5753,
          -9.303485,
          114.64992
        ],
        [
          39.573204,
          -9.295011,
          110.0299
        ]
      ]
    }
  ]
}