{
  "routes": [
    {
      "route_id": 1,
      "length_km": 37.937,
      "minimum_depth_m": 102.162224,
      "mission_duration_h": 10,
      "mission_duration_m": 58,
      "waypoints": [
        [
          39.57266,
          -9.292792,
          110.0299
        ],
        [
          39.58585,
          -9.290119,
          120.3381
        ],
        [
          39.617508,
          -9.282099,
          204.61812
        ],
        [
          39.62806,
          -9.279426,
          267.637
        ],
        [
          39.638615,
          -9.284773,
          334.68375
        ],
        [
          39.64125,
          -9.298139,
          335.21494
        ],
        [
          39.6307,
          -9.303485,
          312.43524
        ],
        [
          39.635975,
          -9.314178,
          358.15683
        ],
        [
          39.625423,
          -9.332891,
          366.89517
        ],
        [
          39.61487,
          -9.327544,
          320.94525
        ],
        [
          39.604317,
          -9.335565,
          304.19208
        ],
        [
          39.61487,
          -9.340911,
          383.34207
        ],
        [
          39.606956,
          -9.3516035,
          397.5062
        ],
        [
          39.60168,
          -9.38101,
          487.43866
        ],
        [
          39.593765,
          -9.37299,
          363.47772
        ],
        [
          39.580574,
          -9.3703165,
          226.25645
        ],
        [
          39.57266,
          -9.362297,
          173.20686
        ],
        [
          39.559467,
          -9.356951,
          137.41493
        ],
        [
          39.55419,
          -9.367643,
          149.77267
        ],
        [
          39.546276,
          -9.359624,
          123.77877
        ],
        [
          39.55155,
          -9.34893,
          122.22616
        ],
        [
          39.562107,
          -9.343584,
          132.00006
        ],
        [
          39.562107,
          -9.330218,
          122.42381
        ],
        [
          39.559467,
          -9.316852,
          114.28608
        ],
        [
          39.548916,
          -9.300812,
          102.3958
        ],
        [
          39.55419,
          -9.290119,
          102.162224
        ],
        [
          39.564743,
          -9.290119,
          106.20006
        ],
        [
          39.570915,
          -9.292204,
          110.0299
        ]
      ]
    }
  ]
}