{
  "routes": [
    {
      "route_id": 1,
      "length_km": 19.415,
      "minimum_depth_m": 89.77215,
      "mission_duration_h": 5,
      "mission_duration_m": 35,
      "waypoints": [
        [
          39.57266,
          -9.292792,
          110.0299
        ],
        [
          39.57002,
          -9.290119,
          108.14328
        ],
        [
          39.562107,
          -9.314178,
          114.77917
        ],
        [
          39.548916,
          -9.319525,
          108.34841
        ],
        [
          39.541,
          -9.308832,
          100.00999
        ],
        [
          39.548916,
          -9.300812,
          102.3958
        ],
        [
          39.54364,
          -9.290119,
          94.84418
        ],
        [
          39.54364,
          -9.276752,
          89.77215
        ],
        [
          39.55419,
          -9.276752,
          97.46962
        ],
        [
          39.5753,
          -9.279426,
          106.43576
        ],
        [
          39.58585,
          -9.271406,
          110.58156
        ],
        [
          39.5964,
          -9.268733,
          122.22772
        ],
        [
          39.60168,
          -9.279426,
          139.77101
        ],
        [
          39.574356,
          -9.29201,
          110.0299
        ]
      ]
    }
  ]
}