{
  "routes": [
    {
      "route_id": 1,
      "length_km": 36.392,
      "minimum_depth_m": 82.002716,
      "mission_duration_h": 10,
      "mission_duration_m": 29,
      "waypoints": [
        [
          39.57266,
          -9.292792,
          110.0299
        ],
        [
          39.57266,
          -9.26606,
          100.25363
        ],
        [
          39.5753,
          -9.239327,
          89.57797
        ],
        [
          39.58585,
          -9.231307,
          91.07341
        ],
        [
          39.5964,
          -9.220614,
          91.887085
        ],
        [
          39.58585,
          -9.212595,
          82.002716
        ],
        [
          39.593765,
          -9.204575,
          85.66013
        ],
        [
          39.604317,
          -9.209921,
          95.82019
        ],
        [
          39.609592,
          -9.199228,
          100.61967
        ],
        [
          39.612232,
          -9.169823,
          114.89555
        ],
        [
          39.622784,
          -9.16715,
          133.03784
        ],
        [
          39.635975,
          -9.185862,
          167.02911
        ],
        [
          39.63334,
          -9.201901,
          169.74365
        ],
        [
          39.65444,
          -9.207248,
          246.26556
        ],
        [
          39.649166,
          -9.217941,
          249.24768
        ],
        [
          39.62806,
          -9.212595,
          158.7179
        ],
        [
          39.61487,
          -9.215268,
          115.845764
        ],
        [
          39.61487,
          -9.228634,
          122.71987
        ],
        [
          39.606956,
          -9.236654,
          107.169945
        ],
        [
          39.609592,
          -9.25002,
          117.39076
        ],
        [
          39.59904,
          -9.263387,
          121.00683
        ],
        [
          39.593765,
          -9.276752,
          124.51436
        ],
        [
          39.58321,
          -9.284773,
          112.38755
        ],
        [
          39.5753,
          -9.295465,
          111.911865
        ],
        [
          39.574078,
          -9.294229,
          110.0299
        ]
      ]
    }
  ]
}