{
  "routes": [
    {
      "route_id": 1,
      "length_km": 39.055,
      "minimum_depth_m": 105.33234,
      "mission_duration_h": 11,
      "mission_duration_m": 8,
      "waypoints": [
        [
          39.57266,
          -9.292792,
          110.0299
        ],
        [
          39.5753,
          -9.298139,
          112.82455
        ],
        [
          39.62806,
          -9.287446,
          277.80438
        ],
        [
          39.649166,
          -9.282099,
          317.0527
        ],
        [
          39.65708,
          -9.292792,
          285.97046
        ],
        [
          39.667633,
          -9.287446,
          267.97223
        ],
        [
          39.67819,
          -9.287446,
          220.52269
        ],
        [
          39.709846,
          -9.282099,
          138.96138
        ],
        [
          39.720398,
          -9.279426,
          128.36008
        ],
        [
          39.720398,
          -9.263387,
          129.39427
        ],
        [
          39.68874,
          -9.263387,
          205.94087
        ],
        [
          39.683464,
          -9.274079,
          218.10994
        ],
        [
          39.670273,
          -9.271406,
          297.21573
        ],
        [
          39.664997,
          -9.260714,
          348.57452
        ],
        [
          39.659718,
          -9.276752,
          313.0175
        ],
        [
          39.651806,
          -9.268733,
          319.19476
        ],
        [
          39.64125,
          -9.26606,
          306.48956
        ],
        [
          39.58849,
          -9.271406,
          114.00075
        ],
        [
          39.567383,
          -9.287446,
          106.25201
        ],
        [
          39.571243,
          -9.291356,
          110.0299
        ]
      ]
    }
  ]
}