{
  "routes": [
    {
      "route_id": 1,
      "length_km": 37.675,
      "minimum_depth_m": 110.0299,
      "mission_duration_h": 10,
      "mission_duration_m": 48,
      "waypoints": [
        [
          39.57266,
          -9.292792,
          110.0299
        ],
        [
          39.60168,
          -9.322198,
          237.79222
        ],
        [
          39.61487,
          -9.335565,
          356.3693
        ],
        [
          39.62806,
          -9.335565,
          386.06754
        ],
        [
          39.64389,
          -9.343584,
          395.51752
        ],
        [
          39.65444,
          -9.343584,
          302.99677
        ],
        [
          39.662357,
          -9.3516035,
          250.47917
        ],
        [
          39.67291,
          -9.354278,
          203.14722
        ],
        [
          39.67819,
          -9.36497,
          202.92068
        ],
        [
          39.68874,
          -9.3703165,
          171.92664
        ],
        [
          39.691376,
          -9.383683,
          168.77112
        ],
        [
          39.670273,
          -9.37299,
          245.6308
        ],
        [
          39.662357,
          -9.38101,
          325.1715
        ],
        [
          39.646526,
          -9.383683,
          533.7988
        ],
        [
          39.64389,
          -9.397049,
          562.4273
        ],
        [
          39.63334,
          -9.402396,
          629.3696
        ],
        [
          39.62806,
          -9.391703,
          644.6958
        ],
        [
          39.620148,
          -9.383683,
          610.4315
        ],
        [
          39.609592,
          -9.378337,
          558.38556
        ],
        [
          39.609592,
          -9.359624,
          461.90353
        ],
        [
          39.58321,
          -9.354278,
          183.175
        ],
        [
          39.58321,
          -9.338238,
          158.99599
        ],
        [
          39.573177,
          -9.295022,
          110.0299
        ]
      ]
    }
  ]
}