{
  "routes": [
    {
      "route_id": 1,
      "length_km": 37.899,
      "minimum_depth_m": 101.422646,
      "mission_duration_h": 10,
      "mission_duration_m": 56,
      "waypoints": [
        [
          39.57266,
          -9.292792,
          110.0299
        ],
        [
          39.577934,
          -9.298139,
          113.78918
        ],
        [
          39.58585,
          -9.290119,
          120.3381
        ],
        [
          39.606956,
          -9.290119,
          167.4592
        ],
        [
          39.620148,
          -9.271406,
          204.14742
        ],
        [
          39.62806,
          -9.279426,
          267.637
        ],
        [
          39.638615,
          -9.274079,
          321.90012
        ],
        [
          39.6307,
          -9.263387,
          253.21231
        ],
        [
          39.62806,
          -9.25002,
          211.38583
        ],
        [
          39.64125,
          -9.231307,
          236.21764
        ],
        [
          39.638615,
          -9.217941,
          197.94125
        ],
        [
          39.649166,
          -9.217941,
          249.24768
        ],
        [
          39.65444,
          -9.207248,
          246.26556
        ],
        [
          39.64389,
          -9.204575,
          204.68958
        ],
        [
          39.63334,
          -9.207248,
          172.84198
        ],
        [
          39.625423,
          -9.215268,
          151.07072
        ],
        [
          39.62806,
          -9.231307,
          179.3466
        ],
        [
          39.609592,
          -9.25002,
          117.39076
        ],
        [
          39.61487,
          -9.260714,
          156.72665
        ],
        [
          39.604317,
          -9.260714,
          124.07789
        ],
        [
          39.5753,
          -9.284773,
          108.26113
        ],
        [
          39.564743,
          -9.279426,
          102.51209
        ],
        [
          39.559467,
          -9.292792,
          105.18348
        ],
        [
          39.548916,
          -9.300812,
          102.3958
        ],
        [
          39.55683,
          -9.308832,
          109.76916
        ],
        [
          39.567383,
          -9.303485,
          111.76999
        ],
        [
          39.57169,
          -9.294754,
          110.0299
        ]
      ]
    }
  ]
}