{
  "routes": [
    {
      "route_id": 1,
      "length_km": 36.287,
      "minimum_depth_m": 110.0299,
      "mission_duration_h": 10,
      "mission_duration_m": 25,
      "waypoints": [
        [
          39.57266,
          -9.292792,
          110.0299
        ],
        [
          39.5753,
          -9.308832,
          118.38546
        ],
        [
          39.58321,
          -9.330218,
          147.87352
        ],
        [
          39.606956,
          -9.3703165,
          489.22522
        ],
        [
          39.604317,
          -9.383683,
          529.24365
        ],
        [
          39.5964,
          -9.391703,
          492.7705
        ],
        [
          39.58585,
          -9.394376,
          415.3912
        ],
        [
          39.58321,
          -9.4077425,
          535.85406
        ],
        [
          39.57266,
          -9.418435,
          567.6585
        ],
        [
          39.58321,
          -9.421108,
          638.7078
        ],
        [
          39.591125,
          -9.429129,
          655.16656
        ],
        [
          39.60168,
          -9.423781,
          665.32513
        ],
        [
          39.5964,
          -9.413089,
          652.0732
        ],
        [
          39.604317,
          -9.399722,
          614.6249
        ],
        [
          39.609592,
          -9.410416,
          699.5094
        ],
        [
          39.620148,
          -9.405069,
          657.1499
        ],
        [
          39.61487,
          -9.391703,
          633.5223
        ],
        [
          39.62806,
          -9.37299,
          571.2401
        ],
        [
          39.617508,
          -9.367643,
          523.945
        ],
        [
          39.620148,
          -9.354278,
          461.76547
        ],
        [
          39.61487,
          -9.343584,
          396.82846
        ],
        [
          39.577934,
          -9.292792,
          111.96847
        ],
        [
          39.574455,
          -9.292792,
          110.0299
        ]
      ]
    }
  ]
}