{
  "routes": [
    {
      "route_id": 1,
      "length_km": 35.992,
      "minimum_depth_m": 62.504566,
      "mission_duration_h": 10,
      "mission_duration_m": 18,
      "waypoints": [
        [
          39.57266,
          -9.292792,
          110.0299
        ],
        [
          39.580574,
          -9.255366,
          99.31767
        ],
        [
          39.58321,
          -9.217941,
          82.770164
        ],
        [
          39.593765,
          -9.191209,
          82.24967
        ],
        [
          39.604317,
          -9.191209,
          95.30632
        ],
        [
          39.620148,
          -9.172496,
          128.73962
        ],
        [
          39.6307,
          -9.180515,
          151.91335
        ],
        [
          39.638615,
          -9.172496,
          161.98956
        ],
        [
          39.63334,
          -9.161802,
          142.68779
        ],
        [
          39.64125,
          -9.153783,
          130.06337
        ],
        [
          39.612232,
          -9.156456,
          112.829834
        ],
        [
          39.593765,
          -9.175169,
          80.787674
        ],
        [
          39.58321,
          -9.180515,
          64.78121
        ],
        [
          39.57266,
          -9.193882,
          62.504566
        ],
        [
          39.577934,
          -9.204575,
          72.25994
        ],
        [
          39.567383,
          -9.209921,
          68.9006
        ],
        [
          39.564743,
          -9.231307,
          80.21276
        ],
        [
          39.57002,
          -9.244674,
          89.95389
        ],
        [
          39.57002,
          -9.263387,
          98.121056
        ],
        [
          39.5753,
          -9.274079,
          104.45871
        ],
        [
          39.57298,
          -9.290503,
          110.0299
        ]
      ]
    }
  ]
}