{
  "routes": [
    {
      "route_id": 1,
      "length_km": 36.549,
      "minimum_depth_m": 53.931763,
      "mission_duration_h": 10,
      "mission_duration_m": 30,
      "waypoints": [
        [
          39.57266,
          -9.292792,
          110.0299
        ],
        [
          39.57266,
          -9.287446,
          108.199875
        ],
        [
          39.564743,
          -9.279426,
          102.51209
        ],
        [
          39.559467,
          -9.260714,
          92.7155
        ],
        [
          39.55683,
          -9.215268,
          66.2718
        ],
        [
          39.546276,
          -9.215268,
          59.81534
        ],
        [
          39.55155,
          -9.204575,
          55.482464
        ],
        [
          39.562107,
          -9.201901,
          60.37682
        ],
        [
          39.564743,
          -9.188536,
          53.931763
        ],
        [
          39.57266,
          -9.180515,
          55.79701
        ],
        [
          39.58321,
          -9.180515,
          64.78121
        ],
        [
          39.591125,
          -9.172496,
          75.77609
        ],
        [
          39.5964,
          -9.185862,
          85.45615
        ],
        [
          39.609592,
          -9.185862,
          103.92517
        ],
        [
          39.6307,
          -9.177842,
          150.72891
        ],
        [
          39.635975,
          -9.188536,
          168.8009
        ],
        [
          39.609592,
          -9.199228,
          100.61967
        ],
        [
          39.59904,
          -9.201901,
          90.085
        ],
        [
          39.58585,
          -9.196555,
          74.60776
        ],
        [
          39.57266,
          -9.207248,
          70.48895
        ],
        [
          39.57002,
          -9.220614,
          77.063354
        ],
        [
          39.567383,
          -9.252693,
          92.655945
        ],
        [
          39.57236,
          -9.290498,
          110.0299
        ]
      ]
    }
  ]
}