{
  "routes": [
    {
      "route_id": 1,
      "length_km": 75.453,
      "minimum_depth_m": 45.17131,
      "mission_duration_h": 21,
      "mission_duration_m": 41,
      "waypoints": [
        [
          39.57266,
          -9.292792,
          110.0299
        ],
        [
          39.57002,
          -9.290119,
          108.14328
        ],
        [
          39.577934,
          -9.231307,
          86.75405
        ],
        [
          39.59904,
          -9.220614,
          93.43381
        ],
        [
          39.609592,
          -9.212595,
          99.99531
        ],
        [
          39.61487,
          -9.201901,
          114.926575
        ],
        [
          39.625423,
          -9.204575,
          147.21465
        ],
        [
          39.620148,
          -9.220614,
          134.60611
        ],
        [
          39.6307,
          -9.217941,
          170.03732
        ],
        [
          39.659718,
          -9.225961,
          318.97452
        ],
        [
          39.6861,
          -9.199228,
          178.2026
        ],
        [
          39.6861,
          -9.185862,
          147.14662
        ],
        [
          39.691376,
          -9.175169,
          112.26292
        ],
        [
          39.70193,
          -9.172496,
          100.53729
        ],
        [
          39.70193,
          -9.159129,
          82.852806
        ],
        [
          39.712482,
          -9.156456,
          79.810905
        ],
        [
          39.720398,
          -9.164475,
          87.23804
        ],
        [
          39.720398,
          -9.177842,
          102.15546
        ],
        [
          39.696655,
          -9.188536,
          127.84123
        ],
        [
          39.704567,
          -9.196555,
          135.07866
        ],
        [
          39.71776,
          -9.199228,
          125.54547
        ],
        [
          39.709846,
          -9.207248,
          142.77757
        ],
        [
          39.696655,
          -9.209921,
          168.06154
        ],
        [
          39.68874,
          -9.220614,
          221.34663
        ],
        [
          39.67819,
          -9.220614,
          276.2145
        ],
        [
          39.670273,
          -9.228634,
          328.1751
        ],
        [
          39.649166,
          -9.223288,
          259.91745
        ],
        [
          39.64389,
          -9.212595,
          216.03252
        ],
        [
          39.65444,
          -9.201901,
          231.9479
        ],
        [
          39.651806,
          -9.188536,
          194.72261
        ],
        [
          39.64125,
          -9.191209,
          181.56805
        ],
        [
          39.6307,
          -9.185862,
          154.28223
        ],
        [
          39.59904,
          -9.188536,
          88.963974
        ],
        [
          39.60168,
          -9.201901,
          92.68745
        ],
        [
          39.58849,
          -9.204575,
          80.75687
        ],
        [
          39.58321,
          -9.191209,
          69.19303
        ],
        [
          39.57266,
          -9.185862,
          58.470993
        ],
        [
          39.57002,
          -9.199228,
          63.923065
        ],
        [
          39.559467,
          -9.204575,
          60.4724
        ],
        [
          39.55155,
          -9.196555,
          49.767765
        ],
        [
          39.53836,
          -9.201901,
          45.435852
        ],
        [
          39.57002,
          -9.220614,
          77.063354
        ],
        [
          39.567383,
          -9.23398,
          82.9697
        ],
        [
          39.548916,
          -9.258039,
          85.47472
        ],
        [
          39.562107,
          -9.274079,
          99.45663
        ],
        [
          39.571598,
          -9.290912,
          110.0299
        ]
      ]
    }
  ]
}