{
  "routes": [
    {
      "route_id": 1,
      "length_km": 36.473,
      "minimum_depth_m": 53.926895,
      "mission_duration_h": 10,
      "mission_duration_m": 29,
      "waypoints": [
        [
          39.57266,
          -9.292792,
          110.0299
        ],
        [
          39.564743,
          -9.279426,
          102.51209
        ],
        [
          39.5753,
          -9.252693,
          96.040825
        ],
        [
          39.591125,
          -9.239327,
          98.53941
        ],
        [
          39.57002,
          -9.223288,
          78.55451
        ],
        [
          39.567383,
          -9.209921,
          68.9006
        ],
        [
          39.5753,
          -9.201901,
          69.02479
        ],
        [
          39.577934,
          -9.188536,
          63.725464
        ],
        [
          39.58585,
          -9.177842,
          68.016525
        ],
        [
          39.580574,
          -9.161802,
          53.926895
        ],
        [
          39.593765,
          -9.16715,
          80.05667
        ],
        [
          39.59904,
          -9.177842,
          89.70788
        ],
        [
          39.609592,
          -9.172496,
          109.15149
        ],
        [
          39.620148,
          -9.172496,
          128.73962
        ],
        [
          39.625423,
          -9.183188,
          140.93823
        ],
        [
          39.61487,
          -9.183188,
          116.61913
        ],
        [
          39.609592,
          -9.196555,
          100.74454
        ],
        [
          39.62806,
          -9.212595,
          158.7179
        ],
        [
          39.620148,
          -9.228634,
          143.55235
        ],
        [
          39.606956,
          -9.236654,
          107.169945
        ],
        [
          39.609592,
          -9.25002,
          117.39076
        ],
        [
          39.591125,
          -9.271406,
          117.41994
        ],
        [
          39.5753,
          -9.279426,
          106.43576
        ],
        [
          39.5731,
          -9.290537,
          110.0299
        ]
      ]
    }
  ]
}