{
  "routes": [
    {
      "route_id": 1,
      "length_km": 152.053,
      "minimum_depth_m": 40.03376,
      "mission_duration_h": 43,
      "mission_duration_m": 55,
      "waypoints": [
        [
          39.57266,
          -9.292792,
          110.0299
        ],
        [
          39.5753,
          -9.295465,
          111.911865
        ],
        [
          39.567383,
          -9.303485,
          111.76999
        ],
        [
          39.55683,
          -9.308832,
          109.76916
        ],
        [
          39.548916,
          -9.300812,
          102.3958
        ],
        [
          39.55419,
          -9.290119,
          102.162224
        ],
        [
          39.54364,
          -9.290119,
          94.84418
        ],
        [
          39.541,
          -9.276752,
          87.847786
        ],
        [
          39.55155,
          -9.274079,
          94.37529
        ],
        [
          39.559467,
          -9.263387,
          93.86364
        ],
        [
          39.57266,
          -9.26606,
          100.25363
        ],
        [
          39.5753,
          -9.252693,
          96.040825
        ],
        [
          39.562107,
          -9.247347,
          87.88178
        ],
        [
          39.58585,
          -9.231307,
          91.07341
        ],
        [
          39.5964,
          -9.236654,
          100.474106
        ],
        [
          39.5964,
          -9.220614,
          91.887085
        ],
        [
          39.593765,
          -9.191209,
          82.24967
        ],
        [
          39.58585,
          -9.177842,
          68.016525
        ],
        [
          39.577934,
          -9.188536,
          63.725464
        ],
        [
          39.567383,
          -9.191209,
          57.319702
        ],
        [
          39.564743,
          -9.204575,
          63.84027
        ],
        [
          39.55419,
          -9.209921,
          60.92962
        ],
        [
          39.54364,
          -9.207248,
          52.484314
        ],
        [
          39.535725,
          -9.215268,
          53.241882
        ],
        [
          39.533085,
          -9.199228,
          40.2953
        ],
        [
          39.54364,
          -9.193882,
          43.004875
        ],
        [
          39.55419,
          -9.193882,
          49.482197
        ],
        [
          39.55683,
          -9.177842,
          41.601097
        ],
        [
          39.567383,
          -9.177842,
          50.17371
        ],
        [
          39.567383,
          -9.161802,
          41.71545
        ],
        [
          39.577934,
          -9.140416,
          42.614483
        ],
        [
          39.604317,
          -9.140416,
          94.54253
        ],
        [
          39.612232,
          -9.132396,
          96.95579
        ],
        [
          39.61487,
          -9.11903,
          74.75942
        ],
        [
          39.625423,
          -9.11903,
          73.58387
        ],
        [
          39.63334,
          -9.129723,
          89.35519
        ],
        [
          39.64125,
          -9.121703,
          73.12245
        ],
        [
          39.651806,
          -9.124376,
          66.09236
        ],
        [
          39.664997,
          -9.121703,
          49.97976
        ],
        [
          39.683464,
          -9.121703,
          48.619907
        ],
        [
          39.696655,
          -9.132396,
          54.73685
        ],
        [
          39.704567,
          -9.143089,
          65.05105
        ],
        [
          39.709846,
          -9.132396,
          57.265064
        ],
        [
          39.720398,
          -9.132396,
          59.287636
        ],
        [
          39.71776,
          -9.148436,
          72.13446
        ],
        [
          39.720398,
          -9.164475,
          87.23804
        ],
        [
          39.71776,
          -9.177842,
          103.08144
        ],
        [
          39.709846,
          -9.188536,
          120.33218
        ],
        [
          39.720398,
          -9.191209,
          117.3673
        ],
        [
          39.715122,
          -9.201901,
          130.41246
        ],
        [
          39.720398,
          -9.212595,
          129.34094
        ],
        [
          39.696655,
          -9.220614,
          189.03859
        ],
        [
          39.68874,
          -9.228634,
          224.66275
        ],
        [
          39.67819,
          -9.228634,
          283.81265
        ],
        [
          39.659718,
          -9.223288,
          314.91718
        ],
        [
          39.649166,
          -9.217941,
          249.24768
        ],
        [
          39.62806,
          -9.212595,
          158.7179
        ],
        [
          39.61487,
          -9.215268,
          115.845764
        ],
        [
          39.604317,
          -9.209921,
          95.82019
        ],
        [
          39.609592,
          -9.199228,
          100.61967
        ],
        [
          39.622784,
          -9.199228,
          137.65063
        ],
        [
          39.65444,
          -9.207248,
          246.26556
        ],
        [
          39.651806,
          -9.175169,
          168.65608
        ],
        [
          39.638615,
          -9.172496,
          161.98956
        ],
        [
          39.635975,
          -9.185862,
          167.02911
        ],
        [
          39.622784,
          -9.16715,
          133.03784
        ],
        [
          39.60168,
          -9.175169,
          94.44695
        ],
        [
          39.593765,
          -9.16715,
          80.05667
        ],
        [
          39.580574,
          -9.161802,
          53.926895
        ],
        [
          39.591125,
          -9.153783,
          70.65608
        ],
        [
          39.60168,
          -9.153783,
          92.53734
        ],
        [
          39.612232,
          -9.156456,
          112.829834
        ],
        [
          39.62806,
          -9.156456,
          128.40788
        ],
        [
          39.64125,
          -9.137742,
          96.597176
        ],
        [
          39.651806,
          -9.140416,
          88.46236
        ],
        [
          39.67555,
          -9.137742,
          61.26472
        ],
        [
          39.680824,
          -9.151109,
          86.15522
        ],
        [
          39.70193,
          -9.156456,
          79.82022
        ],
        [
          39.707207,
          -9.169823,
          95.498985
        ],
        [
          39.70193,
          -9.180515,
          112.687454
        ],
        [
          39.694016,
          -9.172496,
          102.45154
        ],
        [
          39.6861,
          -9.180515,
          136.00868
        ],
        [
          39.680824,
          -9.169823,
          124.83658
        ],
        [
          39.67291,
          -9.159129,
          113.9006
        ],
        [
          39.667633,
          -9.169823,
          152.59608
        ],
        [
          39.67555,
          -9.180515,
          164.23232
        ],
        [
          39.664997,
          -9.185862,
          206.32439
        ],
        [
          39.664997,
          -9.201901,
          262.9872
        ],
        [
          39.69929,
          -9.196555,
          139.58638
        ],
        [
          39.683464,
          -9.217941,
          241.19572
        ],
        [
          39.67291,
          -9.217941,
          294.1547
        ],
        [
          39.667633,
          -9.23398,
          349.41766
        ],
        [
          39.65708,
          -9.239327,
          327.04785
        ],
        [
          39.649166,
          -9.231307,
          275.1626
        ],
        [
          39.638615,
          -9.228634,
          217.1299
        ],
        [
