{
  "routes": [
    {
      "route_id": 1,
      "length_km": 36.933,
      "minimum_depth_m": 102.850525,
      "mission_duration_h": 10,
      "mission_duration_m": 38,
      "waypoints": [
        [
          39.57266,
          -9.292792,
          110.0299
        ],
        [
          39.5753,
          -9.298139,
          112.82455
        ],
        [
          39.548916,
          -9.319525,
          108.34841
        ],
        [
          39.53836,
          -9.322198,
          102.850525
        ],
        [
          39.533085,
          -9.332891,
          103.50614
        ],
        [
          39.541,
          -9.346257,
          113.92614
        ],
        [
          39.55155,
          -9.34893,
          122.22616
        ],
        [
          39.57002,
          -9.367643,
          188.12738
        ],
        [
          39.580574,
          -9.38101,
          275.0526
        ],
        [
          39.5753,
          -9.391703,
          323.84723
        ],
        [
          39.58321,
          -9.402396,
          477.93973
        ],
        [
          39.57266,
          -9.4077425,
          473.01413
        ],
        [
          39.580574,
          -9.418435,
          617.2986
        ],
        [
          39.60168,
          -9.421108,
          674.48236
        ],
        [
          39.612232,
          -9.410416,
          694.9873
        ],
        [
          39.609592,
          -9.397049,
          645.167
        ],
        [
          39.620148,
          -9.383683,
          610.4315
        ],
        [
          39.606956,
          -9.38101,
          543.9358
        ],
        [
          39.604317,
          -9.3516035,
          373.24387
        ],
        [
          39.591125,
          -9.3516035,
          251.93217
        ],
        [
          39.580574,
          -9.346257,
          161.71019
        ],
        [
          39.58585,
          -9.332891,
          168.6547
        ],
        [
          39.580574,
          -9.322198,
          133.47464
        ],
        [
          39.58321,
          -9.306158,
          121.61397
        ],
        [
          39.573944,
          -9.294422,
          110.0299
        ]
      ]
    }
  ]
}