{
  "routes": [
    {
      "route_id": 1,
      "length_km": 36.779,
      "minimum_depth_m": 60.37256,
      "mission_duration_h": 10,
      "mission_duration_m": 30,
      "waypoints": [
        [
          39.57266,
          -9.292792,
          110.0299
        ],
        [
          39.55683,
          -9.279426,
          99.56934
        ],
        [
          39.55155,
          -9.268733,
          92.035355
        ],
        [
          39.55683,
          -9.244674,
          84.0067
        ],
        [
          39.567383,
          -9.220614,
          75.65338
        ],
        [
          39.55683,
          -9.217941,
          68.14263
        ],
        [
          39.559467,
          -9.204575,
          60.4724
        ],
        [
          39.567383,
          -9.196555,
          60.459618
        ],
        [
          39.58849,
          -9.191209,
          75.72135
        ],
        [
          39.59904,
          -9.169823,
          90.26581
        ],
        [
          39.6307,
          -9.164475,
          143.2883
        ],
        [
          39.635975,
          -9.177842,
          161.71378
        ],
        [
          39.6307,
          -9.191209,
          156.65111
        ],
        [
          39.59904,
          -9.193882,
          88.64979
        ],
        [
          39.60168,
          -9.207248,
          93.34261
        ],
        [
          39.59904,
          -9.220614,
          93.43381
        ],
        [
          39.577934,
          -9.220614,
          81.2933
        ],
        [
          39.567383,
          -9.247347,
          90.213135
        ],
        [
          39.567383,
          -9.276752,
          102.55765
        ],
        [
          39.571957,
          -9.29065,
          110.0299
        ]
      ]
    }
  ]
}