{
  "routes": [
    {
      "route_id": 1,
      "length_km": 74.531,
      "minimum_depth_m": 110.0299,
      "mission_duration_h": 21,
      "mission_duration_m": 30,
      "waypoints": [
        [
          39.57266,
          -9.292792,
          110.0299
        ],
        [
          39.5753,
          -9.295465,
          111.911865
        ],
        [
          39.58585,
          -9.354278,
          208.3722
        ],
        [
          39.580574,
          -9.37299,
          238.45549
        ],
        [
          39.593765,
          -9.37299,
          363.47772
        ],
        [
          39.591125,
          -9.386356,
          400.34555
        ],
        [
          39.60168,
          -9.399722,
          593.9196
        ],
        [
          39.612232,
          -9.397049,
          649.48755
        ],
        [
          39.620148,
          -9.405069,
          657.1499
        ],
        [
          39.6307,
          -9.405069,
          630.96655
        ],
        [
          39.64125,
          -9.410416,
          557.81573
        ],
        [
          39.680824,
          -9.402396,
          212.5428
        ],
        [
          39.691376,
          -9.423781,
          161.76215
        ],
        [
          39.70193,
          -9.421108,
          152.01466
        ],
        [
          39.707207,
          -9.4077425,
          149.81865
        ],
        [
          39.694016,
          -9.402396,
          157.54323
        ],
        [
          39.70193,
          -9.394376,
          153.62471
        ],
        [
          39.704567,
          -9.38101,
          150.50159
        ],
        [
          39.715122,
          -9.38101,
          143.6175
        ],
        [
          39.71776,
          -9.367643,
          139.90236
        ],
        [
          39.709846,
          -9.356951,
          141.91267
        ],
        [
          39.715122,
          -9.343584,
          136.77383
        ],
        [
          39.715122,
          -9.330218,
          134.33919
        ],
        [
          39.704567,
          -9.322198,
          136.51944
        ],
        [
          39.712482,
          -9.314178,
          133.63918
        ],
        [
          39.709846,
          -9.300812,
          134.70718
        ],
        [
          39.68874,
          -9.303485,
          155.65611
        ],
        [
          39.68874,
          -9.316852,
          151.25851
        ],
        [
          39.67555,
          -9.322198,
          178.24925
        ],
        [
          39.662357,
          -9.316852,
          226.93033
        ],
        [
          39.65708,
          -9.327544,
          252.64375
        ],
        [
          39.667633,
          -9.332891,
          182.21446
        ],
        [
          39.662357,
          -9.343584,
          233.60622
        ],
        [
          39.67555,
          -9.340911,
          179.32224
        ],
        [
          39.680824,
          -9.3516035,
          179.46225
        ],
        [
          39.67291,
          -9.359624,
          210.54544
        ],
        [
          39.683464,
          -9.36497,
          185.5768
        ],
        [
          39.67819,
          -9.375663,
          218.80618
        ],
        [
          39.664997,
          -9.3703165,
          265.62012
        ],
        [
          39.65444,
          -9.359624,
          350.9829
        ],
        [
          39.649166,
          -9.346257,
          358.83707
        ],
        [
          39.625423,
          -9.340911,
          406.59335
        ],
        [
          39.622784,
          -9.354278,
          467.2612
        ],
        [
          39.612232,
          -9.356951,
          458.82803
        ],
        [
          39.617508,
          -9.367643,
          523.945
        ],
        [
          39.606956,
          -9.3703165,
          489.22522
        ],
        [
          39.59904,
          -9.362297,
          365.99136
        ],
        [
          39.58849,
          -9.330218,
          181.4932
        ],
        [
          39.5753,
          -9.308832,
          118.38546
        ],
        [
          39.573032,
          -9.29507,
          110.0299
        ]
      ]
    }
  ]
}