{
  "routes": [
    {
      "route_id": 1,
      "length_km": 37.214,
      "minimum_depth_m": 107.169945,
      "mission_duration_h": 10,
      "mission_duration_m": 48,
      "waypoints": [
        [
          39.57266,
          -9.292792,
          110.0299
        ],
        [
          39.567383,
          -9.314178,
          117.95604
        ],
        [
          39.577934,
          -9.308832,
          119.61636
        ],
        [
          39.58849,
          -9.316852,
          157.85838
        ],
        [
          39.60168,
          -9.319525,
          228.54218
        ],
        [
          39.60168,
          -9.306158,
          182.29196
        ],
        [
          39.606956,
          -9.295465,
          177.09703
        ],
        [
          39.61487,
          -9.303485,
          226.6584
        ],
        [
          39.622784,
          -9.295465,
          257.65005
        ],
        [
          39.617508,
          -9.284773,
          209.16017
        ],
        [
          39.62806,
          -9.279426,
          267.637
        ],
        [
          39.62806,
          -9.263387,
          237.73509
        ],
        [
          39.638615,
          -9.263387,
          297.06015
        ],
        [
          39.646526,
          -9.252693,
          301.026
        ],
        [
          39.638615,
          -9.244674,
          253.7664
        ],
        [
          39.651806,
          -9.236654,
          297.79547
        ],
        [
          39.659718,
          -9.228634,
          323.03186
        ],
        [
          39.651806,
          -9.217941,
          262.07428
        ],
        [
          39.64125,
          -9.217941,
          210.76787
        ],
        [
          39.638615,
          -9.231307,
          223.23598
        ],
        [
          39.62806,
          -9.231307,
          179.3466
        ],
        [
          39.617508,
          -9.225961,
          130.31267
        ],
        [
          39.617508,
          -9.239327,
          144.42989
        ],
        [
          39.606956,
          -9.236654,
          107.169945
        ],
        [
          39.609592,
          -9.252693,
          120.3862
        ],
        [
          39.61487,
          -9.263387,
          160.34898
        ],
        [
          39.609592,
          -9.274079,
          144.34967
        ],
        [
          39.5964,
          -9.276752,
          128.31947
        ],
        [
          39.58849,
          -9.290119,
          126.22823
        ],
        [
          39.574444,
          -9.292491,
          110.0299
        ]
      ]
    }
  ]
}