{
  "routes": [
    {
      "route_id": 1,
      "length_km": 75.418,
      "minimum_depth_m": 101.53118,
      "mission_duration_h": 21,
      "mission_duration_m": 49,
      "waypoints": [
        [
          39.57266,
          -9.292792,
          110.0299
        ],
        [
          39.5753,
          -9.303485,
          114.64992
        ],
        [
          39.58585,
          -9.314178,
          141.74928
        ],
        [
          39.5753,
          -9.319525,
          127.05723
        ],
        [
          39.580574,
          -9.330218,
          141.05107
        ],
        [
          39.591125,
          -9.327544,
          192.67145
        ],
        [
          39.606956,
          -9.295465,
          177.09703
        ],
        [
          39.591125,
          -9.298139,
          138.9977
        ],
        [
          39.591125,
          -9.284773,
          127.53216
        ],
        [
          39.60168,
          -9.279426,
          139.77101
        ],
        [
          39.59904,
          -9.263387,
          121.00683
        ],
        [
          39.609592,
          -9.260714,
          129.3725
        ],
        [
          39.61487,
          -9.271406,
          171.21594
        ],
        [
          39.620148,
          -9.258039,
          182.74075
        ],
        [
          39.638615,
          -9.244674,
          253.7664
        ],
        [
          39.649166,
          -9.217941,
          249.24768
        ],
        [
          39.659718,
          -9.223288,
          314.91718
        ],
        [
          39.67555,
          -9.225961,
          296.40234
        ],
        [
          39.683464,
          -9.217941,
          241.19572
        ],
        [
          39.68874,
          -9.228634,
          224.66275
        ],
        [
          39.68874,
          -9.242001,
          227.07062
        ],
        [
          39.67819,
          -9.239327,
          291.2309
        ],
        [
          39.67291,
          -9.25002,
          331.08902
        ],
        [
          39.680824,
          -9.258039,
          263.6073
        ],
        [
          39.67555,
          -9.268733,
          273.29318
        ],
        [
          39.662357,
          -9.26606,
          332.24503
        ],
        [
          39.662357,
          -9.252693,
          358.63766
        ],
        [
          39.65708,
          -9.239327,
          327.04785
        ],
        [
          39.651806,
          -9.25002,
          320.4024
        ],
        [
          39.651806,
          -9.263387,
          319.53983
        ],
        [
          39.62806,
          -9.26606,
          243.00494
        ],
        [
          39.62806,
          -9.279426,
          267.637
        ],
        [
          39.617508,
          -9.292792,
          222.78633
        ],
        [
          39.6307,
          -9.295465,
          303.13257
        ],
        [
          39.64389,
          -9.300812,
          325.4827
        ],
        [
          39.635975,
          -9.308832,
          349.11472
        ],
        [
          39.625423,
          -9.311505,
          304.91095
        ],
        [
          39.617508,
          -9.322198,
          308.40402
        ],
        [
          39.606956,
          -9.322198,
          265.9842
        ],
        [
          39.604317,
          -9.335565,
          304.19208
        ],
        [
          39.5964,
          -9.343584,
          274.3446
        ],
        [
          39.58321,
          -9.343584,
          167.05566
        ],
        [
          39.593765,
          -9.356951,
          291.73297
        ],
        [
          39.58321,
          -9.356951,
          187.20485
        ],
        [
          39.57266,
          -9.362297,
          173.20686
        ],
        [
          39.562107,
          -9.36497,
          159.97505
        ],
        [
          39.548916,
          -9.346257,
          119.12305
        ],
        [
          39.53836,
          -9.340911,
          109.918205
        ],
        [
          39.548916,
          -9.319525,
          108.34841
        ],
        [
          39.559467,
          -9.308832,
          111.00005
        ],
        [
          39.548916,
          -9.300812,
          102.3958
        ],
        [
          39.55683,
          -9.292792,
          104.214195
        ],
        [
          39.562107,
          -9.279426,
          101.53118
        ],
        [
          39.567383,
          -9.292792,
          108.09133
        ],
        [
          39.570858,
          -9.292792,
          110.0299
        ]
      ]
    }
  ]
}