{
  "routes": [
    {
      "route_id": 1,
      "length_km": 36.871,
      "minimum_depth_m": 57.319702,
      "mission_duration_h": 10,
      "mission_duration_m": 38,
      "waypoints": [
        [
          39.57266,
          -9.292792,
          110.0299
        ],
        [
          39.57266,
          -9.287446,
          108.199875
        ],
        [
          39.564743,
          -9.279426,
          102.51209
        ],
        [
          39.55419,
          -9.271406,
          95.11724
        ],
        [
          39.5753,
          -9.252693,
          96.040825
        ],
        [
          39.58585,
          -9.252693,
          101.77061
        ],
        [
          39.591125,
          -9.239327,
          98.53941
        ],
        [
          39.580574,
          -9.23398,
          89.39218
        ],
        [
          39.567383,
          -9.209921,
          68.9006
        ],
        [
          39.567383,
          -9.191209,
          57.319702
        ],
        [
          39.577934,
          -9.188536,
          63.725464
        ],
        [
          39.593765,
          -9.191209,
          82.24967
        ],
        [
          39.60168,
          -9.183188,
          93.24455
        ],
        [
          39.612232,
          -9.183188,
          110.53935
        ],
        [
          39.609592,
          -9.196555,
          100.74454
        ],
        [
          39.617508,
          -9.204575,
          123.13647
        ],
        [
          39.62806,
          -9.196555,
          151.7635
        ],
        [
          39.638615,
          -9.193882,
          179.11278
        ],
        [
          39.64389,
          -9.204575,
          204.68958
        ],
        [
          39.638615,
          -9.215268,
          195.8492
        ],
        [
          39.62806,
          -9.212595,
          158.7179
        ],
        [
          39.620148,
          -9.228634,
          143.55235
        ],
        [
          39.606956,
          -9.236654,
          107.169945
        ],
        [
          39.606956,
          -9.25002,
          115.515335
        ],
        [
          39.591125,
          -9.271406,
          117.41994
        ],
        [
          39.574,
          -9.291239,
          110.0299
        ]
      ]
    }
  ]
}