{
  "generated_at_utc": "2026-04-26T15:42:14.245381+00:00",
  "best_overall": {
    "method_family": "B_linear_registration",
    "method_name": "affine_rmse_optimization",
    "interpolation": "lanczos",
    "domain_tested": "full",
    "mask_mode": "nomask",
    "rmse": 0.04553305423311378,
    "mae": 0.038274505267879955,
    "mean_bias": 0.03291177864384858,
    "max_abs_error": 0.11293608703613245,
    "pearson": 0.04007751051672519,
    "spearman": 0.021449014032862406,
    "nrmse": 0.32020431950149764,
    "ssim": 0.9963230653280193,
    "ncc": 0.0400775105167252,
    "contour_score": 0.3362125153690752,
    "gradient_corr": 0.1939814413055835,
    "exact_match_possible": false,
    "valid_cells_used": 123,
    "valid_fraction": 0.0028472222222222223,
    "notes": "affine optimize",
    "composite_score": 0.46743627581230474,
    "rank": 1
  },
  "best_operational_roi_masked": {
    "method_family": "C_nonrigid_registration",
    "method_name": "dense_optical_flow_tvl1",
    "interpolation": "linear",
    "domain_tested": "roi",
    "mask_mode": "masked",
    "rmse": 0.6994061746114569,
    "mae": 0.6843111544068026,
    "mean_bias": 0.6843111544068026,
    "max_abs_error": 1.411507968101816,
    "pearson": 0.7765981146275605,
    "spearman": 0.6663318751156302,
    "nrmse": 0.8644783074117269,
    "ssim": 0.6507467531497042,
    "ncc": 0.7765981146275607,
    "contour_score": 0.1967460035600912,
    "gradient_corr": 0.04458976120229204,
    "exact_match_possible": false,
    "valid_cells_used": 8296,
    "valid_fraction": 0.9673507462686567,
    "notes": "dense flow",
    "composite_score": 0.5772625181987874,
    "rank": 25
  },
  "best_full_nomask": {
    "method_family": "B_linear_registration",
    "method_name": "affine_rmse_optimization",
    "interpolation": "lanczos",
    "domain_tested": "full",
    "mask_mode": "nomask",
    "rmse": 0.04553305423311378,
    "mae": 0.038274505267879955,
    "mean_bias": 0.03291177864384858,
    "max_abs_error": 0.11293608703613245,
    "pearson": 0.04007751051672519,
    "spearman": 0.021449014032862406,
    "nrmse": 0.32020431950149764,
    "ssim": 0.9963230653280193,
    "ncc": 0.0400775105167252,
    "contour_score": 0.3362125153690752,
    "gradient_corr": 0.1939814413055835,
    "exact_match_possible": false,
    "valid_cells_used": 123,
    "valid_fraction": 0.0028472222222222223,
    "notes": "affine optimize",
    "composite_score": 0.46743627581230474,
    "rank": 1
  },
  "exact_transform_found": false,
  "near_perfect_transform_found": false,
  "exact_rows_count": 0,
  "near_rows_count": 0,
  "best_method": "dense_optical_flow_tvl1",
  "best_interpolation": "linear",
  "best_domain": "roi/masked",
  "best_rmse": 0.6994061746114569,
  "best_pearson": 0.7765981146275605,
  "output_arrays": {
    "best_temperature_transformed_full": "results/299/best_temperature_transformed_full.npy",
    "best_temperature_transformed_roi_nomask": "results/299/best_temperature_transformed_roi_nomask.npy",
    "best_temperature_transformed_roi_masked": "results/299/best_temperature_transformed_roi_masked.npy",
    "best_temperature_difference_full": "results/299/best_temperature_difference_full.npy",
    "best_temperature_difference_roi": "results/299/best_temperature_difference_roi.npy"
  }
}