{
  "routes": [
    {
      "route_id": 1,
      "length_km": 73.04,
      "minimum_depth_m": 83.48164,
      "mission_duration_h": 20,
      "mission_duration_m": 57,
      "waypoints": [
        [
          39.57266,
          -9.292792,
          110.0299
        ],
        [
          39.57266,
          -9.300812,
          112.77493
        ],
        [
          39.580574,
          -9.308832,
          120.84726
        ],
        [
          39.5753,
          -9.319525,
          127.05723
        ],
        [
          39.58321,
          -9.356951,
          187.20485
        ],
        [
          39.5753,
          -9.386356,
          279.4972
        ],
        [
          39.57266,
          -9.402396,
          419.525
        ],
        [
          39.58321,
          -9.4077425,
          535.85406
        ],
        [
          39.58321,
          -9.421108,
          638.7078
        ],
        [
          39.591125,
          -9.429129,
          655.16656
        ],
        [
          39.60168,
          -9.423781,
          665.32513
        ],
        [
          39.620148,
          -9.405069,
          657.1499
        ],
        [
          39.646526,
          -9.397049,
          529.06006
        ],
        [
          39.649166,
          -9.383683,
          500.24118
        ],
        [
          39.65708,
          -9.37299,
          365.4311
        ],
        [
          39.667633,
          -9.3703165,
          249.80023
        ],
        [
          39.67291,
          -9.359624,
          210.54544
        ],
        [
          39.694016,
          -9.332891,
          139.56914
        ],
        [
          39.71776,
          -9.303485,
          130.95618
        ],
        [
          39.709846,
          -9.292792,
          136.53041
        ],
        [
          39.707207,
          -9.279426,
          142.37138
        ],
        [
          39.71776,
          -9.255366,
          135.80122
        ],
        [
          39.707207,
          -9.231307,
          164.49522
        ],
        [
          39.709846,
          -9.215268,
          151.93254
        ],
        [
          39.715122,
          -9.201901,
          130.41246
        ],
        [
          39.704567,
          -9.196555,
          135.07866
        ],
        [
          39.683464,
          -9.151109,
          83.48164
        ],
        [
          39.67291,
          -9.151109,
          94.17595
        ],
        [
          39.67555,
          -9.16715,
          128.86739
        ],
        [
          39.664997,
          -9.185862,
          206.32439
        ],
        [
          39.67555,
          -9.191209,
          192.52426
        ],
        [
          39.67819,
          -9.207248,
          233.518
        ],
        [
          39.683464,
          -9.217941,
          241.19572
        ],
        [
          39.67555,
          -9.225961,
          296.40234
        ],
        [
          39.659718,
          -9.223288,
          314.91718
        ],
        [
          39.649166,
          -9.217941,
          249.24768
        ],
        [
          39.62806,
          -9.212595,
          158.7179
        ],
        [
          39.620148,
          -9.228634,
          143.55235
        ],
        [
          39.606956,
          -9.236654,
          107.169945
        ],
        [
          39.609592,
          -9.25002,
          117.39076
        ],
        [
          39.58585,
          -9.274079,
          111.84027
        ],
        [
          39.57387,
          -9.291071,
          110.0299
        ]
      ]
    }
  ]
}