{
  "routes": [
    {
      "route_id": 1,
      "length_km": 29.147,
      "minimum_depth_m": 88.06231,
      "mission_duration_h": 8,
      "mission_duration_m": 26,
      "waypoints": [
        [
          39.57266,
          -9.292792,
          110.0299
        ],
        [
          39.580574,
          -9.284773,
          110.21365
        ],
        [
          39.57266,
          -9.274079,
          103.45829
        ],
        [
          39.58321,
          -9.26606,
          105.0309
        ],
        [
          39.58585,
          -9.252693,
          101.77061
        ],
        [
          39.5964,
          -9.25002,
          108.01362
        ],
        [
          39.606956,
          -9.236654,
          107.169945
        ],
        [
          39.6307,
          -9.225961,
          180.24123
        ],
        [
          39.638615,
          -9.215268,
          195.8492
        ],
        [
          39.62806,
          -9.212595,
          158.7179
        ],
        [
          39.617508,
          -9.204575,
          123.13647
        ],
        [
          39.609592,
          -9.215268,
          99.87044
        ],
        [
          39.60168,
          -9.207248,
          93.34261
        ],
        [
          39.593765,
          -9.215268,
          88.78029
        ],
        [
          39.59904,
          -9.225961,
          96.13038
        ],
        [
          39.58849,
          -9.239327,
          96.83506
        ],
        [
          39.580574,
          -9.231307,
          88.06231
        ],
        [
          39.57266,
          -9.247347,
          92.54448
        ],
        [
          39.57266,
          -9.260714,
          98.11719
        ],
        [
          39.562107,
          -9.263387,
          94.92799
        ],
        [
          39.562107,
          -9.279426,
          101.53118
        ],
        [
          39.57266,
          -9.295465,
          110.94491
        ],
        [
          39.57266,
          -9.295119,
          110.0299
        ]
      ]
    }
  ]
}