{
  "routes": [
    {
      "route_id": 1,
      "length_km": 38.946,
      "minimum_depth_m": 110.0299,
      "mission_duration_h": 11,
      "mission_duration_m": 16,
      "waypoints": [
        [
          39.57266,
          -9.292792,
          110.0299
        ],
        [
          39.58585,
          -9.308832,
          134.1046
        ],
        [
          39.5753,
          -9.311505,
          120.553406
        ],
        [
          39.567383,
          -9.324871,
          124.482605
        ],
        [
          39.58321,
          -9.330218,
          147.87352
        ],
        [
          39.593765,
          -9.330218,
          215.11285
        ],
        [
          39.60168,
          -9.322198,
          237.79222
        ],
        [
          39.61487,
          -9.316852,
          277.77252
        ],
        [
          39.622784,
          -9.308832,
          284.2886
        ],
        [
          39.64389,
          -9.311505,
          331.39398
        ],
        [
          39.651806,
          -9.303485,
          290.16504
        ],
        [
          39.638615,
          -9.295465,
          342.96878
        ],
        [
          39.64389,
          -9.282099,
          324.8326
        ],
        [
          39.65444,
          -9.282099,
          309.2728
        ],
        [
          39.664997,
          -9.276752,
          309.24432
        ],
        [
          39.67291,
          -9.268733,
          288.45496
        ],
        [
          39.664997,
          -9.255366,
          361.68457
        ],
        [
          39.65708,
          -9.247347,
          339.98816
        ],
        [
          39.63334,
          -9.258039,
          256.83182
        ],
        [
          39.625423,
          -9.26606,
          227.19821
        ],
        [
          39.61487,
          -9.271406,
          171.21594
        ],
        [
          39.617508,
          -9.284773,
          209.16017
        ],
        [
          39.62806,
          -9.284773,
          274.41525
        ],
        [
          39.622784,
          -9.295465,
          257.65005
        ],
        [
          39.609592,
          -9.298139,
          189.06898
        ],
        [
          39.604317,
          -9.287446,
          157.17113
        ],
        [
          39.593765,
          -9.282099,
          129.86629
        ],
        [
          39.58585,
          -9.290119,
          120.3381
        ],
        [
          39.57444,
          -9.292432,
          110.0299
        ]
      ]
    }
  ]
}