{
  "routes": [
    {
      "route_id": 1,
      "length_km": 36.637,
      "minimum_depth_m": 110.0299,
      "mission_duration_h": 10,
      "mission_duration_m": 32,
      "waypoints": [
        [
          39.57266,
          -9.292792,
          110.0299
        ],
        [
          39.57002,
          -9.300812,
          111.81263
        ],
        [
          39.606956,
          -9.332891,
          310.40186
        ],
        [
          39.617508,
          -9.343584,
          402.57785
        ],
        [
          39.622784,
          -9.354278,
          467.2612
        ],
        [
          39.617508,
          -9.367643,
          523.945
        ],
        [
          39.622784,
          -9.38101,
          601.66943
        ],
        [
          39.612232,
          -9.405069,
          676.7874
        ],
        [
          39.622784,
          -9.410416,
          654.7551
        ],
        [
          39.620148,
          -9.4264555,
          598.32996
        ],
        [
          39.609592,
          -9.421108,
          689.81433
        ],
        [
          39.59904,
          -9.423781,
          662.5977
        ],
        [
          39.591125,
          -9.415762,
          652.28186
        ],
        [
          39.580574,
          -9.4077425,
          520.24677
        ],
        [
          39.577934,
          -9.394376,
          363.37357
        ],
        [
          39.58849,
          -9.399722,
          490.39313
        ],
        [
          39.5964,
          -9.391703,
          492.7705
        ],
        [
          39.606956,
          -9.391703,
          597.2981
        ],
        [
          39.612232,
          -9.38101,
          582.49646
        ],
        [
          39.606956,
          -9.3703165,
          489.22522
        ],
        [
          39.5964,
          -9.37299,
          391.36273
        ],
        [
          39.593765,
          -9.356951,
          291.73297
        ],
        [
          39.5964,
          -9.343584,
          274.3446
        ],
        [
          39.57359,
          -9.294785,
          110.0299
        ]
      ]
    }
  ]
}