{
  "routes": [
    {
      "route_id": 1,
      "length_km": 149.531,
      "minimum_depth_m": 80.9483,
      "mission_duration_h": 43,
      "mission_duration_m": 12,
      "waypoints": [
        [
          39.57266,
          -9.292792,
          110.0299
        ],
        [
          39.564743,
          -9.279426,
          102.51209
        ],
        [
          39.548916,
          -9.300812,
          102.3958
        ],
        [
          39.54364,
          -9.290119,
          94.84418
        ],
        [
          39.533085,
          -9.274079,
          80.9483
        ],
        [
          39.55419,
          -9.276752,
          97.46962
        ],
        [
          39.548916,
          -9.26606,
          88.965935
        ],
        [
          39.548916,
          -9.252693,
          83.14724
        ],
        [
          39.559467,
          -9.263387,
          93.86364
        ],
        [
          39.57266,
          -9.260714,
          98.11719
        ],
        [
          39.580574,
          -9.247347,
          96.041504
        ],
        [
          39.580574,
          -9.23398,
          89.39218
        ],
        [
          39.609592,
          -9.199228,
          100.61967
        ],
        [
          39.620148,
          -9.201901,
          130.5886
        ],
        [
          39.617508,
          -9.215268,
          124.65201
        ],
        [
          39.62806,
          -9.212595,
          158.7179
        ],
        [
          39.635975,
          -9.188536,
          168.8009
        ],
        [
          39.6307,
          -9.177842,
          150.72891
        ],
        [
          39.646526,
          -9.188536,
          186.76762
        ],
        [
          39.65444,
          -9.196555,
          217.63023
        ],
        [
          39.64389,
          -9.204575,
          204.68958
        ],
        [
          39.638615,
          -9.215268,
          195.8492
        ],
        [
          39.649166,
          -9.217941,
          249.24768
        ],
        [
          39.65708,
          -9.225961,
          305.48068
        ],
        [
          39.65708,
          -9.239327,
          327.04785
        ],
        [
          39.667633,
          -9.247347,
          365.5554
        ],
        [
          39.662357,
          -9.258039,
          348.0806
        ],
        [
          39.651806,
          -9.258039,
          319.88486
        ],
        [
          39.64125,
          -9.247347,
          271.31757
        ],
        [
          39.646526,
          -9.236654,
          272.85654
        ],
        [
          39.638615,
          -9.228634,
          217.1299
        ],
        [
          39.62806,
          -9.231307,
          179.3466
        ],
        [
          39.620148,
          -9.239327,
          156.56822
        ],
        [
          39.620148,
          -9.260714,
          187.0221
        ],
        [
          39.61487,
          -9.271406,
          171.21594
        ],
        [
          39.617508,
          -9.284773,
          209.16017
        ],
        [
          39.62806,
          -9.279426,
          267.637
        ],
        [
          39.638615,
          -9.287446,
          336.755
        ],
        [
          39.6307,
          -9.295465,
          303.13257
        ],
        [
          39.64389,
          -9.300812,
          325.4827
        ],
        [
          39.6307,
          -9.314178,
          335.36246
        ],
        [
          39.625423,
          -9.327544,
          350.85367
        ],
        [
          39.625423,
          -9.340911,
          406.59335
        ],
        [
          39.65444,
          -9.340911,
          294.99908
        ],
        [
          39.659718,
          -9.354278,
          282.39816
        ],
        [
          39.64389,
          -9.3516035,
          429.00403
        ],
        [
          39.649166,
          -9.362297,
          416.9328
        ],
        [
          39.63334,
          -9.375663,
          594.45416
        ],
        [
          39.622784,
          -9.38101,
          601.66943
        ],
        [
          39.612232,
          -9.405069,
          676.7874
        ],
        [
          39.59904,
          -9.399722,
          573.2143
        ],
        [
          39.617508,
          -9.36497,
          510.31744
        ],
        [
          39.606956,
          -9.3703165,
          489.22522
        ],
        [
          39.5964,
          -9.37299,
          391.36273
        ],
        [
          39.58585,
          -9.37299,
          279.8226
        ],
        [
          39.591125,
          -9.386356,
          400.34555
        ],
        [
          39.577934,
          -9.383683,
          277.77408
        ],
        [
          39.58321,
          -9.394376,
          391.06818
        ],
        [
          39.57266,
          -9.402396,
          419.525
        ],
        [
          39.562107,
          -9.402396,
          362.47302
        ],
        [
          39.567383,
          -9.391703,
          289.94568
        ],
        [
          39.55683,
          -9.3890295,
          222.4427
        ],
        [
          39.548916,
          -9.397049,
          250.8127
        ],
        [
          39.55155,
          -9.410416,
          362.61966
        ],
        [
          39.54364,
          -9.421108,
          365.74823
        ],
        [
          39.562107,
          -9.423781,
          541.31256
        ],
        [
          39.57266,
          -9.418435,
          567.6585
        ],
        [
          39.58321,
          -9.421108,
          638.7078
        ],
        [
          39.58321,
          -9.4077425,
          535.85406
        ],
        [
          39.593765,
          -9.413089,
          640.41223
        ],
        [
          39.59904,
          -9.423781,
          662.5977
        ],
        [
          39.606956,
          -9.415762,
          711.3943
        ],
        [
          39.61487,
          -9.4264555,
          629.6481
        ],
        [
          39.622784,
          -9.415762,
          658.90625
        ],
        [
          39.63334,
          -9.413089,
          609.5741
        ],
        [
          39.6307,
          -9.4264555,
          535.69366
        ],
        [
          39.649166,
          -9.429129,
          371.15375
        ],
        [
          39.662357,
          -9.402396,
          319.52115
        ],
        [
          39.646526,
          -9.397049,
          529.06006
        ],
        [
          39.64125,
          -9.386356,
          613.20685
        ],
        [
          39.635975,
          -9.362297,
          533.78265
        ],
        [
          39.6307,
          -9.3516035,
          470.64255
        ],
        [
          39.609592,
          -9.34893,
          408.3902
        ],
        [
          39.61487,
          -9.338238,
          369.85568
        ],
        [
          39.604317,
          -9.335565,
          304.19208
        ],
        [
          39.5964,
          -9.343584,
          274.3446
        ],
        [
          39.593765,
          -9.356951,
          291.73297
        ],
        [
          39.58321,
          -9.356951,
          187.20485
        ],
        [
          39.57266,
          -9.362297,
          173.20686
        ],
        [
          39.564743,
          -9.375663,
          202.77429
        ],
        [
          39.55683,
          -9.36497,
          148.00839
        ],
        [
          39.546276,
          -9.362297,
          128.2673
        ],
        [
          39.54364,
          -9.375663,
          151.37518
        ],
        [
          39.533085,
          -9.375663,
          131.37056
        ],
        [
          39.53836,
          -9.343584,
          111.05602
        ],
        [
