{
  "routes": [
    {
      "route_id": 1,
      "length_km": 75.182,
      "minimum_depth_m": 48.529903,
      "mission_duration_h": 21,
      "mission_duration_m": 47,
      "waypoints": [
        [
          39.57266,
          -9.292792,
          110.0299
        ],
        [
          39.5753,
          -9.295465,
          111.911865
        ],
        [
          39.5964,
          -9.276752,
          128.31947
        ],
        [
          39.59904,
          -9.263387,
          121.00683
        ],
        [
          39.606956,
          -9.252693,
          118.3178
        ],
        [
          39.606956,
          -9.236654,
          107.169945
        ],
        [
          39.620148,
          -9.228634,
          143.55235
        ],
        [
          39.63334,
          -9.207248,
          172.84198
        ],
        [
          39.64389,
          -9.204575,
          204.68958
        ],
        [
          39.649166,
          -9.217941,
          249.24768
        ],
        [
          39.659718,
          -9.223288,
          314.91718
        ],
        [
          39.667633,
          -9.231307,
          346.19012
        ],
        [
          39.67291,
          -9.217941,
          294.1547
        ],
        [
          39.683464,
          -9.217941,
          241.19572
        ],
        [
          39.71776,
          -9.215268,
          135.96202
        ],
        [
          39.715122,
          -9.201901,
          130.41246
        ],
        [
          39.720398,
          -9.191209,
          117.3673
        ],
        [
          39.69929,
          -9.185862,
          122.14542
        ],
        [
          39.694016,
          -9.196555,
          144.09409
        ],
        [
          39.683464,
          -9.201901,
          195.68663
        ],
        [
          39.67555,
          -9.191209,
          192.52426
        ],
        [
          39.664997,
          -9.185862,
          206.32439
        ],
        [
          39.67291,
          -9.177842,
          163.83925
        ],
        [
          39.6861,
          -9.180515,
          136.00868
        ],
        [
          39.694016,
          -9.172496,
          102.45154
        ],
        [
          39.707207,
          -9.16715,
          91.73684
        ],
        [
          39.704567,
          -9.153783,
          76.864525
        ],
        [
          39.715122,
          -9.148436,
          71.899124
        ],
        [
          39.720398,
          -9.135069,
          60.927307
        ],
        [
          39.709846,
          -9.132396,
          57.265064
        ],
        [
          39.69929,
          -9.137742,
          58.24965
        ],
        [
          39.694016,
          -9.124376,
          49.822548
        ],
        [
          39.683464,
          -9.121703,
          48.619907
        ],
        [
          39.67555,
          -9.129723,
          55.07732
        ],
        [
          39.670273,
          -9.143089,
          75.863045
        ],
        [
          39.662357,
          -9.135069,
          65.54437
        ],
        [
          39.649166,
          -9.140416,
          91.84423
        ],
        [
          39.651806,
          -9.156456,
          127.56897
        ],
        [
          39.649166,
          -9.169823,
          158.55331
        ],
        [
          39.638615,
          -9.172496,
          161.98956
        ],
        [
          39.62806,
          -9.172496,
          143.45493
        ],
        [
          39.620148,
          -9.183188,
          128.77869
        ],
        [
          39.62806,
          -9.196555,
          151.7635
        ],
        [
          39.617508,
          -9.204575,
          123.13647
        ],
        [
          39.609592,
          -9.196555,
          100.74454
        ],
        [
          39.60168,
          -9.204575,
          93.01503
        ],
        [
          39.593765,
          -9.215268,
          88.78029
        ],
        [
          39.58321,
          -9.217941,
          82.770164
        ],
        [
          39.580574,
          -9.23398,
          89.39218
        ],
        [
          39.591125,
          -9.239327,
          98.53941
        ],
        [
          39.58585,
          -9.252693,
          101.77061
        ],
        [
          39.57266,
          -9.26606,
          100.25363
        ],
        [
          39.562107,
          -9.263387,
          94.92799
        ],
        [
          39.564743,
          -9.279426,
          102.51209
        ],
        [
          39.5753,
          -9.279426,
          106.43576
        ],
        [
          39.5731,
          -9.290537,
          110.0299
        ]
      ]
    }
  ]
}