{
  "routes": [
    {
      "route_id": 1,
      "length_km": 18.904,
      "minimum_depth_m": 86.71611,
      "mission_duration_h": 5,
      "mission_duration_m": 28,
      "waypoints": [
        [
          39.57266,
          -9.292792,
          110.0299
        ],
        [
          39.564743,
          -9.303485,
          110.81001
        ],
        [
          39.55419,
          -9.306158,
          107.684074
        ],
        [
          39.541,
          -9.303485,
          98.17168
        ],
        [
          39.533085,
          -9.292792,
          88.61579
        ],
        [
          39.548916,
          -9.287446,
          97.53005
        ],
        [
          39.562107,
          -9.268733,
          97.192314
        ],
        [
          39.55419,
          -9.260714,
          90.41247
        ],
        [
          39.559467,
          -9.247347,
          86.71611
        ],
        [
          39.57002,
          -9.244674,
          89.95389
        ],
        [
          39.580574,
          -9.25002,
          97.277145
        ],
        [
          39.57002,
          -9.258039,
          95.952644
        ],
        [
          39.57266,
          -9.274079,
          103.45829
        ],
        [
          39.567383,
          -9.287446,
          106.25201
        ],
        [
          39.571243,
          -9.291356,
          110.0299
        ]
      ]
    }
  ]
}