{
  "stage": "patch",
  "config_name": "patch_40x24",
  "patch_w": 40,
  "patch_h": 24,
  "dictionary_size": 4,
  "seed": 11,
  "n_classes": 4,
  "patches_per_image": 3822,
  "patch_vector_length": 1920,
  "feature_vector_length": 15288,
  "features_shape": [
    370,
    15288
  ],
  "class_sizes": [
    101,
    113,
    108,
    48
  ],
  "icv_per_class": [
    1195.1427001953125,
    2319.320068359375,
    2031.78564453125,
    1281.0382080078125
  ],
  "mean_icv": 1706.8216552734375,
  "runtime_seconds": 620.4450643999999,
  "methodology": "legacy faithful initial: full sparse feature vector, valid-mask channel, Ward n_classes=4"
}