{
  "routes": [
    {
      "route_id": 1,
      "length_km": 35.474,
      "minimum_depth_m": 41.574818,
      "mission_duration_h": 10,
      "mission_duration_m": 15,
      "waypoints": [
        [
          39.57266,
          -9.292792,
          110.0299
        ],
        [
          39.564743,
          -9.279426,
          102.51209
        ],
        [
          39.562107,
          -9.263387,
          94.92799
        ],
        [
          39.57002,
          -9.255366,
          94.86845
        ],
        [
          39.567383,
          -9.242001,
          87.315765
        ],
        [
          39.57266,
          -9.223288,
          79.93406
        ],
        [
          39.567383,
          -9.209921,
          68.9006
        ],
        [
          39.567383,
          -9.191209,
          57.319702
        ],
        [
          39.577934,
          -9.188536,
          63.725464
        ],
        [
          39.567383,
          -9.161802,
          41.71545
        ],
        [
          39.577934,
          -9.140416,
          42.614483
        ],
        [
          39.60168,
          -9.140416,
          88.88421
        ],
        [
          39.60168,
          -9.153783,
          92.53734
        ],
        [
          39.593765,
          -9.161802,
          78.65666
        ],
        [
          39.60168,
          -9.169823,
          95.24855
        ],
        [
          39.60168,
          -9.183188,
          93.24455
        ],
        [
          39.593765,
          -9.191209,
          82.24967
        ],
        [
          39.59904,
          -9.201901,
          90.085
        ],
        [
          39.59904,
          -9.215268,
          92.477005
        ],
        [
          39.580574,
          -9.23398,
          89.39218
        ],
        [
          39.577934,
          -9.247347,
          94.87583
        ],
        [
          39.580574,
          -9.263387,
          102.37847
        ],
        [
          39.5753,
          -9.274079,
          104.45871
        ],
        [
          39.58321,
          -9.284773,
          112.38755
        ],
        [
          39.5753,
          -9.295465,
          111.911865
        ],
        [
          39.574078,
          -9.294229,
          110.0299
        ]
      ]
    }
  ]
}