{
  "routes": [
    {
      "route_id": 1,
      "length_km": 36.016,
      "minimum_depth_m": 41.71545,
      "mission_duration_h": 10,
      "mission_duration_m": 20,
      "waypoints": [
        [
          39.57266,
          -9.292792,
          110.0299
        ],
        [
          39.580574,
          -9.23398,
          89.39218
        ],
        [
          39.57266,
          -9.223288,
          79.93406
        ],
        [
          39.55683,
          -9.185862,
          46.441933
        ],
        [
          39.567383,
          -9.161802,
          41.71545
        ],
        [
          39.580574,
          -9.164475,
          54.974762
        ],
        [
          39.58585,
          -9.153783,
          59.715454
        ],
        [
          39.593765,
          -9.161802,
          78.65666
        ],
        [
          39.604317,
          -9.159129,
          99.3937
        ],
        [
          39.617508,
          -9.164475,
          123.57283
        ],
        [
          39.625423,
          -9.172496,
          138.54982
        ],
        [
          39.620148,
          -9.183188,
          128.77869
        ],
        [
          39.609592,
          -9.180515,
          106.0157
        ],
        [
          39.60168,
          -9.191209,
          92.04216
        ],
        [
          39.58849,
          -9.191209,
          75.72135
        ],
        [
          39.58321,
          -9.201901,
          74.47029
        ],
        [
          39.562107,
          -9.215268,
          69.27439
        ],
        [
          39.55683,
          -9.225961,
          73.20049
        ],
        [
          39.55683,
          -9.25002,
          86.978645
        ],
        [
          39.562107,
          -9.263387,
          94.92799
        ],
        [
          39.564743,
          -9.279426,
          102.51209
        ],
        [
          39.571564,
          -9.290943,
          110.0299
        ]
      ]
    }
  ]
}