{
  "routes": [
    {
      "route_id": 1,
      "length_km": 36.965,
      "minimum_depth_m": 87.01612,
      "mission_duration_h": 10,
      "mission_duration_m": 35,
      "waypoints": [
        [
          39.57266,
          -9.292792,
          110.0299
        ],
        [
          39.580574,
          -9.290119,
          112.02972
        ],
        [
          39.58585,
          -9.279426,
          114.53341
        ],
        [
          39.59904,
          -9.263387,
          121.00683
        ],
        [
          39.609592,
          -9.271406,
          141.35423
        ],
        [
          39.651806,
          -9.258039,
          319.88486
        ],
        [
          39.64389,
          -9.242001,
          271.5749
        ],
        [
          39.651806,
          -9.217941,
          262.07428
        ],
        [
          39.64125,
          -9.217941,
          210.76787
        ],
        [
          39.64389,
          -9.191209,
          186.16002
        ],
        [
          39.63334,
          -9.183188,
          159.17757
        ],
        [
          39.638615,
          -9.172496,
          161.98956
        ],
        [
          39.625423,
          -9.172496,
          138.54982
        ],
        [
          39.58585,
          -9.223288,
          87.01612
        ],
        [
          39.580574,
          -9.23398,
          89.39218
        ],
        [
          39.591125,
          -9.239327,
          98.53941
        ],
        [
          39.58585,
          -9.25002,
          100.511894
        ],
        [
          39.5753,
          -9.252693,
          96.040825
        ],
        [
          39.562107,
          -9.263387,
          94.92799
        ],
        [
          39.564743,
          -9.279426,
          102.51209
        ],
        [
          39.571564,
          -9.290943,
          110.0299
        ]
      ]
    }
  ]
}