{
  "routes": [
    {
      "route_id": 1,
      "length_km": 37.61,
      "minimum_depth_m": 101.53118,
      "mission_duration_h": 10,
      "mission_duration_m": 50,
      "waypoints": [
        [
          39.57266,
          -9.292792,
          110.0299
        ],
        [
          39.591125,
          -9.290119,
          132.11838
        ],
        [
          39.620148,
          -9.260714,
          187.0221
        ],
        [
          39.6307,
          -9.263387,
          253.21231
        ],
        [
          39.62806,
          -9.25002,
          211.38583
        ],
        [
          39.638615,
          -9.255366,
          278.43018
        ],
        [
          39.64389,
          -9.244674,
          277.1688
        ],
        [
          39.651806,
          -9.258039,
          319.88486
        ],
        [
          39.64389,
          -9.282099,
          324.8326
        ],
        [
          39.617508,
          -9.292792,
          222.78633
        ],
        [
          39.612232,
          -9.303485,
          212.36226
        ],
        [
          39.60168,
          -9.306158,
          182.29196
        ],
        [
          39.604317,
          -9.319525,
          241.73355
        ],
        [
          39.5964,
          -9.327544,
          224.48187
        ],
        [
          39.604317,
          -9.335565,
          304.19208
        ],
        [
          39.5964,
          -9.343584,
          274.3446
        ],
        [
          39.577934,
          -9.327544,
          136.04332
        ],
        [
          39.58849,
          -9.316852,
          157.85838
        ],
        [
          39.580574,
          -9.308832,
          120.84726
        ],
        [
          39.567383,
          -9.303485,
          111.76999
        ],
        [
          39.55683,
          -9.308832,
          109.76916
        ],
        [
          39.548916,
          -9.300812,
          102.3958
        ],
        [
          39.55683,
          -9.292792,
          104.214195
        ],
        [
          39.562107,
          -9.279426,
          101.53118
        ],
        [
          39.567383,
          -9.290119,
          107.17167
        ],
        [
          39.57098,
          -9.291942,
          110.0299
        ]
      ]
    }
  ]
}