{
  "n_images": 300,
  "min_merge_distance": 0.2978723366761439,
  "max_merge_distance": 1104.2015130796167,
  "fractions": [
    0.2,
    0.22,
    0.24,
    0.26,
    0.28,
    0.3
  ],
  "sd_values": [
    220.84030261592335,
    242.92433287751567,
    265.008363139108,
    287.09239340070036,
    309.1764236622927,
    331.260453923885
  ],
  "patch_w": 72,
  "patch_h": 40,
  "dictionary_size": 4,
  "seed": 53,
  "feature_mode": "raw",
  "include_valid_mask": true,
  "mask_encoding": "concat",
  "standard_scaler_applied": true,
  "ranking_target_classes": 5,
  "default_working_sd_fraction": 0.3
}