{
  "routes": [
    {
      "route_id": 1,
      "length_km": 37.833,
      "minimum_depth_m": 110.0299,
      "mission_duration_h": 10,
      "mission_duration_m": 53,
      "waypoints": [
        [
          39.57266,
          -9.292792,
          110.0299
        ],
        [
          39.57266,
          -9.306158,
          115.16538
        ],
        [
          39.580574,
          -9.319525,
          130.94917
        ],
        [
          39.564743,
          -9.332891,
          126.64449
        ],
        [
          39.57266,
          -9.356951,
          161.5963
        ],
        [
          39.548916,
          -9.36497,
          136.78284
        ],
        [
          39.57002,
          -9.38101,
          239.13902
        ],
        [
          39.58321,
          -9.402396,
          477.93973
        ],
        [
          39.593765,
          -9.405069,
          575.24713
        ],
        [
          39.59904,
          -9.415762,
          681.8381
        ],
        [
          39.609592,
          -9.391703,
          623.43005
        ],
        [
          39.620148,
          -9.399722,
          649.48663
        ],
        [
          39.62806,
          -9.391703,
          644.6958
        ],
        [
          39.620148,
          -9.383683,
          610.4315
        ],
        [
          39.609592,
          -9.378337,
          558.38556
        ],
        [
          39.59904,
          -9.378337,
          445.87598
        ],
        [
          39.58321,
          -9.359624,
          191.23468
        ],
        [
          39.591125,
          -9.3516035,
          251.93217
        ],
        [
          39.577934,
          -9.346257,
          157.75877
        ],
        [
          39.58321,
          -9.335565,
          154.96614
        ],
        [
          39.593765,
          -9.330218,
          215.11285
        ],
        [
          39.59904,
          -9.319525,
          215.35081
        ],
        [
          39.593765,
          -9.308832,
          162.8233
        ],
        [
          39.58321,
          -9.306158,
          121.61397
        ],
        [
          39.573944,
          -9.294422,
          110.0299
        ]
      ]
    }
  ]
}