{
  "routes": [
    {
      "route_id": 1,
      "length_km": 37.557,
      "minimum_depth_m": 106.43576,
      "mission_duration_h": 10,
      "mission_duration_m": 52,
      "waypoints": [
        [
          39.57266,
          -9.292792,
          110.0299
        ],
        [
          39.567383,
          -9.303485,
          111.76999
        ],
        [
          39.580574,
          -9.308832,
          120.84726
        ],
        [
          39.5753,
          -9.319525,
          127.05723
        ],
        [
          39.58321,
          -9.330218,
          147.87352
        ],
        [
          39.58321,
          -9.356951,
          187.20485
        ],
        [
          39.57266,
          -9.362297,
          173.20686
        ],
        [
          39.58321,
          -9.37299,
          251.93758
        ],
        [
          39.577934,
          -9.383683,
          277.77408
        ],
        [
          39.58321,
          -9.394376,
          391.06818
        ],
        [
          39.57266,
          -9.402396,
          419.525
        ],
        [
          39.593765,
          -9.413089,
          640.41223
        ],
        [
          39.604317,
          -9.4077425,
          658.08356
        ],
        [
          39.59904,
          -9.394376,
          537.00635
        ],
        [
          39.604317,
          -9.383683,
          529.24365
        ],
        [
          39.5964,
          -9.37299,
          391.36273
        ],
        [
          39.606956,
          -9.3703165,
          489.22522
        ],
        [
          39.617508,
          -9.36497,
          510.31744
        ],
        [
          39.622784,
          -9.3516035,
          453.9651
        ],
        [
          39.617508,
          -9.340911,
          389.15488
        ],
        [
          39.609592,
          -9.34893,
          408.3902
        ],
        [
          39.5964,
          -9.343584,
          274.3446
        ],
        [
          39.604317,
          -9.335565,
          304.19208
        ],
        [
          39.59904,
          -9.322198,
          223.69624
        ],
        [
          39.60168,
          -9.306158,
          182.29196
        ],
        [
          39.580574,
          -9.290119,
          112.02972
        ],
        [
          39.5753,
          -9.279426,
          106.43576
        ],
        [
          39.57002,
          -9.290119,
          108.14328
        ],
        [
          39.571243,
          -9.291357,
          110.0299
        ]
      ]
    }
  ]
}