{
  "routes": [
    {
      "route_id": 1,
      "length_km": 76.605,
      "minimum_depth_m": 105.595375,
      "mission_duration_h": 22,
      "mission_duration_m": 11,
      "waypoints": [
        [
          39.57266,
          -9.292792,
          110.0299
        ],
        [
          39.58585,
          -9.290119,
          120.3381
        ],
        [
          39.593765,
          -9.282099,
          129.86629
        ],
        [
          39.604317,
          -9.287446,
          157.17113
        ],
        [
          39.59904,
          -9.303485,
          167.56883
        ],
        [
          39.622784,
          -9.295465,
          257.65005
        ],
        [
          39.62806,
          -9.284773,
          274.41525
        ],
        [
          39.617508,
          -9.284773,
          209.16017
        ],
        [
          39.61487,
          -9.271406,
          171.21594
        ],
        [
          39.625423,
          -9.26606,
          227.19821
        ],
        [
          39.63334,
          -9.258039,
          256.83182
        ],
        [
          39.65708,
          -9.247347,
          339.98816
        ],
        [
          39.662357,
          -9.236654,
          347.67334
        ],
        [
          39.67819,
          -9.242001,
          293.08545
        ],
        [
          39.68874,
          -9.239327,
          226.58905
        ],
        [
          39.683464,
          -9.225961,
          253.06964
        ],
        [
          39.696655,
          -9.223288,
          190.5227
        ],
        [
          39.69929,
          -9.209921,
          163.61508
        ],
        [
          39.709846,
          -9.209921,
          145.82922
        ],
        [
          39.720398,
          -9.215268,
          130.63852
        ],
        [
          39.71776,
          -9.231307,
          138.95059
        ],
        [
          39.707207,
          -9.231307,
          164.49522
        ],
        [
          39.70193,
          -9.244674,
          176.32172
        ],
        [
          39.691376,
          -9.252693,
          205.8296
        ],
        [
          39.680824,
          -9.258039,
          263.6073
        ],
        [
          39.67291,
          -9.268733,
          288.45496
        ],
        [
          39.664997,
          -9.255366,
          361.68457
        ],
        [
          39.65444,
          -9.26606,
          322.58673
        ],
        [
          39.64125,
          -9.268733,
          311.42307
        ],
        [
          39.64389,
          -9.282099,
          324.8326
        ],
        [
          39.65444,
          -9.282099,
          309.2728
        ],
        [
          39.664997,
          -9.276752,
          309.24432
        ],
        [
          39.667633,
          -9.290119,
          260.28293
        ],
        [
          39.662357,
          -9.300812,
          249.78253
        ],
        [
          39.651806,
          -9.303485,
          290.16504
        ],
        [
          39.64389,
          -9.311505,
          331.39398
        ],
        [
          39.638615,
          -9.322198,
          374.628
        ],
        [
          39.63334,
          -9.311505,
          341.45456
        ],
        [
          39.622784,
          -9.308832,
          284.2886
        ],
        [
          39.61487,
          -9.316852,
          277.77252
        ],
        [
          39.61487,
          -9.330218,
          331.73846
        ],
        [
          39.604317,
          -9.335565,
          304.19208
        ],
        [
          39.593765,
          -9.330218,
          215.11285
        ],
        [
          39.58321,
          -9.330218,
          147.87352
        ],
        [
          39.593765,
          -9.343584,
          252.88681
        ],
        [
          39.58585,
          -9.354278,
          208.3722
        ],
        [
          39.5753,
          -9.346257,
          153.80736
        ],
        [
          39.55419,
          -9.356951,
          128.25725
        ],
        [
          39.535725,
          -9.3516035,
          112.64396
        ],
        [
          39.533085,
          -9.338238,
          105.595375
        ],
        [
          39.54364,
          -9.340911,
          113.19643
        ],
        [
          39.55683,
          -9.338238,
          121.324066
        ],
        [
          39.55683,
          -9.324871,
          115.26859
        ],
        [
          39.567383,
          -9.324871,
          124.482605
        ],
        [
          39.5753,
          -9.311505,
          120.553406
        ],
        [
          39.58585,
          -9.308832,
          134.1046
        ],
        [
          39.57397,
          -9.294387,
          110.0299
        ]
      ]
    }
  ]
}