{
  "routes": [
    {
      "route_id": 1,
      "length_km": 38.363,
      "minimum_depth_m": 110.0299,
      "mission_duration_h": 10,
      "mission_duration_m": 59,
      "waypoints": [
        [
          39.57266,
          -9.292792,
          110.0299
        ],
        [
          39.612232,
          -9.303485,
          212.36226
        ],
        [
          39.625423,
          -9.300812,
          280.1656
        ],
        [
          39.6307,
          -9.311505,
          329.27335
        ],
        [
          39.64125,
          -9.316852,
          351.55093
        ],
        [
          39.649166,
          -9.308832,
          302.32928
        ],
        [
          39.659718,
          -9.308832,
          248.77927
        ],
        [
          39.664997,
          -9.322198,
          204.25172
        ],
        [
          39.65444,
          -9.324871,
          271.77182
        ],
        [
          39.638615,
          -9.343584,
          441.77786
        ],
        [
          39.62806,
          -9.34893,
          451.9141
        ],
        [
          39.64389,
          -9.36497,
          485.6918
        ],
        [
          39.635975,
          -9.378337,
          612.51373
        ],
        [
          39.646526,
          -9.383683,
          533.7988
        ],
        [
          39.64389,
          -9.397049,
          562.4273
        ],
        [
          39.609592,
          -9.378337,
          558.38556
        ],
        [
          39.5964,
          -9.356951,
          317.86502
        ],
        [
          39.57266,
          -9.354278,
          158.66121
        ],
        [
          39.58321,
          -9.332891,
          150.93631
        ],
        [
          39.57266,
          -9.324871,
          129.08961
        ],
        [
          39.5753,
          -9.311505,
          120.553406
        ],
        [
          39.57298,
          -9.295082,
          110.0299
        ]
      ]
    }
  ]
}