{
  "routes": [
    {
      "route_id": 1,
      "length_km": 38.525,
      "minimum_depth_m": 98.32052,
      "mission_duration_h": 11,
      "mission_duration_m": 5,
      "waypoints": [
        [
          39.57266,
          -9.292792,
          110.0299
        ],
        [
          39.5753,
          -9.300812,
          113.737236
        ],
        [
          39.564743,
          -9.298139,
          108.96603
        ],
        [
          39.564743,
          -9.311505,
          114.914734
        ],
        [
          39.54364,
          -9.319525,
          105.14647
        ],
        [
          39.533085,
          -9.322198,
          99.69283
        ],
        [
          39.53836,
          -9.308832,
          98.32052
        ],
        [
          39.548916,
          -9.303485,
          103.36894
        ],
        [
          39.564743,
          -9.279426,
          102.51209
        ],
        [
          39.591125,
          -9.26606,
          114.13064
        ],
        [
          39.604317,
          -9.268733,
          131.90637
        ],
        [
          39.625423,
          -9.258039,
          212.37718
        ],
        [
          39.64125,
          -9.242001,
          259.61758
        ],
        [
          39.65444,
          -9.236654,
          310.26495
        ],
        [
          39.659718,
          -9.223288,
          314.91718
        ],
        [
          39.664997,
          -9.23398,
          356.59766
        ],
        [
          39.659718,
          -9.247347,
          351.43326
        ],
        [
          39.649166,
          -9.25002,
          309.52396
        ],
        [
          39.6307,
          -9.268733,
          264.411
        ],
        [
          39.609592,
          -9.279426,
          152.38982
        ],
        [
          39.5964,
          -9.276752,
          128.31947
        ],
        [
          39.58585,
          -9.279426,
          114.53341
        ],
        [
          39.58585,
          -9.292792,
          121.78926
        ],
        [
          39.5753,
          -9.287446,
          109.17381
        ],
        [
          39.573627,
          -9.29083,
          110.0299
        ]
      ]
    }
  ]
}