{
  "routes": [
    {
      "route_id": 1,
      "length_km": 151.475,
      "minimum_depth_m": 55.242493,
      "mission_duration_h": 43,
      "mission_duration_m": 49,
      "waypoints": [
        [
          39.57266,
          -9.292792,
          110.0299
        ],
        [
          39.60168,
          -9.279426,
          139.77101
        ],
        [
          39.5964,
          -9.268733,
          122.22772
        ],
        [
          39.620148,
          -9.239327,
          156.56822
        ],
        [
          39.62806,
          -9.231307,
          179.3466
        ],
        [
          39.638615,
          -9.228634,
          217.1299
        ],
        [
          39.638615,
          -9.215268,
          195.8492
        ],
        [
          39.62806,
          -9.212595,
          158.7179
        ],
        [
          39.63334,
          -9.201901,
          169.74365
        ],
        [
          39.64389,
          -9.204575,
          204.68958
        ],
        [
          39.649166,
          -9.217941,
          249.24768
        ],
        [
          39.65708,
          -9.225961,
          305.48068
        ],
        [
          39.683464,
          -9.225961,
          253.06964
        ],
        [
          39.694016,
          -9.223288,
          196.86653
        ],
        [
          39.70193,
          -9.215268,
          167.90305
        ],
        [
          39.6861,
          -9.196555,
          171.09497
        ],
        [
          39.664997,
          -9.185862,
          206.32439
        ],
        [
          39.667633,
          -9.169823,
          152.59608
        ],
        [
          39.67291,
          -9.159129,
          113.9006
        ],
        [
          39.680824,
          -9.169823,
          124.83658
        ],
        [
          39.6861,
          -9.180515,
          136.00868
        ],
        [
          39.694016,
          -9.172496,
          102.45154
        ],
        [
          39.694016,
          -9.156456,
          79.8272
        ],
        [
          39.691376,
          -9.143089,
          64.56907
        ],
        [
          39.69929,
          -9.132396,
          55.242493
        ],
        [
          39.709846,
          -9.132396,
          57.265064
        ],
        [
          39.704567,
          -9.143089,
          65.05105
        ],
        [
          39.71776,
          -9.148436,
          72.13446
        ],
        [
          39.720398,
          -9.164475,
          87.23804
        ],
        [
          39.707207,
          -9.16715,
          91.73684
        ],
        [
          39.70193,
          -9.180515,
          112.687454
        ],
        [
          39.71776,
          -9.185862,
          112.64042
        ],
        [
          39.71776,
          -9.199228,
          125.54547
        ],
        [
          39.712482,
          -9.212595,
          143.9959
        ],
        [
          39.71776,
          -9.228634,
          139.22443
        ],
        [
          39.68874,
          -9.239327,
          226.58905
        ],
        [
          39.65708,
          -9.239327,
          327.04785
        ],
        [
          39.646526,
          -9.236654,
          272.85654
        ],
        [
          39.64125,
          -9.247347,
          271.31757
        ],
        [
          39.651806,
          -9.258039,
          319.88486
        ],
        [
          39.662357,
          -9.258039,
          348.0806
        ],
        [
          39.659718,
          -9.274079,
          317.0195
        ],
        [
          39.646526,
          -9.279426,
          321.839
        ],
        [
          39.64125,
          -9.268733,
          311.42307
        ],
        [
          39.6307,
          -9.263387,
          253.21231
        ],
        [
          39.62806,
          -9.25002,
          211.38583
        ],
        [
          39.620148,
          -9.260714,
          187.0221
        ],
        [
          39.61487,
          -9.271406,
          171.21594
        ],
        [
          39.617508,
          -9.284773,
          209.16017
        ],
        [
          39.62806,
          -9.279426,
          267.637
        ],
        [
          39.638615,
          -9.287446,
          336.755
        ],
        [
          39.6307,
          -9.295465,
          303.13257
        ],
        [
          39.617508,
          -9.303485,
          240.95454
        ],
        [
          39.606956,
          -9.295465,
          177.09703
        ],
        [
          39.60168,
          -9.306158,
          182.29196
        ],
        [
          39.5753,
          -9.279426,
          106.43576
        ],
        [
          39.55419,
          -9.276752,
          97.46962
        ],
        [
          39.54364,
          -9.276752,
          89.77215
        ],
        [
          39.54364,
          -9.290119,
          94.84418
        ],
        [
          39.55683,
          -9.292792,
          104.214195
        ],
        [
          39.548916,
          -9.300812,
          102.3958
        ],
        [
          39.533085,
          -9.300812,
          91.88475
        ],
        [
          39.541,
          -9.308832,
          100.00999
        ],
        [
          39.548916,
          -9.319525,
          108.34841
        ],
        [
          39.535725,
          -9.330218,
          104.05605
        ],
        [
          39.546276,
          -9.332891,
          111.002716
        ],
        [
          39.55683,
          -9.338238,
          121.324066
        ],
        [
          39.564743,
          -9.34893,
          140.27315
        ],
        [
          39.55155,
          -9.34893,
          122.22616
        ],
        [
          39.546276,
          -9.362297,
          128.2673
        ],
        [
          39.55683,
          -9.36497,
          148.00839
        ],
        [
          39.57266,
          -9.362297,
          173.20686
        ],
        [
          39.58321,
          -9.356951,
          187.20485
        ],
        [
          39.593765,
          -9.356951,
          291.73297
        ],
        [
          39.5964,
          -9.37299,
          391.36273
        ],
        [
          39.58585,
          -9.37299,
          279.8226
        ],
        [
          39.591125,
          -9.386356,
          400.34555
        ],
        [
          39.577934,
          -9.383683,
          277.77408
        ],
        [
          39.58321,
          -9.394376,
          391.06818
        ],
        [
          39.57266,
          -9.402396,
          419.525
        ],
        [
          39.58321,
          -9.4077425,
          535.85406
        ],
        [
          39.57266,
          -9.418435,
          567.6585
        ],
        [
          39.58321,
          -9.421108,
          638.7078
        ],
        [
          39.593765,
          -9.413089,
          640.41223
        ],
        [
          39.59904,
          -9.423781,
          662.5977
        ],
        [
          39.612232,
          -9.405069,
          676.7874
        ],
        [
          39.59904,
          -9.399722,
          573.2143
        ],
        [
          39.606956,
          -9.391703,
          597.2981
        ],
        [
          39.617508,
          -9.391703,
          635.757
        ],
        [
          39.622784,
          -9.38101,
          601.66943
        ],
        [
          39.612232,
          -9.38101,
          582.49646
        ],
        [
          39.606956,
          -9.3703165,
          489.22522
        ],
        [
          39.617508,
          -9.36497,
          510.31744
        ],
        [
          39.620148,
          -9.3516035,
          448.4059
        ],
        [
          39.609592,
          -9.34893,
          408.3902
        ],
        [
