{
  "routes": [
    {
      "route_id": 1,
      "length_km": 150.814,
      "minimum_depth_m": 63.475945,
      "mission_duration_h": 43,
      "mission_duration_m": 37,
      "waypoints": [
        [
          39.57266,
          -9.292792,
          110.0299
        ],
        [
          39.577934,
          -9.292792,
          111.96847
        ],
        [
          39.567383,
          -9.292792,
          108.09133
        ],
        [
          39.562107,
          -9.279426,
          101.53118
        ],
        [
          39.55683,
          -9.290119,
          103.285225
        ],
        [
          39.546276,
          -9.287446,
          95.68112
        ],
        [
          39.548916,
          -9.300812,
          102.3958
        ],
        [
          39.548916,
          -9.319525,
          108.34841
        ],
        [
          39.559467,
          -9.319525,
          115.38142
        ],
        [
          39.567383,
          -9.327544,
          126.11424
        ],
        [
          39.5753,
          -9.338238,
          144.33846
        ],
        [
          39.58585,
          -9.343584,
          188.51344
        ],
        [
          39.57266,
          -9.362297,
          173.20686
        ],
        [
          39.58321,
          -9.37299,
          251.93758
        ],
        [
          39.577934,
          -9.383683,
          277.77408
        ],
        [
          39.58585,
          -9.394376,
          415.3912
        ],
        [
          39.5964,
          -9.391703,
          492.7705
        ],
        [
          39.604317,
          -9.383683,
          529.24365
        ],
        [
          39.593765,
          -9.37299,
          363.47772
        ],
        [
          39.59904,
          -9.362297,
          365.99136
        ],
        [
          39.606956,
          -9.3703165,
          489.22522
        ],
        [
          39.617508,
          -9.367643,
          523.945
        ],
        [
          39.62806,
          -9.37299,
          571.2401
        ],
        [
          39.61487,
          -9.391703,
          633.5223
        ],
        [
          39.604317,
          -9.399722,
          614.6249
        ],
        [
          39.609592,
          -9.410416,
          699.5094
        ],
        [
          39.5964,
          -9.413089,
          652.0732
        ],
        [
          39.57266,
          -9.402396,
          419.525
        ],
        [
          39.564743,
          -9.391703,
          278.64514
        ],
        [
          39.55419,
          -9.386356,
          200.18933
        ],
        [
          39.548916,
          -9.397049,
          250.8127
        ],
        [
          39.55683,
          -9.4077425,
          378.5488
        ],
        [
          39.562107,
          -9.423781,
          541.31256
        ],
        [
          39.57266,
          -9.418435,
          567.6585
        ],
        [
          39.58321,
          -9.421108,
          638.7078
        ],
        [
          39.591125,
          -9.429129,
          655.16656
        ],
        [
          39.60168,
          -9.423781,
          665.32513
        ],
        [
          39.61487,
          -9.429129,
          611.88293
        ],
        [
          39.6307,
          -9.4264555,
          535.69366
        ],
        [
          39.622784,
          -9.418435,
          640.5441
        ],
        [
          39.620148,
          -9.405069,
          657.1499
        ],
        [
          39.6307,
          -9.402396,
          634.15936
        ],
        [
          39.64125,
          -9.410416,
          557.81573
        ],
        [
          39.65444,
          -9.4077425,
          405.89542
        ],
        [
          39.646526,
          -9.397049,
          529.06006
        ],
        [
          39.65708,
          -9.391703,
          406.3905
        ],
        [
          39.646526,
          -9.383683,
          533.7988
        ],
        [
          39.635975,
          -9.38101,
          625.6356
        ],
        [
          39.646526,
          -9.3703165,
          478.599
        ],
        [
          39.635975,
          -9.362297,
          533.78265
        ],
        [
          39.6307,
          -9.3516035,
          470.64255
        ],
        [
          39.620148,
          -9.354278,
          461.76547
        ],
        [
          39.61487,
          -9.343584,
          396.82846
        ],
        [
          39.606956,
          -9.3516035,
          397.5062
        ],
        [
          39.5964,
          -9.343584,
          274.3446
        ],
        [
          39.617508,
          -9.327544,
          328.42236
        ],
        [
          39.606956,
          -9.322198,
          265.9842
        ],
        [
          39.5964,
          -9.327544,
          224.48187
        ],
        [
          39.58321,
          -9.330218,
          147.87352
        ],
        [
          39.593765,
          -9.303485,
          151.57887
        ],
        [
          39.58849,
          -9.290119,
          126.22823
        ],
        [
          39.5964,
          -9.276752,
          128.31947
        ],
        [
          39.606956,
          -9.279426,
          148.18355
        ],
        [
          39.61487,
          -9.271406,
          171.21594
        ],
        [
          39.625423,
          -9.274079,
          242.01924
        ],
        [
          39.6307,
          -9.263387,
          253.21231
        ],
        [
          39.62806,
          -9.25002,
          211.38583
        ],
        [
          39.651806,
          -9.258039,
          319.88486
        ],
        [
          39.662357,
          -9.26606,
          332.24503
        ],
        [
          39.662357,
          -9.252693,
          358.63766
        ],
        [
          39.65708,
          -9.239327,
          327.04785
        ],
        [
          39.64389,
          -9.244674,
          277.1688
        ],
        [
          39.64389,
          -9.231307,
          249.19928
        ],
        [
          39.64125,
          -9.217941,
          210.76787
        ],
        [
          39.651806,
          -9.217941,
          262.07428
        ],
        [
          39.659718,
          -9.225961,
          318.97452
        ],
        [
          39.67291,
          -9.225961,
          310.84656
        ],
        [
          39.67555,
          -9.209921,
          253.86537
        ],
        [
          39.664997,
          -9.199228,
          252.45053
        ],
        [
          39.67555,
          -9.191209,
          192.52426
        ],
        [
          39.664997,
          -9.185862,
          206.32439
        ],
        [
          39.667633,
          -9.169823,
          152.59608
        ],
        [
          39.67819,
          -9.169823,
          130.38847
        ],
        [
          39.6861,
          -9.180515,
          136.00868
        ],
        [
          39.69929,
          -9.185862,
          122.14542
        ],
        [
          39.694016,
          -9.172496,
          102.45154
        ],
        [
          39.694016,
          -9.156456,
          79.8272
        ],
        [
          39.683464,
          -9.151109,
          83.48164
        ],
        [
          39.691376,
          -9.143089,
          64.56907
        ],
        [
          39.704567,
          -9.143089,
          65.05105
        ],
        [
          39.715122,
          -9.148436,
          71.899124
        ],
        [
          39.720398,
          -9.159129,
          82.28196
        ],
        [
          39.707207,
          -9.16715,
          91.73684
        ],
        [
          39.71776,
          -9.177842,
          103.08144
        ],
        [
          39.71776,
          -9.191209,
          119.01307
        ],
        [
