class_label,n,temp_mean,std_mean,std_max
C01,10,17.54475908632102,0.09614571702306687,0.32259875535964966
C06,10,16.813330344305463,0.035438263587146204,0.3029848635196686
