{
  "routes": [
    {
      "route_id": 1,
      "length_km": 38.941,
      "minimum_depth_m": 107.08101,
      "mission_duration_h": 11,
      "mission_duration_m": 15,
      "waypoints": [
        [
          39.57266,
          -9.292792,
          110.0299
        ],
        [
          39.5753,
          -9.287446,
          109.17381
        ],
        [
          39.58849,
          -9.292792,
          128.10037
        ],
        [
          39.625423,
          -9.290119,
          265.45618
        ],
        [
          39.635975,
          -9.292792,
          330.9298
        ],
        [
          39.64389,
          -9.300812,
          325.4827
        ],
        [
          39.662357,
          -9.300812,
          249.78253
        ],
        [
          39.65708,
          -9.311505,
          260.80634
        ],
        [
          39.659718,
          -9.324871,
          236.23653
        ],
        [
          39.638615,
          -9.322198,
          374.628
        ],
        [
          39.62806,
          -9.324871,
          351.45767
        ],
        [
          39.63334,
          -9.335565,
          397.94684
        ],
        [
          39.625423,
          -9.343584,
          419.82605
        ],
        [
          39.622784,
          -9.356951,
          480.55734
        ],
        [
          39.604317,
          -9.36497,
          434.34845
        ],
        [
          39.5964,
          -9.37299,
          391.36273
        ],
        [
          39.58585,
          -9.37299,
          279.8226
        ],
        [
          39.58321,
          -9.356951,
          187.20485
        ],
        [
          39.57266,
          -9.362297,
          173.20686
        ],
        [
          39.55419,
          -9.356951,
          128.25725
        ],
        [
          39.562107,
          -9.34893,
          136.10052
        ],
        [
          39.55155,
          -9.343584,
          119.48455
        ],
        [
          39.541,
          -9.330218,
          107.08101
        ],
        [
          39.55155,
          -9.324871,
          111.54015
        ],
        [
          39.55155,
          -9.311505,
          107.56324
        ],
        [
          39.562107,
          -9.314178,
          114.77917
        ],
        [
          39.57266,
          -9.300812,
          112.77493
        ],
        [
          39.57266,
          -9.29512,
          110.0299
        ]
      ]
    }
  ]
}