{
  "routes": [
    {
      "route_id": 1,
      "length_km": 62.323,
      "minimum_depth_m": 51.484394,
      "mission_duration_h": 17,
      "mission_duration_m": 34,
      "waypoints": [
        [
          39.57266,
          -9.292792,
          110.0299
        ],
        [
          39.55683,
          -9.220614,
          70.01346
        ],
        [
          39.59904,
          -9.193882,
          88.64979
        ],
        [
          39.604317,
          -9.140416,
          94.54253
        ],
        [
          39.62806,
          -9.148436,
          117.470566
        ],
        [
          39.646526,
          -9.11903,
          64.39563
        ],
        [
          39.667633,
          -9.124376,
          51.484394
        ],
        [
          39.67555,
          -9.148436,
          85.3481
        ],
        [
          39.664997,
          -9.151109,
          102.13939
        ],
        [
          39.664997,
          -9.177842,
          181.46735
        ],
        [
          39.6861,
          -9.172496,
          119.30175
        ],
        [
          39.707207,
          -9.164475,
          88.437996
        ],
        [
          39.71776,
          -9.159129,
          82.36351
        ],
        [
          39.694016,
          -9.137742,
          57.170315
        ],
        [
          39.646526,
          -9.151109,
          119.49105
        ],
        [
          39.651806,
          -9.180515,
          179.0827
        ],
        [
          39.609592,
          -9.188536,
          102.879906
        ],
        [
          39.573406,
          -9.290675,
          110.0299
        ]
      ]
    }
  ]
}