{
  "routes": [
    {
      "route_id": 1,
      "length_km": 36.388,
      "minimum_depth_m": 43.004875,
      "mission_duration_h": 10,
      "mission_duration_m": 28,
      "waypoints": [
        [
          39.57266,
          -9.292792,
          110.0299
        ],
        [
          39.564743,
          -9.279426,
          102.51209
        ],
        [
          39.55683,
          -9.217941,
          68.14263
        ],
        [
          39.564743,
          -9.209921,
          67.30798
        ],
        [
          39.546276,
          -9.207248,
          54.118664
        ],
        [
          39.535725,
          -9.201901,
          43.80751
        ],
        [
          39.54364,
          -9.193882,
          43.004875
        ],
        [
          39.55683,
          -9.199228,
          55.046803
        ],
        [
          39.564743,
          -9.191209,
          55.407066
        ],
        [
          39.5753,
          -9.188536,
          61.766724
        ],
        [
          39.58321,
          -9.180515,
          64.78121
        ],
        [
          39.57266,
          -9.175169,
          53.123028
        ],
        [
          39.58321,
          -9.16715,
          59.266438
        ],
        [
          39.5964,
          -9.16715,
          85.25423
        ],
        [
          39.604317,
          -9.175169,
          99.000046
        ],
        [
          39.61487,
          -9.177842,
          117.77427
        ],
        [
          39.606956,
          -9.188536,
          99.400925
        ],
        [
          39.5964,
          -9.183188,
          85.4273
        ],
        [
          39.58849,
          -9.191209,
          75.72135
        ],
        [
          39.58849,
          -9.207248,
          81.83855
        ],
        [
          39.58321,
          -9.220614,
          84.15347
        ],
        [
          39.580574,
          -9.247347,
          96.041504
        ],
        [
          39.5753,
          -9.26606,
          101.302
        ],
        [
          39.572887,
          -9.290483,
          110.0299
        ]
      ]
    }
  ]
}