{
  "routes": [
    {
      "route_id": 1,
      "length_km": 38.805,
      "minimum_depth_m": 98.74258,
      "mission_duration_h": 11,
      "mission_duration_m": 6,
      "waypoints": [
        [
          39.57266,
          -9.292792,
          110.0299
        ],
        [
          39.5753,
          -9.287446,
          109.17381
        ],
        [
          39.58585,
          -9.279426,
          114.53341
        ],
        [
          39.5964,
          -9.276752,
          128.31947
        ],
        [
          39.604317,
          -9.268733,
          131.90637
        ],
        [
          39.604317,
          -9.255366,
          118.858894
        ],
        [
          39.609592,
          -9.244674,
          113.721954
        ],
        [
          39.659718,
          -9.223288,
          314.91718
        ],
        [
          39.67555,
          -9.225961,
          296.40234
        ],
        [
          39.664997,
          -9.23398,
          356.59766
        ],
        [
          39.625423,
          -9.258039,
          212.37718
        ],
        [
          39.61487,
          -9.263387,
          160.34898
        ],
        [
          39.604317,
          -9.290119,
          161.56906
        ],
        [
          39.593765,
          -9.290119,
          138.00851
        ],
        [
          39.58585,
          -9.298139,
          124.691605
        ],
        [
          39.5753,
          -9.319525,
          127.05723
        ],
        [
          39.564743,
          -9.327544,
          123.63197
        ],
        [
          39.55419,
          -9.322198,
          112.323616
        ],
        [
          39.533085,
          -9.322198,
          99.69283
        ],
        [
          39.55155,
          -9.303485,
          105.101364
        ],
        [
          39.562107,
          -9.295465,
          107.07708
        ],
        [
          39.570896,
          -9.293241,
          110.0299
        ]
      ]
    }
  ]
}