{
  "routes": [
    {
      "route_id": 1,
      "length_km": 35.861,
      "minimum_depth_m": 42.614483,
      "mission_duration_h": 10,
      "mission_duration_m": 17,
      "waypoints": [
        [
          39.57266,
          -9.292792,
          110.0299
        ],
        [
          39.57002,
          -9.287446,
          107.22594
        ],
        [
          39.580574,
          -9.274079,
          106.45954
        ],
        [
          39.591125,
          -9.239327,
          98.53941
        ],
        [
          39.58585,
          -9.225961,
          88.36855
        ],
        [
          39.5753,
          -9.217941,
          78.3321
        ],
        [
          39.577934,
          -9.204575,
          72.25994
        ],
        [
          39.57002,
          -9.180515,
          53.69996
        ],
        [
          39.5753,
          -9.169823,
          52.730507
        ],
        [
          39.58585,
          -9.164475,
          63.54034
        ],
        [
          39.58321,
          -9.151109,
          53.251316
        ],
        [
          39.577934,
          -9.140416,
          42.614483
        ],
        [
          39.609592,
          -9.140416,
          105.859146
        ],
        [
          39.61487,
          -9.151109,
          112.6238
        ],
        [
          39.617508,
          -9.16715,
          124.40232
        ],
        [
          39.617508,
          -9.183188,
          122.698906
        ],
        [
          39.612232,
          -9.196555,
          107.11797
        ],
        [
          39.617508,
          -9.209921,
          123.89424
        ],
        [
          39.617508,
          -9.244674,
          150.07677
        ],
        [
          39.59904,
          -9.279426,
          135.56474
        ],
        [
          39.58849,
          -9.287446,
          124.356094
        ],
        [
          39.574398,
          -9.292203,
          110.0299
        ]
      ]
    }
  ]
}