{
  "routes": [
    {
      "route_id": 1,
      "length_km": 36.42,
      "minimum_depth_m": 65.684204,
      "mission_duration_h": 10,
      "mission_duration_m": 17,
      "waypoints": [
        [
          39.57266,
          -9.292792,
          110.0299
        ],
        [
          39.55683,
          -9.23398,
          77.831726
        ],
        [
          39.567383,
          -9.225961,
          78.62364
        ],
        [
          39.58849,
          -9.169823,
          70.33487
        ],
        [
          39.620148,
          -9.16715,
          128.7201
        ],
        [
          39.63334,
          -9.159129,
          138.14418
        ],
        [
          39.64125,
          -9.151109,
          124.44867
        ],
        [
          39.651806,
          -9.180515,
          179.0827
        ],
        [
          39.6307,
          -9.191209,
          156.65111
        ],
        [
          39.58849,
          -9.212595,
          84.00189
        ],
        [
          39.577934,
          -9.217941,
          79.787735
        ],
        [
          39.572823,
          -9.290474,
          110.0299
        ]
      ]
    }
  ]
}