{
  "routes": [
    {
      "route_id": 1,
      "length_km": 37.964,
      "minimum_depth_m": 78.62023,
      "mission_duration_h": 10,
      "mission_duration_m": 55,
      "waypoints": [
        [
          39.57266,
          -9.292792,
          110.0299
        ],
        [
          39.5753,
          -9.295465,
          111.911865
        ],
        [
          39.609592,
          -9.25002,
          117.39076
        ],
        [
          39.606956,
          -9.236654,
          107.169945
        ],
        [
          39.617508,
          -9.23398,
          138.78299
        ],
        [
          39.61487,
          -9.220614,
          116.21345
        ],
        [
          39.62806,
          -9.212595,
          158.7179
        ],
        [
          39.649166,
          -9.217941,
          249.24768
        ],
        [
          39.64389,
          -9.204575,
          204.68958
        ],
        [
          39.65444,
          -9.199228,
          224.78908
        ],
        [
          39.64389,
          -9.191209,
          186.16002
        ],
        [
          39.625423,
          -9.196555,
          144.32257
        ],
        [
          39.617508,
          -9.204575,
          123.13647
        ],
        [
          39.609592,
          -9.196555,
          100.74454
        ],
        [
          39.593765,
          -9.191209,
          82.24967
        ],
        [
          39.593765,
          -9.204575,
          85.66013
        ],
        [
          39.58321,
          -9.209921,
          78.62023
        ],
        [
          39.58585,
          -9.223288,
          87.01612
        ],
        [
          39.580574,
          -9.23398,
          89.39218
        ],
        [
          39.5753,
          -9.252693,
          96.040825
        ],
        [
          39.562107,
          -9.263387,
          94.92799
        ],
        [
          39.54364,
          -9.276752,
          89.77215
        ],
        [
          39.55155,
          -9.284773,
          98.42525
        ],
        [
          39.562107,
          -9.279426,
          101.53118
        ],
        [
          39.571373,
          -9.2911625,
          110.0299
        ]
      ]
    }
  ]
}