{
  "routes": [
    {
      "route_id": 1,
      "length_km": 77.552,
      "minimum_depth_m": 108.34841,
      "mission_duration_h": 22,
      "mission_duration_m": 28,
      "waypoints": [
        [
          39.57266,
          -9.292792,
          110.0299
        ],
        [
          39.5753,
          -9.295465,
          111.911865
        ],
        [
          39.567383,
          -9.303485,
          111.76999
        ],
        [
          39.577934,
          -9.308832,
          119.61636
        ],
        [
          39.57002,
          -9.316852,
          121.35488
        ],
        [
          39.548916,
          -9.319525,
          108.34841
        ],
        [
          39.54364,
          -9.330218,
          108.59348
        ],
        [
          39.55683,
          -9.332891,
          118.108475
        ],
        [
          39.55155,
          -9.343584,
          119.48455
        ],
        [
          39.559467,
          -9.3516035,
          133.75691
        ],
        [
          39.57266,
          -9.340911,
          143.98578
        ],
        [
          39.5753,
          -9.327544,
          133.56105
        ],
        [
          39.58321,
          -9.319525,
          136.2026
        ],
        [
          39.591125,
          -9.327544,
          192.67145
        ],
        [
          39.5964,
          -9.316852,
          194.71863
        ],
        [
          39.60168,
          -9.327544,
          256.29233
        ],
        [
          39.609592,
          -9.316852,
          256.1524
        ],
        [
          39.60168,
          -9.306158,
          182.29196
        ],
        [
          39.591125,
          -9.306158,
          147.61882
        ],
        [
          39.5964,
          -9.295465,
          150.16873
        ],
        [
          39.606956,
          -9.290119,
          167.4592
        ],
        [
          39.612232,
          -9.26606,
          148.16458
        ],
        [
          39.625423,
          -9.268733,
          232.13857
        ],
        [
          39.63334,
          -9.276752,
          298.33386
        ],
        [
          39.64389,
          -9.276752,
          324.33694
        ],
        [
          39.65444,
          -9.271406,
          319.6887
        ],
        [
          39.646526,
          -9.263387,
          310.54794
        ],
        [
          39.635975,
          -9.260714,
          277.9084
        ],
        [
          39.64125,
          -9.25002,
          276.88864
        ],
        [
          39.65444,
          -9.25002,
          331.28085
        ],
        [
          39.662357,
          -9.258039,
          348.0806
        ],
        [
          39.67291,
          -9.252693,
          324.99844
        ],
        [
          39.670273,
          -9.239327,
          339.7123
        ],
        [
          39.691376,
          -9.236654,
          210.29025
        ],
        [
          39.6861,
          -9.225961,
          238.6254
        ],
        [
          39.707207,
          -9.223288,
          165.1474
        ],
        [
          39.71776,
          -9.228634,
          139.22443
        ],
        [
          39.709846,
          -9.236654,
          157.64607
        ],
        [
          39.720398,
          -9.242001,
          131.41264
        ],
        [
          39.715122,
          -9.255366,
          141.50563
        ],
        [
          39.69929,
          -9.25002,
          181.59015
        ],
        [
          39.70193,
          -9.263387,
          162.25111
        ],
        [
          39.691376,
          -9.260714,
          194.07614
        ],
        [
          39.6861,
          -9.25002,
          244.41644
        ],
        [
          39.680824,
          -9.260714,
          258.44788
        ],
        [
          39.670273,
          -9.268733,
          303.6167
        ],
        [
          39.694016,
          -9.279426,
          156.3827
        ],
        [
          39.6861,
          -9.287446,
          184.93556
        ],
        [
          39.67555,
          -9.292792,
          220.59633
        ],
        [
          39.670273,
          -9.282099,
          270.2918
        ],
        [
          39.659718,
          -9.282099,
          301.49292
        ],
        [
          39.65708,
          -9.298139,
          276.26425
        ],
        [
          39.646526,
          -9.295465,
          316.46103
        ],
        [
          39.638615,
          -9.287446,
          336.755
        ],
        [
          39.625423,
          -9.290119,
          265.45618
        ],
        [
          39.617508,
          -9.282099,
          204.61812
        ],
        [
          39.604317,
          -9.276752,
          139.73486
        ],
        [
          39.574337,
          -9.291943,
          110.0299
        ]
      ]
    }
  ]
}