{
  "routes": [
    {
      "route_id": 1,
      "length_km": 74.609,
      "minimum_depth_m": 48.79059,
      "mission_duration_h": 21,
      "mission_duration_m": 32,
      "waypoints": [
        [
          39.57266,
          -9.292792,
          110.0299
        ],
        [
          39.564743,
          -9.279426,
          102.51209
        ],
        [
          39.562107,
          -9.263387,
          94.92799
        ],
        [
          39.577934,
          -9.247347,
          94.87583
        ],
        [
          39.580574,
          -9.23398,
          89.39218
        ],
        [
          39.564743,
          -9.196555,
          58.638706
        ],
        [
          39.5753,
          -9.193882,
          64.37114
        ],
        [
          39.57002,
          -9.183188,
          55.083054
        ],
        [
          39.58321,
          -9.180515,
          64.78121
        ],
        [
          39.5753,
          -9.172496,
          54.021397
        ],
        [
          39.580574,
          -9.161802,
          53.926895
        ],
        [
          39.593765,
          -9.16715,
          80.05667
        ],
        [
          39.59904,
          -9.177842,
          89.70788
        ],
        [
          39.60168,
          -9.191209,
          92.04216
        ],
        [
          39.612232,
          -9.193882,
          107.12918
        ],
        [
          39.617508,
          -9.183188,
          122.698906
        ],
        [
          39.612232,
          -9.172496,
          114.024315
        ],
        [
          39.617508,
          -9.161802,
          121.722725
        ],
        [
          39.62806,
          -9.156456,
          128.40788
        ],
        [
          39.622784,
          -9.145762,
          112.22344
        ],
        [
          39.638615,
          -9.127049,
          83.84722
        ],
        [
          39.664997,
          -9.121703,
          49.97976
        ],
        [
          39.67819,
          -9.127049,
          52.750183
        ],
        [
          39.68874,
          -9.127049,
          51.691505
        ],
        [
          39.69929,
          -9.121703,
          49.228184
        ],
        [
          39.69929,
          -9.137742,
          58.24965
        ],
        [
          39.709846,
          -9.140416,
          63.04368
        ],
        [
          39.71776,
          -9.148436,
          72.13446
        ],
        [
          39.715122,
          -9.161802,
          85.08154
        ],
        [
          39.704567,
          -9.161802,
          85.724625
        ],
        [
          39.694016,
          -9.156456,
          79.8272
        ],
        [
          39.694016,
          -9.172496,
          102.45154
        ],
        [
          39.6861,
          -9.180515,
          136.00868
        ],
        [
          39.680824,
          -9.169823,
          124.83658
        ],
        [
          39.667633,
          -9.169823,
          152.59608
        ],
        [
          39.67291,
          -9.159129,
          113.9006
        ],
        [
          39.6861,
          -9.140416,
          62.92073
        ],
        [
          39.662357,
          -9.135069,
          65.54437
        ],
        [
          39.649166,
          -9.140416,
          91.84423
        ],
        [
          39.651806,
          -9.156456,
          127.56897
        ],
        [
          39.64125,
          -9.153783,
          130.06337
        ],
        [
          39.638615,
          -9.172496,
          161.98956
        ],
        [
          39.62806,
          -9.196555,
          151.7635
        ],
        [
          39.617508,
          -9.204575,
          123.13647
        ],
        [
          39.61487,
          -9.217941,
          116.02961
        ],
        [
          39.620148,
          -9.228634,
          143.55235
        ],
        [
          39.606956,
          -9.236654,
          107.169945
        ],
        [
          39.609592,
          -9.25002,
          117.39076
        ],
        [
          39.59904,
          -9.263387,
          121.00683
        ],
        [
          39.5753,
          -9.279426,
          106.43576
        ],
        [
          39.5731,
          -9.290537,
          110.0299
        ]
      ]
    }
  ]
}