{
  "routes": [
    {
      "route_id": 1,
      "length_km": 36.475,
      "minimum_depth_m": 63.725464,
      "mission_duration_h": 10,
      "mission_duration_m": 34,
      "waypoints": [
        [
          39.57266,
          -9.292792,
          110.0299
        ],
        [
          39.5753,
          -9.279426,
          106.43576
        ],
        [
          39.58585,
          -9.258039,
          104.28802
        ],
        [
          39.5964,
          -9.25002,
          108.01362
        ],
        [
          39.591125,
          -9.239327,
          98.53941
        ],
        [
          39.580574,
          -9.23398,
          89.39218
        ],
        [
          39.58321,
          -9.220614,
          84.15347
        ],
        [
          39.593765,
          -9.215268,
          88.78029
        ],
        [
          39.60168,
          -9.204575,
          93.01503
        ],
        [
          39.609592,
          -9.196555,
          100.74454
        ],
        [
          39.617508,
          -9.204575,
          123.13647
        ],
        [
          39.62806,
          -9.196555,
          151.7635
        ],
        [
          39.625423,
          -9.183188,
          140.93823
        ],
        [
          39.620148,
          -9.172496,
          128.73962
        ],
        [
          39.61487,
          -9.183188,
          116.61913
        ],
        [
          39.609592,
          -9.172496,
          109.15149
        ],
        [
          39.59904,
          -9.177842,
          89.70788
        ],
        [
          39.593765,
          -9.16715,
          80.05667
        ],
        [
          39.577934,
          -9.188536,
          63.725464
        ],
        [
          39.5753,
          -9.201901,
          69.02479
        ],
        [
          39.567383,
          -9.209921,
          68.9006
        ],
        [
          39.57002,
          -9.223288,
          78.55451
        ],
        [
          39.567383,
          -9.239327,
          85.86707
        ],
        [
          39.5753,
          -9.252693,
          96.040825
        ],
        [
          39.57002,
          -9.26606,
          99.20526
        ],
        [
          39.559467,
          -9.263387,
          93.86364
        ],
        [
          39.55419,
          -9.276752,
          97.46962
        ],
        [
          39.564743,
          -9.279426,
          102.51209
        ],
        [
          39.571564,
          -9.290943,
          110.0299
        ]
      ]
    }
  ]
}