{
  "routes": [
    {
      "route_id": 1,
      "length_km": 75.157,
      "minimum_depth_m": 91.73684,
      "mission_duration_h": 21,
      "mission_duration_m": 42,
      "waypoints": [
        [
          39.57266,
          -9.292792,
          110.0299
        ],
        [
          39.577934,
          -9.292792,
          111.96847
        ],
        [
          39.58321,
          -9.282099,
          111.357346
        ],
        [
          39.591125,
          -9.290119,
          132.11838
        ],
        [
          39.59904,
          -9.263387,
          121.00683
        ],
        [
          39.609592,
          -9.260714,
          129.3725
        ],
        [
          39.61487,
          -9.271406,
          171.21594
        ],
        [
          39.620148,
          -9.260714,
          187.0221
        ],
        [
          39.62806,
          -9.25002,
          211.38583
        ],
        [
          39.638615,
          -9.244674,
          253.7664
        ],
        [
          39.64389,
          -9.231307,
          249.19928
        ],
        [
          39.64125,
          -9.217941,
          210.76787
        ],
        [
          39.64389,
          -9.204575,
          204.68958
        ],
        [
          39.65444,
          -9.199228,
          224.78908
        ],
        [
          39.651806,
          -9.217941,
          262.07428
        ],
        [
          39.659718,
          -9.225961,
          318.97452
        ],
        [
          39.67555,
          -9.209921,
          253.86537
        ],
        [
          39.691376,
          -9.225961,
          209.73694
        ],
        [
          39.69929,
          -9.217941,
          178.0323
        ],
        [
          39.694016,
          -9.207248,
          166.82523
        ],
        [
          39.715122,
          -9.201901,
          130.41246
        ],
        [
          39.71776,
          -9.172496,
          96.7088
        ],
        [
          39.707207,
          -9.16715,
          91.73684
        ],
        [
          39.694016,
          -9.172496,
          102.45154
        ],
        [
          39.6861,
          -9.180515,
          136.00868
        ],
        [
          39.70193,
          -9.180515,
          112.687454
        ],
        [
          39.696655,
          -9.191209,
          132.1792
        ],
        [
          39.6861,
          -9.196555,
          171.09497
        ],
        [
          39.664997,
          -9.185862,
          206.32439
        ],
        [
          39.664997,
          -9.215268,
          315.67065
        ],
        [
          39.67291,
          -9.225961,
          310.84656
        ],
        [
          39.670273,
          -9.239327,
          339.7123
        ],
        [
          39.65708,
          -9.239327,
          327.04785
        ],
        [
          39.64125,
          -9.260714,
          296.6226
        ],
        [
          39.6307,
          -9.263387,
          253.21231
        ],
        [
          39.62806,
          -9.279426,
          267.637
        ],
        [
          39.604317,
          -9.290119,
          161.56906
        ],
        [
          39.617508,
          -9.303485,
          240.95454
        ],
        [
          39.612232,
          -9.314178,
          255.58214
        ],
        [
          39.617508,
          -9.327544,
          328.42236
        ],
        [
          39.604317,
          -9.335565,
          304.19208
        ],
        [
          39.593765,
          -9.330218,
          215.11285
        ],
        [
          39.58321,
          -9.330218,
          147.87352
        ],
        [
          39.5753,
          -9.319525,
          127.05723
        ],
        [
          39.580574,
          -9.308832,
          120.84726
        ],
        [
          39.567383,
          -9.303485,
          111.76999
        ],
        [
          39.55683,
          -9.308832,
          109.76916
        ],
        [
          39.54364,
          -9.290119,
          94.84418
        ],
        [
          39.55419,
          -9.290119,
          102.162224
        ],
        [
          39.562107,
          -9.279426,
          101.53118
        ],
        [
          39.567383,
          -9.290119,
          107.17167
        ],
        [
          39.57098,
          -9.291942,
          110.0299
        ]
      ]
    }
  ]
}