{
  "routes": [
    {
      "route_id": 1,
      "length_km": 37.895,
      "minimum_depth_m": 110.0299,
      "mission_duration_h": 10,
      "mission_duration_m": 57,
      "waypoints": [
        [
          39.57266,
          -9.292792,
          110.0299
        ],
        [
          39.5753,
          -9.295465,
          111.911865
        ],
        [
          39.58321,
          -9.284773,
          112.38755
        ],
        [
          39.593765,
          -9.292792,
          140.72258
        ],
        [
          39.604317,
          -9.290119,
          161.56906
        ],
        [
          39.612232,
          -9.26606,
          148.16458
        ],
        [
          39.622784,
          -9.252693,
          188.3373
        ],
        [
          39.6307,
          -9.244674,
          215.0737
        ],
        [
          39.64125,
          -9.247347,
          271.31757
        ],
        [
          39.651806,
          -9.258039,
          319.88486
        ],
        [
          39.65708,
          -9.247347,
          339.98816
        ],
        [
          39.662357,
          -9.258039,
          348.0806
        ],
        [
          39.67819,
          -9.239327,
          291.2309
        ],
        [
          39.68874,
          -9.239327,
          226.58905
        ],
        [
          39.691376,
          -9.252693,
          205.8296
        ],
        [
          39.670273,
          -9.268733,
          303.6167
        ],
        [
          39.659718,
          -9.274079,
          317.0195
        ],
        [
          39.649166,
          -9.276752,
          320.56378
        ],
        [
          39.64125,
          -9.268733,
          311.42307
        ],
        [
          39.63334,
          -9.276752,
          298.33386
        ],
        [
          39.625423,
          -9.268733,
          232.13857
        ],
        [
          39.620148,
          -9.279426,
          216.9663
        ],
        [
          39.625423,
          -9.290119,
          265.45618
        ],
        [
          39.61487,
          -9.290119,
          202.50697
        ],
        [
          39.609592,
          -9.303485,
          199.54875
        ],
        [
          39.580574,
          -9.308832,
          120.84726
        ],
        [
          39.567383,
          -9.303485,
          111.76999
        ],
        [
          39.57169,
          -9.294754,
          110.0299
        ]
      ]
    }
  ]
}