{
  "routes": [
    {
      "route_id": 1,
      "length_km": 29.454,
      "minimum_depth_m": 110.0299,
      "mission_duration_h": 8,
      "mission_duration_m": 28,
      "waypoints": [
        [
          39.57266,
          -9.292792,
          110.0299
        ],
        [
          39.577934,
          -9.292792,
          111.96847
        ],
        [
          39.60168,
          -9.319525,
          228.54218
        ],
        [
          39.606956,
          -9.332891,
          310.40186
        ],
        [
          39.622784,
          -9.354278,
          467.2612
        ],
        [
          39.617508,
          -9.367643,
          523.945
        ],
        [
          39.606956,
          -9.3703165,
          489.22522
        ],
        [
          39.612232,
          -9.38101,
          582.49646
        ],
        [
          39.622784,
          -9.38101,
          601.66943
        ],
        [
          39.617508,
          -9.391703,
          635.757
        ],
        [
          39.5964,
          -9.391703,
          492.7705
        ],
        [
          39.58849,
          -9.399722,
          490.39313
        ],
        [
          39.577934,
          -9.394376,
          363.37357
        ],
        [
          39.58321,
          -9.38101,
          289.6987
        ],
        [
          39.5964,
          -9.37299,
          391.36273
        ],
        [
          39.593765,
          -9.356951,
          291.73297
        ],
        [
          39.58321,
          -9.354278,
          183.175
        ],
        [
          39.58321,
          -9.340911,
          163.02582
        ],
        [
          39.577934,
          -9.327544,
          136.04332
        ],
        [
          39.573006,
          -9.295076,
          110.0299
        ]
      ]
    }
  ]
}