{
  "routes": [
    {
      "route_id": 1,
      "length_km": 37.783,
      "minimum_depth_m": 110.0299,
      "mission_duration_h": 10,
      "mission_duration_m": 50,
      "waypoints": [
        [
          39.57266,
          -9.292792,
          110.0299
        ],
        [
          39.580574,
          -9.295465,
          113.84578
        ],
        [
          39.62806,
          -9.335565,
          386.06754
        ],
        [
          39.63334,
          -9.346257,
          450.11676
        ],
        [
          39.64389,
          -9.343584,
          395.51752
        ],
        [
          39.64125,
          -9.356951,
          478.41418
        ],
        [
          39.65444,
          -9.359624,
          350.9829
        ],
        [
          39.67291,
          -9.346257,
          192.0499
        ],
        [
          39.6861,
          -9.354278,
          168.17181
        ],
        [
          39.68874,
          -9.3703165,
          171.92664
        ],
        [
          39.680824,
          -9.378337,
          211.44998
        ],
        [
          39.65444,
          -9.375663,
          405.64377
        ],
        [
          39.646526,
          -9.383683,
          533.7988
        ],
        [
          39.64389,
          -9.397049,
          562.4273
        ],
        [
          39.62806,
          -9.391703,
          644.6958
        ],
        [
          39.620148,
          -9.383683,
          610.4315
        ],
        [
          39.609592,
          -9.378337,
          558.38556
        ],
        [
          39.5964,
          -9.356951,
          317.86502
        ],
        [
          39.58321,
          -9.354278,
          183.175
        ],
        [
          39.5753,
          -9.330218,
          135.729
        ],
        [
          39.57002,
          -9.319525,
          123.16529
        ],
        [
          39.5753,
          -9.306158,
          116.21752
        ],
        [
          39.5731,
          -9.295047,
          110.0299
        ]
      ]
    }
  ]
}