{
  "routes": [
    {
      "route_id": 1,
      "length_km": 37.008,
      "minimum_depth_m": 85.923416,
      "mission_duration_h": 10,
      "mission_duration_m": 39,
      "waypoints": [
        [
          39.57266,
          -9.292792,
          110.0299
        ],
        [
          39.567383,
          -9.303485,
          111.76999
        ],
        [
          39.577934,
          -9.306158,
          117.26965
        ],
        [
          39.58585,
          -9.314178,
          141.74928
        ],
        [
          39.5753,
          -9.319525,
          127.05723
        ],
        [
          39.58321,
          -9.330218,
          147.87352
        ],
        [
          39.58321,
          -9.343584,
          167.05566
        ],
        [
          39.593765,
          -9.343584,
          252.88681
        ],
        [
          39.604317,
          -9.335565,
          304.19208
        ],
        [
          39.604317,
          -9.356951,
          396.26114
        ],
        [
          39.591125,
          -9.362297,
          283.79037
        ],
        [
          39.5964,
          -9.37299,
          391.36273
        ],
        [
          39.580574,
          -9.37299,
          238.45549
        ],
        [
          39.564743,
          -9.34893,
          140.27315
        ],
        [
          39.55419,
          -9.343584,
          121.17026
        ],
        [
          39.548916,
          -9.332891,
          112.50204
        ],
        [
          39.548916,
          -9.319525,
          108.34841
        ],
        [
          39.564743,
          -9.316852,
          117.82048
        ],
        [
          39.53836,
          -9.276752,
          85.923416
        ],
        [
          39.55155,
          -9.274079,
          94.37529
        ],
        [
          39.562107,
          -9.263387,
          94.92799
        ],
        [
          39.57266,
          -9.274079,
          103.45829
        ],
        [
          39.562107,
          -9.279426,
          101.53118
        ],
        [
          39.55683,
          -9.290119,
          103.285225
        ],
        [
          39.57087,
          -9.29249,
          110.0299
        ]
      ]
    },
    {
      "route_id": 2,
      "length_km": 38.149,
      "minimum_depth_m": 108.26113,
      "mission_duration_h": 11,
      "mission_duration_m": 4,
      "waypoints": [
        [
          39.5753,
          -9.292792,
          110.99918
        ],
        [
          39.58321,
          -9.295465,
          116.50836
        ],
        [
          39.60168,
          -9.306158,
          182.29196
        ],
        [
          39.612232,
          -9.303485,
          212.36226
        ],
        [
          39.617508,
          -9.292792,
          222.78633
        ],
        [
          39.606956,
          -9.292792,
          172.27812
        ],
        [
          39.606956,
          -9.279426,
          148.18355
        ],
        [
          39.617508,
          -9.276752,
          195.58534
        ],
        [
          39.62806,
          -9.279426,
          267.637
        ],
        [
          39.64125,
          -9.268733,
          311.42307
        ],
        [
          39.6307,
          -9.263387,
          253.21231
        ],
        [
          39.620148,
          -9.260714,
          187.0221
        ],
        [
          39.62806,
          -9.25002,
          211.38583
        ],
        [
          39.64125,
          -9.244674,
          265.4676
        ],
        [
          39.651806,
          -9.258039,
          319.88486
        ],
        [
          39.662357,
          -9.252693,
          358.63766
        ],
        [
          39.65708,
          -9.239327,
          327.04785
        ],
        [
          39.662357,
          -9.228634,
          336.2696
        ],
        [
          39.651806,
          -9.225961,
          278.493
        ],
        [
          39.64125,
          -9.217941,
          210.76787
        ],
        [
          39.64389,
          -9.204575,
          204.68958
        ],
        [
          39.6307,
          -9.209921,
          165.97498
        ],
        [
          39.62806,
          -9.223288,
          165.70998
        ],
        [
          39.617508,
          -9.231307,
          135.95955
        ],
        [
          39.612232,
          -9.244674,
          124.077995
        ],
        [
          39.609592,
          -9.258039,
          126.37707
        ],
        [
          39.59904,
          -9.263387,
          121.00683
        ],
        [
          39.5964,
          -9.276752,
          128.31947
        ],
        [
          39.58585,
          -9.279426,
          114.53341
        ],
        [
          39.5753,
          -9.287446,
          109.17381
        ],
        [
          39.5753,
          -9.290464,
          110.99918
        ]
      ]
    }
  ]
}