{
  "routes": [
    {
      "route_id": 1,
      "length_km": 35.264,
      "minimum_depth_m": 45.887405,
      "mission_duration_h": 10,
      "mission_duration_m": 6,
      "waypoints": [
        [
          39.57266,
          -9.292792,
          110.0299
        ],
        [
          39.564743,
          -9.279426,
          102.51209
        ],
        [
          39.55683,
          -9.217941,
          68.14263
        ],
        [
          39.564743,
          -9.209921,
          67.30798
        ],
        [
          39.55683,
          -9.199228,
          55.046803
        ],
        [
          39.564743,
          -9.191209,
          55.407066
        ],
        [
          39.562107,
          -9.177842,
          45.887405
        ],
        [
          39.57266,
          -9.175169,
          53.123028
        ],
        [
          39.58321,
          -9.16715,
          59.266438
        ],
        [
          39.580574,
          -9.151109,
          49.735424
        ],
        [
          39.58585,
          -9.140416,
          54.934345
        ],
        [
          39.604317,
          -9.159129,
          99.3937
        ],
        [
          39.5964,
          -9.16715,
          85.25423
        ],
        [
          39.604317,
          -9.175169,
          99.000046
        ],
        [
          39.58849,
          -9.191209,
          75.72135
        ],
        [
          39.58321,
          -9.180515,
          64.78121
        ],
        [
          39.5753,
          -9.188536,
          61.766724
        ],
        [
          39.577934,
          -9.201901,
          70.75439
        ],
        [
          39.567383,
          -9.231307,
          81.52102
        ],
        [
          39.5753,
          -9.26606,
          101.302
        ],
        [
          39.572887,
          -9.290483,
          110.0299
        ]
      ]
    }
  ]
}