{
  "routes": [
    {
      "route_id": 1,
      "length_km": 37.341,
      "minimum_depth_m": 110.0299,
      "mission_duration_h": 10,
      "mission_duration_m": 43,
      "waypoints": [
        [
          39.57266,
          -9.292792,
          110.0299
        ],
        [
          39.5753,
          -9.306158,
          116.21752
        ],
        [
          39.57266,
          -9.324871,
          129.08961
        ],
        [
          39.58321,
          -9.354278,
          183.175
        ],
        [
          39.5964,
          -9.356951,
          317.86502
        ],
        [
          39.609592,
          -9.378337,
          558.38556
        ],
        [
          39.620148,
          -9.383683,
          610.4315
        ],
        [
          39.62806,
          -9.391703,
          644.6958
        ],
        [
          39.63334,
          -9.405069,
          624.4207
        ],
        [
          39.64389,
          -9.397049,
          562.4273
        ],
        [
          39.646526,
          -9.383683,
          533.7988
        ],
        [
          39.662357,
          -9.367643,
          288.76422
        ],
        [
          39.65444,
          -9.359624,
          350.9829
        ],
        [
          39.67291,
          -9.346257,
          192.0499
        ],
        [
          39.680824,
          -9.330218,
          161.71957
        ],
        [
          39.67555,
          -9.316852,
          183.14075
        ],
        [
          39.664997,
          -9.316852,
          211.35274
        ],
        [
          39.659718,
          -9.303485,
          254.75455
        ],
        [
          39.649166,
          -9.308832,
          302.32928
        ],
        [
          39.63334,
          -9.292792,
          315.48074
        ],
        [
          39.625423,
          -9.300812,
          280.1656
        ],
        [
          39.612232,
          -9.303485,
          212.36226
        ],
        [
          39.574425,
          -9.293268,
          110.0299
        ]
      ]
    }
  ]
}