{
  "routes": [
    {
      "route_id": 1,
      "length_km": 36.983,
      "minimum_depth_m": 108.09133,
      "mission_duration_h": 10,
      "mission_duration_m": 42,
      "waypoints": [
        [
          39.57266,
          -9.292792,
          110.0299
        ],
        [
          39.567383,
          -9.292792,
          108.09133
        ],
        [
          39.564743,
          -9.308832,
          113.46186
        ],
        [
          39.559467,
          -9.319525,
          115.38142
        ],
        [
          39.567383,
          -9.327544,
          126.11424
        ],
        [
          39.5753,
          -9.338238,
          144.33846
        ],
        [
          39.58585,
          -9.343584,
          188.51344
        ],
        [
          39.5964,
          -9.343584,
          274.3446
        ],
        [
          39.591125,
          -9.354278,
          258.76657
        ],
        [
          39.59904,
          -9.362297,
          365.99136
        ],
        [
          39.593765,
          -9.37299,
          363.47772
        ],
        [
          39.58321,
          -9.37299,
          251.93758
        ],
        [
          39.577934,
          -9.383683,
          277.77408
        ],
        [
          39.58585,
          -9.394376,
          415.3912
        ],
        [
          39.5964,
          -9.391703,
          492.7705
        ],
        [
          39.604317,
          -9.383683,
          529.24365
        ],
        [
          39.604317,
          -9.399722,
          614.6249
        ],
        [
          39.609592,
          -9.410416,
          699.5094
        ],
        [
          39.620148,
          -9.405069,
          657.1499
        ],
        [
          39.61487,
          -9.391703,
          633.5223
        ],
        [
          39.62806,
          -9.37299,
          571.2401
        ],
        [
          39.635975,
          -9.362297,
          533.78265
        ],
        [
          39.625423,
          -9.340911,
          406.59335
        ],
        [
          39.61487,
          -9.343584,
          396.82846
        ],
        [
          39.58849,
          -9.314178,
          153.13142
        ],
        [
          39.593765,
          -9.303485,
          151.57887
        ],
        [
          39.58849,
          -9.290119,
          126.22823
        ],
        [
          39.574444,
          -9.292491,
          110.0299
        ]
      ]
    }
  ]
}