{
  "routes": [
    {
      "route_id": 1,
      "length_km": 38.715,
      "minimum_depth_m": 84.0067,
      "mission_duration_h": 10,
      "mission_duration_m": 55,
      "waypoints": [
        [
          39.57266,
          -9.292792,
          110.0299
        ],
        [
          39.67291,
          -9.225961,
          310.84656
        ],
        [
          39.694016,
          -9.228634,
          196.57286
        ],
        [
          39.68874,
          -9.207248,
          188.19463
        ],
        [
          39.67819,
          -9.204575,
          224.97871
        ],
        [
          39.667633,
          -9.204575,
          268.3932
        ],
        [
          39.662357,
          -9.225961,
          332.46835
        ],
        [
          39.64125,
          -9.220614,
          213.70438
        ],
        [
          39.609592,
          -9.217941,
          99.74557
        ],
        [
          39.55683,
          -9.247347,
          85.55044
        ],
        [
          39.548916,
          -9.258039,
          85.47472
        ],
        [
          39.57147,
          -9.291048,
          110.0299
        ]
      ]
    }
  ]
}