{
  "routes": [
    {
      "route_id": 1,
      "length_km": 152.763,
      "minimum_depth_m": 40.68642,
      "mission_duration_h": 44,
      "mission_duration_m": 8,
      "waypoints": [
        [
          39.57266,
          -9.292792,
          110.0299
        ],
        [
          39.580574,
          -9.298139,
          114.75381
        ],
        [
          39.591125,
          -9.292792,
          134.41148
        ],
        [
          39.604317,
          -9.292792,
          165.96701
        ],
        [
          39.62806,
          -9.279426,
          267.637
        ],
        [
          39.662357,
          -9.258039,
          348.0806
        ],
        [
          39.680824,
          -9.236654,
          273.5591
        ],
        [
          39.68874,
          -9.228634,
          224.66275
        ],
        [
          39.70193,
          -9.247347,
          176.13254
        ],
        [
          39.715122,
          -9.242001,
          144.29785
        ],
        [
          39.707207,
          -9.231307,
          164.49522
        ],
        [
          39.71776,
          -9.228634,
          139.22443
        ],
        [
          39.709846,
          -9.215268,
          151.93254
        ],
        [
          39.694016,
          -9.207248,
          166.82523
        ],
        [
          39.68874,
          -9.196555,
          161.67303
        ],
        [
          39.67555,
          -9.191209,
          192.52426
        ],
        [
          39.664997,
          -9.177842,
          181.46735
        ],
        [
          39.67291,
          -9.169823,
          141.49228
        ],
        [
          39.6861,
          -9.180515,
          136.00868
        ],
        [
          39.696655,
          -9.180515,
          114.82735
        ],
        [
          39.707207,
          -9.175169,
          103.02327
        ],
        [
          39.709846,
          -9.188536,
          120.33218
        ],
        [
          39.71776,
          -9.177842,
          103.08144
        ],
        [
          39.720398,
          -9.159129,
          82.28196
        ],
        [
          39.709846,
          -9.156456,
          79.81323
        ],
        [
          39.6861,
          -9.16715,
          108.163795
        ],
        [
          39.67819,
          -9.159129,
          106.029785
        ],
        [
          39.664997,
          -9.151109,
          102.13939
        ],
        [
          39.67291,
          -9.143089,
          74.4513
        ],
        [
          39.683464,
          -9.145762,
          73.696754
        ],
        [
          39.69929,
          -9.145762,
          67.375305
        ],
        [
          39.709846,
          -9.140416,
          63.04368
        ],
        [
          39.720398,
          -9.145762,
          69.891754
        ],
        [
          39.71776,
          -9.129723,
          57.15933
        ],
        [
          39.707207,
          -9.124376,
          52.09558
        ],
        [
          39.696655,
          -9.121703,
          48.79059
        ],
        [
          39.691376,
          -9.135069,
          56.042255
        ],
        [
          39.683464,
          -9.127049,
          52.220844
        ],
        [
          39.67291,
          -9.124376,
          51.129723
        ],
        [
          39.65444,
          -9.124376,
          63.35672
        ],
        [
          39.659718,
          -9.140416,
          78.316734
        ],
        [
          39.651806,
          -9.148436,
          108.01566
        ],
        [
          39.64125,
          -9.148436,
          118.83396
        ],
        [
          39.646526,
          -9.137742,
          89.483635
        ],
        [
          39.635975,
          -9.132396,
          93.08876
        ],
        [
          39.64125,
          -9.121703,
          73.12245
        ],
        [
          39.6307,
          -9.11903,
          72.99609
        ],
        [
          39.612232,
          -9.11903,
          75.05331
        ],
        [
          39.612232,
          -9.132396,
          96.95579
        ],
        [
          39.622784,
          -9.129723,
          90.96524
        ],
        [
          39.622784,
          -9.143089,
          109.4755
        ],
        [
          39.612232,
          -9.148436,
          109.97302
        ],
        [
          39.604317,
          -9.140416,
          94.54253
        ],
        [
          39.593765,
          -9.148436,
          74.439545
        ],
        [
          39.58585,
          -9.140416,
          54.934345
        ],
        [
          39.580574,
          -9.151109,
          49.735424
        ],
        [
          39.58321,
          -9.16715,
          59.266438
        ],
        [
          39.5964,
          -9.16715,
          85.25423
        ],
        [
          39.604317,
          -9.159129,
          99.3937
        ],
        [
          39.649166,
          -9.164475,
          148.47226
        ],
        [
          39.649166,
          -9.177842,
          172.3498
        ],
        [
          39.638615,
          -9.175169,
          164.13051
        ],
        [
          39.62806,
          -9.180515,
          146.12724
        ],
        [
          39.638615,
          -9.191209,
          176.97609
        ],
        [
          39.6307,
          -9.199228,
          160.55853
        ],
        [
          39.64389,
          -9.204575,
          204.68958
        ],
        [
          39.638615,
          -9.215268,
          195.8492
        ],
        [
          39.651806,
          -9.217941,
          262.07428
        ],
        [
          39.662357,
          -9.225961,
          332.46835
        ],
        [
          39.651806,
          -9.231307,
          288.14426
        ],
        [
          39.646526,
          -9.242001,
          283.53217
        ],
        [
          39.638615,
          -9.231307,
          223.23598
        ],
        [
          39.62806,
          -9.228634,
          174.80106
        ],
        [
          39.62806,
          -9.212595,
          158.7179
        ],
        [
          39.61487,
          -9.215268,
          115.845764
        ],
        [
          39.620148,
          -9.188536,
          128.79822
        ],
        [
          39.61487,
          -9.177842,
          117.77427
        ],
        [
          39.604317,
          -9.175169,
          99.000046
        ],
        [
          39.5964,
          -9.183188,
          85.4273
        ],
        [
          39.606956,
          -9.188536,
          99.400925
        ],
        [
          39.59904,
          -9.196555,
          89.1282
        ],
        [
          39.58849,
          -9.191209,
          75.72135
        ],
        [
          39.58321,
          -9.180515,
          64.78121
        ],
        [
          39.57266,
          -9.175169,
          53.123028
        ],
        [
          39.564743,
          -9.164475,
          40.68642
        ],
        [
          39.562107,
          -9.177842,
          45.887405
        ],
        [
          39.535725,
          -9.201901,
          43.80751
        ],
        [
          39.535725,
          -9.215268,
          53.241882
        ],
        [
          39.55683,
          -9.199228,
          55.046803
        ],
        [
          39.564743,
          -9.191209,
          55.407066
        ],
        [
          39.5753,
          -9.188536,
          61.766724
        ],
        [
          39.577934,
          -9.201901,
          70.75439
        ],
        [
          39.58849,
          -9.207248,
          81.83855
        ],
        [
          39.593765,
          -9.217941,
          89.560326
        ],
        [
          39.58321,
          -9.220614,
          84.15347
        ],
        [
