{
  "routes": [
    {
      "route_id": 1,
      "length_km": 151.255,
      "minimum_depth_m": 48.56577,
      "mission_duration_h": 43,
      "mission_duration_m": 44,
      "waypoints": [
        [
          39.57266,
          -9.292792,
          110.0299
        ],
        [
          39.567383,
          -9.303485,
          111.76999
        ],
        [
          39.580574,
          -9.308832,
          120.84726
        ],
        [
          39.591125,
          -9.306158,
          147.61882
        ],
        [
          39.5964,
          -9.316852,
          194.71863
        ],
        [
          39.58321,
          -9.338238,
          158.99599
        ],
        [
          39.5964,
          -9.343584,
          274.3446
        ],
        [
          39.604317,
          -9.335565,
          304.19208
        ],
        [
          39.606956,
          -9.322198,
          265.9842
        ],
        [
          39.617508,
          -9.322198,
          308.40402
        ],
        [
          39.61487,
          -9.335565,
          356.3693
        ],
        [
          39.62806,
          -9.338238,
          399.23685
        ],
        [
          39.622784,
          -9.34893,
          440.66895
        ],
        [
          39.609592,
          -9.34893,
          408.3902
        ],
        [
          39.612232,
          -9.362297,
          486.09192
        ],
        [
          39.60168,
          -9.359624,
          380.70288
        ],
        [
          39.591125,
          -9.362297,
          283.79037
        ],
        [
          39.5964,
          -9.37299,
          391.36273
        ],
        [
          39.593765,
          -9.386356,
          428.83646
        ],
        [
          39.604317,
          -9.383683,
          529.24365
        ],
        [
          39.620148,
          -9.405069,
          657.1499
        ],
        [
          39.625423,
          -9.415762,
          645.33594
        ],
        [
          39.591125,
          -9.429129,
          655.16656
        ],
        [
          39.591125,
          -9.415762,
          652.28186
        ],
        [
          39.58321,
          -9.4077425,
          535.85406
        ],
        [
          39.57266,
          -9.402396,
          419.525
        ],
        [
          39.5753,
          -9.386356,
          279.4972
        ],
        [
          39.580574,
          -9.37299,
          238.45549
        ],
        [
          39.57266,
          -9.362297,
          173.20686
        ],
        [
          39.58585,
          -9.3516035,
          203.4075
        ],
        [
          39.5753,
          -9.346257,
          153.80736
        ],
        [
          39.564743,
          -9.34893,
          140.27315
        ],
        [
          39.55155,
          -9.343584,
          119.48455
        ],
        [
          39.55419,
          -9.330218,
          114.64339
        ],
        [
          39.548916,
          -9.319525,
          108.34841
        ],
        [
          39.533085,
          -9.322198,
          99.69283
        ],
        [
          39.535725,
          -9.306158,
          95.70292
        ],
        [
          39.533085,
          -9.292792,
          88.61579
        ],
        [
          39.54364,
          -9.290119,
          94.84418
        ],
        [
          39.548916,
          -9.300812,
          102.3958
        ],
        [
          39.564743,
          -9.279426,
          102.51209
        ],
        [
          39.5753,
          -9.274079,
          104.45871
        ],
        [
          39.58585,
          -9.279426,
          114.53341
        ],
        [
          39.5964,
          -9.276752,
          128.31947
        ],
        [
          39.59904,
          -9.263387,
          121.00683
        ],
        [
          39.609592,
          -9.25002,
          117.39076
        ],
        [
          39.606956,
          -9.236654,
          107.169945
        ],
        [
          39.620148,
          -9.239327,
          156.56822
        ],
        [
          39.6307,
          -9.236654,
          200.1455
        ],
        [
          39.62806,
          -9.25002,
          211.38583
        ],
        [
          39.65708,
          -9.239327,
          327.04785
        ],
        [
          39.64389,
          -9.231307,
          249.19928
        ],
        [
          39.64125,
          -9.217941,
          210.76787
        ],
        [
          39.6307,
          -9.209921,
          165.97498
        ],
        [
          39.64389,
          -9.204575,
          204.68958
        ],
        [
          39.659718,
          -9.225961,
          318.97452
        ],
        [
          39.683464,
          -9.225961,
          253.06964
        ],
        [
          39.694016,
          -9.223288,
          196.86653
        ],
        [
          39.694016,
          -9.207248,
          166.82523
        ],
        [
          39.683464,
          -9.212595,
          226.02602
        ],
        [
          39.67819,
          -9.199228,
          207.90012
        ],
        [
          39.667633,
          -9.207248,
          278.8414
        ],
        [
          39.664997,
          -9.185862,
          206.32439
        ],
        [
          39.67555,
          -9.180515,
          164.23232
        ],
        [
          39.680824,
          -9.169823,
          124.83658
        ],
        [
          39.667633,
          -9.169823,
          152.59608
        ],
        [
          39.67291,
          -9.159129,
          113.9006
        ],
        [
          39.683464,
          -9.151109,
          83.48164
        ],
        [
          39.694016,
          -9.156456,
          79.8272
        ],
        [
          39.68874,
          -9.140416,
          61.929592
        ],
        [
          39.68874,
          -9.127049,
          51.691505
        ],
        [
          39.69929,
          -9.132396,
          55.242493
        ],
        [
          39.704567,
          -9.11903,
          48.56577
        ],
        [
          39.71776,
          -9.11903,
          50.668682
        ],
        [
          39.720398,
          -9.132396,
          59.287636
        ],
        [
          39.709846,
          -9.132396,
          57.265064
        ],
        [
          39.704567,
          -9.143089,
          65.05105
        ],
        [
          39.715122,
          -9.148436,
          71.899124
        ],
        [
          39.71776,
          -9.161802,
          84.92077
        ],
        [
          39.707207,
          -9.16715,
          91.73684
        ],
        [
          39.70193,
          -9.180515,
          112.687454
        ],
        [
          39.694016,
          -9.172496,
          102.45154
        ],
        [
          39.6861,
          -9.180515,
          136.00868
        ],
        [
          39.691376,
          -9.191209,
          141.16473
        ],
        [
          39.70193,
          -9.193882,
          132.9653
        ],
        [
          39.71776,
          -9.185862,
          112.64042
        ],
        [
          39.709846,
          -9.215268,
          151.93254
        ],
        [
          39.71776,
          -9.228634,
          139.22443
        ],
        [
          39.707207,
          -9.231307,
          164.49522
        ],
        [
          39.70193,
          -9.244674,
          176.32172
        ],
        [
          39.691376,
          -9.252693,
          205.8296
        ],
        [
          39.680824,
          -9.258039,
          263.6073
        ],
        [
          39.670273,
          -9.25002,
          348.42352
        ],
        [
          39.662357,
          -9.258039,
          348.0806
        ],
        [
          39.651806,
          -9.258039,
          319.88486
        ],
        [
