descriptor,mean_trajectory_difference,mean_distance_from_baseline,mean_delta_descriptor_score,mean_area_covered,mean_top10_descriptor_path
representative_zone,0.9399170346581025,8.209194935928004,-2.7527389526367188,158.0,0.43974358974358974
boundary,0.8850181847142212,2.403442081475709,-7.489269256591797,147.0,0.16304146612365789
interest,0.8228687127024723,2.3066606478529597,-69.41151809692383,153.0,0.14695830485304168
gradient,0.802269764134171,1.9156385354711642,-116.24418532848358,150.5,0.026143790849673203
heterogeneity,0.7954430379746835,2.0588549443987954,-103.14431095123291,160.5,0.03939393939393939
