{
  "routes": [
    {
      "route_id": 1,
      "length_km": 153.027,
      "minimum_depth_m": 65.05105,
      "mission_duration_h": 44,
      "mission_duration_m": 20,
      "waypoints": [
        [
          39.57266,
          -9.292792,
          110.0299
        ],
        [
          39.564743,
          -9.279426,
          102.51209
        ],
        [
          39.55419,
          -9.276752,
          97.46962
        ],
        [
          39.54364,
          -9.276752,
          89.77215
        ],
        [
          39.54364,
          -9.290119,
          94.84418
        ],
        [
          39.55683,
          -9.292792,
          104.214195
        ],
        [
          39.541,
          -9.308832,
          100.00999
        ],
        [
          39.548916,
          -9.319525,
          108.34841
        ],
        [
          39.546276,
          -9.332891,
          111.002716
        ],
        [
          39.55683,
          -9.338238,
          121.324066
        ],
        [
          39.57266,
          -9.362297,
          173.20686
        ],
        [
          39.58321,
          -9.356951,
          187.20485
        ],
        [
          39.593765,
          -9.356951,
          291.73297
        ],
        [
          39.617508,
          -9.36497,
          510.31744
        ],
        [
          39.606956,
          -9.3703165,
          489.22522
        ],
        [
          39.5964,
          -9.37299,
          391.36273
        ],
        [
          39.58321,
          -9.37299,
          251.93758
        ],
        [
          39.577934,
          -9.383683,
          277.77408
        ],
        [
          39.567383,
          -9.383683,
          239.86378
        ],
        [
          39.548916,
          -9.397049,
          250.8127
        ],
        [
          39.55155,
          -9.410416,
          362.61966
        ],
        [
          39.562107,
          -9.423781,
          541.31256
        ],
        [
          39.57266,
          -9.418435,
          567.6585
        ],
        [
          39.58321,
          -9.421108,
          638.7078
        ],
        [
          39.58321,
          -9.4077425,
          535.85406
        ],
        [
          39.57266,
          -9.402396,
          419.525
        ],
        [
          39.58321,
          -9.394376,
          391.06818
        ],
        [
          39.591125,
          -9.386356,
          400.34555
        ],
        [
          39.604317,
          -9.383683,
          529.24365
        ],
        [
          39.59904,
          -9.394376,
          537.00635
        ],
        [
          39.604317,
          -9.4077425,
          658.08356
        ],
        [
          39.593765,
          -9.413089,
          640.41223
        ],
        [
          39.59904,
          -9.423781,
          662.5977
        ],
        [
          39.612232,
          -9.423781,
          662.56366
        ],
        [
          39.622784,
          -9.415762,
          658.90625
        ],
        [
          39.63334,
          -9.413089,
          609.5741
        ],
        [
          39.62806,
          -9.397049,
          641.82245
        ],
        [
          39.617508,
          -9.391703,
          635.757
        ],
        [
          39.622784,
          -9.38101,
          601.66943
        ],
        [
          39.6307,
          -9.37299,
          576.2501
        ],
        [
          39.64125,
          -9.37299,
          551.7429
        ],
        [
          39.635975,
          -9.362297,
          533.78265
        ],
        [
          39.622784,
          -9.3516035,
          453.9651
        ],
        [
          39.62806,
          -9.340911,
          412.40616
        ],
        [
          39.617508,
          -9.340911,
          389.15488
        ],
        [
          39.609592,
          -9.34893,
          408.3902
        ],
        [
          39.604317,
          -9.335565,
          304.19208
        ],
        [
          39.5964,
          -9.343584,
          274.3446
        ],
        [
          39.58321,
          -9.343584,
          167.05566
        ],
        [
          39.58321,
          -9.330218,
          147.87352
        ],
        [
          39.5753,
          -9.319525,
          127.05723
        ],
        [
          39.580574,
          -9.308832,
          120.84726
        ],
        [
          39.567383,
          -9.303485,
          111.76999
        ],
        [
          39.5753,
          -9.279426,
          106.43576
        ],
        [
          39.58585,
          -9.271406,
          110.58156
        ],
        [
          39.5964,
          -9.268733,
          122.22772
        ],
        [
          39.60168,
          -9.279426,
          139.77101
        ],
        [
          39.617508,
          -9.284773,
          209.16017
        ],
        [
          39.62806,
          -9.279426,
          267.637
        ],
        [
          39.61487,
          -9.271406,
          171.21594
        ],
        [
          39.620148,
          -9.260714,
          187.0221
        ],
        [
          39.606956,
          -9.258039,
          123.92273
        ],
        [
          39.60168,
          -9.247347,
          109.96131
        ],
        [
          39.617508,
          -9.215268,
          124.65201
        ],
        [
          39.62806,
          -9.212595,
          158.7179
        ],
        [
          39.63334,
          -9.201901,
          169.74365
        ],
        [
          39.64389,
          -9.204575,
          204.68958
        ],
        [
          39.638615,
          -9.215268,
          195.8492
        ],
        [
          39.649166,
          -9.217941,
          249.24768
        ],
        [
          39.65708,
          -9.225961,
          305.48068
        ],
        [
          39.67291,
          -9.225961,
          310.84656
        ],
        [
          39.683464,
          -9.212595,
          226.02602
        ],
        [
          39.694016,
          -9.207248,
          166.82523
        ],
        [
          39.6861,
          -9.196555,
          171.09497
        ],
        [
          39.664997,
          -9.185862,
          206.32439
        ],
        [
          39.667633,
          -9.169823,
          152.59608
        ],
        [
          39.680824,
          -9.169823,
          124.83658
        ],
        [
          39.6861,
          -9.180515,
          136.00868
        ],
        [
          39.694016,
          -9.172496,
          102.45154
        ],
        [
          39.694016,
          -9.156456,
          79.8272
        ],
        [
          39.704567,
          -9.143089,
          65.05105
        ],
        [
          39.71776,
          -9.148436,
          72.13446
        ],
        [
          39.720398,
          -9.164475,
          87.23804
        ],
        [
          39.707207,
          -9.16715,
          91.73684
        ],
        [
          39.70193,
          -9.180515,
          112.687454
        ],
        [
          39.71776,
          -9.185862,
          112.64042
        ],
        [
          39.71776,
          -9.199228,
          125.54547
        ],
        [
          39.712482,
          -9.212595,
          143.9959
        ],
        [
          39.70193,
          -9.215268,
          167.90305
        ],
        [
          39.694016,
          -9.223288,
          196.86653
        ],
        [
          39.683464,
          -9.225961,
          253.06964
        ],
        [
          39.68874,
          -9.239327,
          226.58905
        ],
        [
          39.67819,
          -9.239327,
          291.2309
        ],
        [
          39.667633,
          -9.247347,
          365.5554
        ],
        [
          39.662357,
          -9.258039,
          348.0806
        ],
        [
