{
  "routes": [
    {
      "route_id": 1,
      "length_km": 36.508,
      "minimum_depth_m": 49.112053,
      "mission_duration_h": 10,
      "mission_duration_m": 32,
      "waypoints": [
        [
          39.57266,
          -9.292792,
          110.0299
        ],
        [
          39.58321,
          -9.276752,
          109.29385
        ],
        [
          39.580574,
          -9.23398,
          89.39218
        ],
        [
          39.58585,
          -9.223288,
          87.01612
        ],
        [
          39.577934,
          -9.215268,
          78.28218
        ],
        [
          39.580574,
          -9.201901,
          72.48398
        ],
        [
          39.593765,
          -9.191209,
          82.24967
        ],
        [
          39.604317,
          -9.188536,
          95.92194
        ],
        [
          39.609592,
          -9.199228,
          100.61967
        ],
        [
          39.61487,
          -9.188536,
          115.46399
        ],
        [
          39.625423,
          -9.183188,
          140.93823
        ],
        [
          39.620148,
          -9.172496,
          128.73962
        ],
        [
          39.609592,
          -9.177842,
          107.06097
        ],
        [
          39.59904,
          -9.177842,
          89.70788
        ],
        [
          39.593765,
          -9.16715,
          80.05667
        ],
        [
          39.57266,
          -9.16715,
          49.112053
        ],
        [
          39.57266,
          -9.180515,
          55.79701
        ],
        [
          39.564743,
          -9.188536,
          53.931763
        ],
        [
          39.55683,
          -9.199228,
          55.046803
        ],
        [
          39.57002,
          -9.199228,
          63.923065
        ],
        [
          39.564743,
          -9.209921,
          67.30798
        ],
        [
          39.562107,
          -9.225961,
          75.91207
        ],
        [
          39.57002,
          -9.23398,
          84.254196
        ],
        [
          39.562107,
          -9.263387,
          94.92799
        ],
        [
          39.57266,
          -9.276752,
          104.52651
        ],
        [
          39.57266,
          -9.290464,
          110.0299
        ]
      ]
    }
  ]
}