{
  "routes": [
    {
      "route_id": 1,
      "length_km": 18.763,
      "minimum_depth_m": 92.655945,
      "mission_duration_h": 5,
      "mission_duration_m": 26,
      "waypoints": [
        [
          39.57266,
          -9.292792,
          110.0299
        ],
        [
          39.577934,
          -9.292792,
          111.96847
        ],
        [
          39.5753,
          -9.279426,
          106.43576
        ],
        [
          39.58585,
          -9.26606,
          108.06415
        ],
        [
          39.59904,
          -9.263387,
          121.00683
        ],
        [
          39.58849,
          -9.252693,
          103.839005
        ],
        [
          39.577934,
          -9.247347,
          94.87583
        ],
        [
          39.567383,
          -9.252693,
          92.655945
        ],
        [
          39.562107,
          -9.263387,
          94.92799
        ],
        [
          39.564743,
          -9.279426,
          102.51209
        ],
        [
          39.55419,
          -9.276752,
          97.46962
        ],
        [
          39.54364,
          -9.290119,
          94.84418
        ],
        [
          39.548916,
          -9.300812,
          102.3958
        ],
        [
          39.559467,
          -9.308832,
          111.00005
        ],
        [
          39.564743,
          -9.298139,
          108.96603
        ],
        [
          39.57106,
          -9.293871,
          110.0299
        ]
      ]
    }
  ]
}