{
  "routes": [
    {
      "route_id": 1,
      "length_km": 151.543,
      "minimum_depth_m": 81.40436,
      "mission_duration_h": 43,
      "mission_duration_m": 45,
      "waypoints": [
        [
          39.57266,
          -9.292792,
          110.0299
        ],
        [
          39.562107,
          -9.274079,
          99.45663
        ],
        [
          39.55419,
          -9.26606,
          92.764854
        ],
        [
          39.562107,
          -9.242001,
          84.88936
        ],
        [
          39.57002,
          -9.228634,
          81.40436
        ],
        [
          39.58321,
          -9.225961,
          86.816185
        ],
        [
          39.58849,
          -9.215268,
          85.083565
        ],
        [
          39.59904,
          -9.220614,
          93.43381
        ],
        [
          39.606956,
          -9.209921,
          97.970184
        ],
        [
          39.620148,
          -9.217941,
          134.03218
        ],
        [
          39.649166,
          -9.220614,
          254.71759
        ],
        [
          39.664997,
          -9.225961,
          345.9622
        ],
        [
          39.667633,
          -9.212595,
          299.7378
        ],
        [
          39.67819,
          -9.217941,
          267.6752
        ],
        [
          39.68874,
          -9.215268,
          208.08583
        ],
        [
          39.694016,
          -9.225961,
          196.7197
        ],
        [
          39.70193,
          -9.217941,
          172.27026
        ],
        [
          39.715122,
          -9.212595,
          139.11092
        ],
        [
          39.720398,
          -9.225961,
          133.14032
        ],
        [
          39.704567,
          -9.247347,
          169.66171
        ],
        [
          39.6861,
          -9.252693,
          239.87784
        ],
        [
          39.670273,
          -9.276752,
          284.41376
        ],
        [
          39.67819,
          -9.287446,
          220.52269
        ],
        [
          39.667633,
          -9.295465,
          244.90434
        ],
        [
          39.65444,
          -9.298139,
          286.08936
        ],
        [
          39.646526,
          -9.290119,
          318.2537
        ],
        [
          39.64125,
          -9.300812,
          336.297
        ],
        [
          39.649166,
          -9.308832,
          302.32928
        ],
        [
          39.64125,
          -9.316852,
          351.55093
        ],
        [
          39.65444,
          -9.324871,
          271.77182
        ],
        [
          39.646526,
          -9.335565,
          341.27417
        ],
        [
          39.635975,
          -9.327544,
          380.7621
        ],
        [
          39.62806,
          -9.335565,
          386.06754
        ],
        [
          39.612232,
          -9.335565,
          350.42966
        ],
        [
          39.591125,
          -9.3516035,
          251.93217
        ],
        [
          39.580574,
          -9.346257,
          161.71019
        ],
        [
          39.58321,
          -9.359624,
          191.23468
        ],
        [
          39.57266,
          -9.356951,
          161.5963
        ],
        [
          39.562107,
          -9.359624,
          144.30144
        ],
        [
          39.55155,
          -9.34893,
          122.22616
        ],
        [
          39.541,
          -9.343584,
          112.74173
        ],
        [
          39.533085,
          -9.3516035,
          110.81846
        ],
        [
          39.53836,
          -9.362297,
          121.16671
        ],
        [
          39.548916,
          -9.36497,
          136.78284
        ],
        [
          39.559467,
          -9.37299,
          178.60858
        ],
        [
          39.564743,
          -9.383683,
          230.38622
        ],
        [
          39.562107,
          -9.397049,
          314.9088
        ],
        [
          39.55155,
          -9.394376,
          243.89272
        ],
        [
          39.541,
          -9.399722,
          225.5264
        ],
        [
          39.53836,
          -9.413089,
          269.53857
        ],
        [
          39.541,
          -9.4264555,
          372.0004
        ],
        [
          39.55155,
          -9.429129,
          514.55176
        ],
        [
          39.564743,
          -9.410416,
          450.30417
        ],
        [
          39.57266,
          -9.402396,
          419.525
        ],
        [
          39.58321,
          -9.402396,
          477.93973
        ],
        [
          39.593765,
          -9.405069,
          575.24713
        ],
        [
          39.60168,
          -9.415762,
          691.6902
        ],
        [
          39.612232,
          -9.410416,
          694.9873
        ],
        [
          39.609592,
          -9.397049,
          645.167
        ],
        [
          39.620148,
          -9.399722,
          649.48663
        ],
        [
          39.64389,
          -9.397049,
          562.4273
        ],
        [
          39.649166,
          -9.3703165,
          448.17343
        ],
        [
          39.64125,
          -9.362297,
          502.57172
        ],
        [
          39.646526,
          -9.3516035,
          403.5005
        ],
        [
          39.65444,
          -9.359624,
          350.9829
        ],
        [
          39.67291,
          -9.346257,
          192.0499
        ],
        [
          39.6861,
          -9.354278,
          168.17181
        ],
        [
          39.68874,
          -9.340911,
          152.67505
        ],
        [
          39.696655,
          -9.332891,
          138.95198
        ],
        [
          39.670273,
          -9.330218,
          180.10442
        ],
        [
          39.67555,
          -9.316852,
          183.14075
        ],
        [
          39.68874,
          -9.316852,
          151.25851
        ],
        [
          39.70193,
          -9.319525,
          137.16707
        ],
        [
          39.709846,
          -9.311505,
          134.28679
        ],
        [
          39.71776,
          -9.319525,
          132.54387
        ],
        [
          39.709846,
          -9.327544,
          135.42413
        ],
        [
          39.71776,
          -9.335565,
          134.482
        ],
        [
          39.71776,
          -9.3516035,
          137.28601
        ],
        [
          39.709846,
          -9.359624,
          142.58452
        ],
        [
          39.720398,
          -9.367643,
          138.44261
        ],
        [
          39.712482,
          -9.375663,
          144.33185
        ],
        [
          39.691376,
          -9.383683,
          168.77112
        ],
        [
          39.68874,
          -9.3703165,
          171.92664
        ],
        [
          39.680824,
          -9.378337,
          211.44998
        ],
        [
          39.680824,
          -9.391703,
          221.12317
        ],
        [
          39.6861,
          -9.402396,
          189.84886
        ],
        [
          39.709846,
          -9.415762,
          148.39407
        ],
        [
          39.704567,
          -9.429129,
          151.14725
        ],
        [
          39.67291,
          -9.429129,
          206.30092
        ],
        [
          39.662357,
          -9.421108,
          279.5076
        ],
        [
          39.651806,
          -9.421108,
          390.96692
        ],
        [
          39.65708,
          -9.405069,
          379.3919
        ],
        [
          39.64389,
          -9.410416,
          526.2785
        ],
        [
          39.63334,
          -9.405069,
          624.4207
        ],
        [
          39.62806,
          -9.391703,
          644.6958
        ],
        [
