{
  "vmin": -2.025437116622925,
  "vmax": 2.025437116622925,
  "max_abs": 2.025437116622925,
  "source_file": "results/fossum/X_surface_300_norm.npy"
}