{
  "routes": [
    {
      "route_id": 1,
      "length_km": 36.681,
      "minimum_depth_m": 108.04404,
      "mission_duration_h": 10,
      "mission_duration_m": 33,
      "waypoints": [
        [
          39.57266,
          -9.292792,
          110.0299
        ],
        [
          39.5753,
          -9.295465,
          111.911865
        ],
        [
          39.5753,
          -9.308832,
          118.38546
        ],
        [
          39.593765,
          -9.37299,
          363.47772
        ],
        [
          39.604317,
          -9.375663,
          488.5743
        ],
        [
          39.61487,
          -9.38101,
          587.28973
        ],
        [
          39.59904,
          -9.399722,
          573.2143
        ],
        [
          39.622784,
          -9.410416,
          654.7551
        ],
        [
          39.61487,
          -9.423781,
          647.4132
        ],
        [
          39.60168,
          -9.423781,
          665.32513
        ],
        [
          39.591125,
          -9.429129,
          655.16656
        ],
        [
          39.58321,
          -9.421108,
          638.7078
        ],
        [
          39.593765,
          -9.413089,
          640.41223
        ],
        [
          39.57266,
          -9.402396,
          419.525
        ],
        [
          39.562107,
          -9.399722,
          338.69092
        ],
        [
          39.55683,
          -9.3890295,
          222.4427
        ],
        [
          39.567383,
          -9.383683,
          239.86378
        ],
        [
          39.562107,
          -9.37299,
          186.08945
        ],
        [
          39.564743,
          -9.34893,
          140.27315
        ],
        [
          39.562107,
          -9.335565,
          125.84938
        ],
        [
          39.55683,
          -9.324871,
          115.26859
        ],
        [
          39.559467,
          -9.308832,
          111.00005
        ],
        [
          39.564743,
          -9.298139,
          108.96603
        ],
        [
          39.57106,
          -9.293871,
          110.0299
        ]
      ]
    }
  ]
}