{
  "routes": [
    {
      "route_id": 1,
      "length_km": 150.701,
      "minimum_depth_m": 48.055546,
      "mission_duration_h": 43,
      "mission_duration_m": 34,
      "waypoints": [
        [
          39.57266,
          -9.292792,
          110.0299
        ],
        [
          39.562107,
          -9.274079,
          99.45663
        ],
        [
          39.55419,
          -9.263387,
          91.58866
        ],
        [
          39.55419,
          -9.25002,
          85.707695
        ],
        [
          39.562107,
          -9.242001,
          84.88936
        ],
        [
          39.58321,
          -9.225961,
          86.816185
        ],
        [
          39.57266,
          -9.220614,
          78.473335
        ],
        [
          39.580574,
          -9.212595,
          78.32358
        ],
        [
          39.567383,
          -9.207248,
          67.2124
        ],
        [
          39.55155,
          -9.212595,
          61.197163
        ],
        [
          39.54364,
          -9.204575,
          50.588425
        ],
        [
          39.559467,
          -9.185862,
          48.446777
        ],
        [
          39.57002,
          -9.191209,
          59.232338
        ],
        [
          39.58321,
          -9.191209,
          69.19303
        ],
        [
          39.593765,
          -9.177842,
          81.03134
        ],
        [
          39.604317,
          -9.177842,
          98.38442
        ],
        [
          39.593765,
          -9.201901,
          84.8801
        ],
        [
          39.593765,
          -9.215268,
          88.78029
        ],
        [
          39.604317,
          -9.217941,
          96.35049
        ],
        [
          39.620148,
          -9.217941,
          134.03218
        ],
        [
          39.617508,
          -9.204575,
          123.13647
        ],
        [
          39.606956,
          -9.201901,
          97.89235
        ],
        [
          39.61487,
          -9.191209,
          114.88641
        ],
        [
          39.625423,
          -9.196555,
          144.32257
        ],
        [
          39.6307,
          -9.185862,
          154.28223
        ],
        [
          39.64125,
          -9.185862,
          176.05725
        ],
        [
          39.651806,
          -9.188536,
          194.72261
        ],
        [
          39.649166,
          -9.207248,
          227.36806
        ],
        [
          39.638615,
          -9.201901,
          185.38893
        ],
        [
          39.63334,
          -9.212595,
          175.94029
        ],
        [
          39.64125,
          -9.220614,
          213.70438
        ],
        [
          39.651806,
          -9.220614,
          268.38867
        ],
        [
          39.662357,
          -9.225961,
          332.46835
        ],
        [
          39.67291,
          -9.223288,
          308.3055
        ],
        [
          39.667633,
          -9.212595,
          299.7378
        ],
        [
          39.680824,
          -9.207248,
          222.18716
        ],
        [
          39.68874,
          -9.215268,
          208.08583
        ],
        [
          39.694016,
          -9.204575,
          161.14244
        ],
        [
          39.704567,
          -9.201901,
          142.93605
        ],
        [
          39.694016,
          -9.180515,
          115.89729
        ],
        [
          39.70193,
          -9.172496,
          100.53729
        ],
        [
          39.70193,
          -9.159129,
          82.852806
        ],
        [
          39.712482,
          -9.156456,
          79.810905
        ],
        [
          39.720398,
          -9.164475,
          87.23804
        ],
        [
          39.707207,
          -9.183188,
          114.3097
        ],
        [
          39.715122,
          -9.191209,
          120.65884
        ],
        [
          39.720398,
          -9.201901,
          124.15066
        ],
        [
          39.715122,
          -9.212595,
          139.11092
        ],
        [
          39.720398,
          -9.225961,
          133.14032
        ],
        [
          39.709846,
          -9.225961,
          158.57207
        ],
        [
          39.70193,
          -9.217941,
          172.27026
        ],
        [
          39.694016,
          -9.225961,
          196.7197
        ],
        [
          39.683464,
          -9.228634,
          254.2377
        ],
        [
          39.67555,
          -9.236654,
          305.19357
        ],
        [
          39.680824,
          -9.247347,
          279.60437
        ],
        [
          39.67819,
          -9.26606,
          263.60123
        ],
        [
          39.67819,
          -9.287446,
          220.52269
        ],
        [
          39.67291,
          -9.308832,
          197.92259
        ],
        [
          39.67819,
          -9.319525,
          174.6746
        ],
        [
          39.68874,
          -9.316852,
          151.25851
        ],
        [
          39.6861,
          -9.303485,
          163.92865
        ],
        [
          39.69929,
          -9.306158,
          137.65623
        ],
        [
          39.709846,
          -9.311505,
          134.28679
        ],
        [
          39.720398,
          -9.319525,
          131.77333
        ],
        [
          39.71776,
          -9.335565,
          134.482
        ],
        [
          39.71776,
          -9.3516035,
          137.28601
        ],
        [
          39.704567,
          -9.354278,
          143.56584
        ],
        [
          39.707207,
          -9.367643,
          145.74135
        ],
        [
          39.70193,
          -9.378337,
          151.51025
        ],
        [
          39.691376,
          -9.383683,
          168.77112
        ],
        [
          39.6861,
          -9.354278,
          168.17181
        ],
        [
          39.662357,
          -9.3516035,
          250.47917
        ],
        [
          39.65444,
          -9.359624,
          350.9829
        ],
        [
          39.649166,
          -9.3703165,
          448.17343
        ],
        [
          39.64389,
          -9.397049,
          562.4273
        ],
        [
          39.65708,
          -9.405069,
          379.3919
        ],
        [
          39.670273,
          -9.397049,
          265.09366
        ],
        [
          39.680824,
          -9.402396,
          212.5428
        ],
        [
          39.691376,
          -9.399722,
          167.86362
        ],
        [
          39.70193,
          -9.402396,
          153.00223
        ],
        [
          39.712482,
          -9.415762,
          147.20384
        ],
        [
          39.70193,
          -9.423781,
          152.04478
        ],
        [
          39.68874,
          -9.429129,
          167.07047
        ],
        [
          39.67291,
          -9.429129,
          206.30092
        ],
        [
          39.662357,
          -9.421108,
          279.5076
        ],
        [
          39.64125,
          -9.418435,
          522.80304
        ],
        [
          39.635975,
          -9.429129,
          482.54126
        ],
        [
          39.625423,
          -9.423781,
          586.8115
        ],
        [
          39.612232,
          -9.410416,
          694.9873
        ],
        [
          39.609592,
          -9.397049,
          645.167
        ],
        [
          39.620148,
          -9.383683,
          610.4315
        ],
        [
          39.59904,
          -9.37299,
          419.24777
        ],
        [
          39.593765,
          -9.383683,
          415.7647
        ],
        [
          39.58321,
          -9.38101,
          289.6987
        ],
        [
          39.567383,
          -9.399722,
          365.7357
        ],
