{
  "routes": [
    {
      "route_id": 1,
      "length_km": 151.675,
      "minimum_depth_m": 79.883316,
      "mission_duration_h": 43,
      "mission_duration_m": 47,
      "waypoints": [
        [
          39.57266,
          -9.292792,
          110.0299
        ],
        [
          39.57002,
          -9.300812,
          111.81263
        ],
        [
          39.577934,
          -9.311505,
          121.96307
        ],
        [
          39.567383,
          -9.314178,
          117.95604
        ],
        [
          39.55683,
          -9.308832,
          109.76916
        ],
        [
          39.546276,
          -9.308832,
          103.38892
        ],
        [
          39.53836,
          -9.276752,
          85.923416
        ],
        [
          39.548916,
          -9.284773,
          96.55691
        ],
        [
          39.55155,
          -9.268733,
          92.035355
        ],
        [
          39.562107,
          -9.263387,
          94.92799
        ],
        [
          39.57266,
          -9.26606,
          100.25363
        ],
        [
          39.5753,
          -9.252693,
          96.040825
        ],
        [
          39.58585,
          -9.252693,
          101.77061
        ],
        [
          39.5964,
          -9.25002,
          108.01362
        ],
        [
          39.591125,
          -9.239327,
          98.53941
        ],
        [
          39.580574,
          -9.23398,
          89.39218
        ],
        [
          39.5753,
          -9.223288,
          81.313614
        ],
        [
          39.58585,
          -9.215268,
          83.23521
        ],
        [
          39.620148,
          -9.228634,
          143.55235
        ],
        [
          39.62806,
          -9.220614,
          162.1951
        ],
        [
          39.64125,
          -9.217941,
          210.76787
        ],
        [
          39.65708,
          -9.23398,
          318.421
        ],
        [
          39.651806,
          -9.25002,
          320.4024
        ],
        [
          39.651806,
          -9.263387,
          319.53983
        ],
        [
          39.662357,
          -9.26606,
          332.24503
        ],
        [
          39.65708,
          -9.282099,
          305.38284
        ],
        [
          39.667633,
          -9.282099,
          283.3508
        ],
        [
          39.67819,
          -9.292792,
          209.93056
        ],
        [
          39.67291,
          -9.303485,
          205.29138
        ],
        [
          39.662357,
          -9.300812,
          249.78253
        ],
        [
          39.651806,
          -9.292792,
          301.6639
        ],
        [
          39.6307,
          -9.314178,
          335.36246
        ],
        [
          39.60168,
          -9.314178,
          210.0421
        ],
        [
          39.5964,
          -9.327544,
          224.48187
        ],
        [
          39.606956,
          -9.332891,
          310.40186
        ],
        [
          39.593765,
          -9.340911,
          245.11758
        ],
        [
          39.58321,
          -9.343584,
          167.05566
        ],
        [
          39.577934,
          -9.327544,
          136.04332
        ],
        [
          39.567383,
          -9.327544,
          126.11424
        ],
        [
          39.55683,
          -9.338238,
          121.324066
        ],
        [
          39.548916,
          -9.356951,
          124.41986
        ],
        [
          39.53836,
          -9.359624,
          117.88289
        ],
        [
          39.54364,
          -9.37299,
          146.28023
        ],
        [
          39.55419,
          -9.367643,
          149.77267
        ],
        [
          39.567383,
          -9.375663,
          210.75433
        ],
        [
          39.548916,
          -9.397049,
          250.8127
        ],
        [
          39.53836,
          -9.399722,
          211.04091
        ],
        [
          39.548916,
          -9.413089,
          359.8337
        ],
        [
          39.559467,
          -9.4077425,
          394.29303
        ],
        [
          39.562107,
          -9.423781,
          541.31256
        ],
        [
          39.57266,
          -9.418435,
          567.6585
        ],
        [
          39.58321,
          -9.421108,
          638.7078
        ],
        [
          39.591125,
          -9.410416,
          605.2207
        ],
        [
          39.58321,
          -9.38101,
          289.6987
        ],
        [
          39.591125,
          -9.3703165,
          322.6421
        ],
        [
          39.60168,
          -9.36497,
          406.82697
        ],
        [
          39.609592,
          -9.37299,
          530.7879
        ],
        [
          39.60168,
          -9.38101,
          487.43866
        ],
        [
          39.606956,
          -9.397049,
          622.65283
        ],
        [
          39.60168,
          -9.4077425,
          642.8049
        ],
        [
          39.622784,
          -9.413089,
          656.8307
        ],
        [
          39.620148,
          -9.4264555,
          598.32996
        ],
        [
          39.6307,
          -9.4264555,
          535.69366
        ],
        [
          39.64125,
          -9.410416,
          557.81573
        ],
        [
          39.6307,
          -9.402396,
          634.15936
        ],
        [
          39.64125,
          -9.397049,
          595.7946
        ],
        [
          39.65444,
          -9.4077425,
          405.89542
        ],
        [
          39.65444,
          -9.394376,
          434.72406
        ],
        [
          39.649166,
          -9.383683,
          500.24118
        ],
        [
          39.622784,
          -9.383683,
          615.1525
        ],
        [
          39.62806,
          -9.37299,
          571.2401
        ],
        [
          39.622784,
          -9.362297,
          507.2878
        ],
        [
          39.635975,
          -9.362297,
          533.78265
        ],
        [
          39.646526,
          -9.3703165,
          478.599
        ],
        [
          39.65708,
          -9.36497,
          339.8282
        ],
        [
          39.65444,
          -9.3516035,
          326.98984
        ],
        [
          39.64389,
          -9.354278,
          440.16623
        ],
        [
          39.64389,
          -9.338238,
          373.19315
        ],
        [
          39.63334,
          -9.332891,
          384.90436
        ],
        [
          39.638615,
          -9.322198,
          374.628
        ],
        [
          39.649166,
          -9.316852,
          304.8182
        ],
        [
          39.65708,
          -9.324871,
          254.00418
        ],
        [
          39.65708,
          -9.338238,
          265.45346
        ],
        [
          39.667633,
          -9.343584,
          199.67592
        ],
        [
          39.67819,
          -9.343584,
          177.02565
        ],
        [
          39.691376,
          -9.335565,
          144.61119
        ],
        [
          39.720398,
          -9.306158,
          130.15913
        ],
        [
          39.709846,
          -9.300812,
          134.70718
        ],
        [
          39.69929,
          -9.300812,
          139.678
        ],
        [
          39.70193,
          -9.287446,
          144.39818
        ],
        [
          39.694016,
          -9.279426,
          156.3827
        ],
        [
          39.70193,
          -9.271406,
          154.47456
        ],
        [
          39.704567,
          -9.258039,
          162.06793
        ],
        [
          39.696655,
          -9.247347,
          189.07419
        ],
        [
          39.68874,
          -9.239327,
          226.58905
        ],
        [
