{
  "routes": [
    {
      "route_id": 1,
      "length_km": 36.266,
      "minimum_depth_m": 49.767765,
      "mission_duration_h": 10,
      "mission_duration_m": 26,
      "waypoints": [
        [
          39.57266,
          -9.292792,
          110.0299
        ],
        [
          39.57266,
          -9.274079,
          103.45829
        ],
        [
          39.57002,
          -9.244674,
          89.95389
        ],
        [
          39.593765,
          -9.204575,
          85.66013
        ],
        [
          39.606956,
          -9.201901,
          97.89235
        ],
        [
          39.609592,
          -9.188536,
          102.879906
        ],
        [
          39.620148,
          -9.185862,
          128.78845
        ],
        [
          39.61487,
          -9.175169,
          118.351845
        ],
        [
          39.604317,
          -9.177842,
          98.38442
        ],
        [
          39.59904,
          -9.188536,
          88.963974
        ],
        [
          39.58849,
          -9.188536,
          75.04804
        ],
        [
          39.580574,
          -9.180515,
          62.08816
        ],
        [
          39.562107,
          -9.199228,
          58.597305
        ],
        [
          39.55155,
          -9.196555,
          49.767765
        ],
        [
          39.54364,
          -9.204575,
          50.588425
        ],
        [
          39.55419,
          -9.215268,
          64.74543
        ],
        [
          39.564743,
          -9.212595,
          69.04183
        ],
        [
          39.5753,
          -9.215268,
          76.78088
        ],
        [
          39.55683,
          -9.23398,
          77.831726
        ],
        [
          39.559467,
          -9.247347,
          86.71611
        ],
        [
          39.55419,
          -9.260714,
          90.41247
        ],
        [
          39.562107,
          -9.268733,
          97.192314
        ],
        [
          39.55683,
          -9.279426,
          99.56934
        ],
        [
          39.57115,
          -9.291518,
          110.0299
        ]
      ]
    }
  ]
}