{
  "routes": [
    {
      "route_id": 1,
      "length_km": 36.154,
      "minimum_depth_m": 73.678444,
      "mission_duration_h": 10,
      "mission_duration_m": 25,
      "waypoints": [
        [
          39.57266,
          -9.292792,
          110.0299
        ],
        [
          39.58585,
          -9.279426,
          114.53341
        ],
        [
          39.58849,
          -9.26606,
          111.09739
        ],
        [
          39.59904,
          -9.263387,
          121.00683
        ],
        [
          39.5964,
          -9.236654,
          100.474106
        ],
        [
          39.617508,
          -9.225961,
          130.31267
        ],
        [
          39.617508,
          -9.212595,
          124.273125
        ],
        [
          39.62806,
          -9.212595,
          158.7179
        ],
        [
          39.638615,
          -9.215268,
          195.8492
        ],
        [
          39.64389,
          -9.204575,
          204.68958
        ],
        [
          39.64389,
          -9.191209,
          186.16002
        ],
        [
          39.638615,
          -9.172496,
          161.98956
        ],
        [
          39.62806,
          -9.172496,
          143.45493
        ],
        [
          39.62806,
          -9.156456,
          128.40788
        ],
        [
          39.593765,
          -9.16715,
          80.05667
        ],
        [
          39.59904,
          -9.177842,
          89.70788
        ],
        [
          39.593765,
          -9.191209,
          82.24967
        ],
        [
          39.577934,
          -9.207248,
          73.7655
        ],
        [
          39.57002,
          -9.217941,
          75.42082
        ],
        [
          39.564743,
          -9.228634,
          78.74031
        ],
        [
          39.567383,
          -9.242001,
          87.315765
        ],
        [
          39.562107,
          -9.263387,
          94.92799
        ],
        [
          39.564743,
          -9.279426,
          102.51209
        ],
        [
          39.57266,
          -9.287446,
          108.199875
        ],
        [
          39.57266,
          -9.290465,
          110.0299
        ]
      ]
    }
  ]
}