{
  "routes": [
    {
      "route_id": 1,
      "length_km": 37.659,
      "minimum_depth_m": 110.0299,
      "mission_duration_h": 10,
      "mission_duration_m": 44,
      "waypoints": [
        [
          39.57266,
          -9.292792,
          110.0299
        ],
        [
          39.5964,
          -9.316852,
          194.71863
        ],
        [
          39.63334,
          -9.332891,
          384.90436
        ],
        [
          39.64389,
          -9.327544,
          345.13214
        ],
        [
          39.65708,
          -9.327544,
          252.64375
        ],
        [
          39.667633,
          -9.332891,
          182.21446
        ],
        [
          39.67555,
          -9.340911,
          179.32224
        ],
        [
          39.680824,
          -9.3516035,
          179.46225
        ],
        [
          39.683464,
          -9.36497,
          185.5768
        ],
        [
          39.670273,
          -9.386356,
          273.4546
        ],
        [
          39.664997,
          -9.405069,
          282.58423
        ],
        [
          39.64125,
          -9.410416,
          557.81573
        ],
        [
          39.6307,
          -9.4264555,
          535.69366
        ],
        [
          39.620148,
          -9.405069,
          657.1499
        ],
        [
          39.593765,
          -9.37299,
          363.47772
        ],
        [
          39.59904,
          -9.362297,
          365.99136
        ],
        [
          39.58849,
          -9.330218,
          181.4932
        ],
        [
          39.5753,
          -9.308832,
          118.38546
        ],
        [
          39.573032,
          -9.29507,
          110.0299
        ]
      ]
    }
  ]
}