{
  "routes": [
    {
      "route_id": 1,
      "length_km": 151.714,
      "minimum_depth_m": 48.055546,
      "mission_duration_h": 43,
      "mission_duration_m": 54,
      "waypoints": [
        [
          39.57266,
          -9.292792,
          110.0299
        ],
        [
          39.567383,
          -9.298139,
          109.93066
        ],
        [
          39.55683,
          -9.290119,
          103.285225
        ],
        [
          39.548916,
          -9.300812,
          102.3958
        ],
        [
          39.54364,
          -9.290119,
          94.84418
        ],
        [
          39.54364,
          -9.276752,
          89.77215
        ],
        [
          39.55419,
          -9.276752,
          97.46962
        ],
        [
          39.559467,
          -9.263387,
          93.86364
        ],
        [
          39.57002,
          -9.26606,
          99.20526
        ],
        [
          39.5753,
          -9.252693,
          96.040825
        ],
        [
          39.58585,
          -9.258039,
          104.28802
        ],
        [
          39.5964,
          -9.25002,
          108.01362
        ],
        [
          39.591125,
          -9.239327,
          98.53941
        ],
        [
          39.580574,
          -9.23398,
          89.39218
        ],
        [
          39.58321,
          -9.220614,
          84.15347
        ],
        [
          39.593765,
          -9.215268,
          88.78029
        ],
        [
          39.60168,
          -9.204575,
          93.01503
        ],
        [
          39.609592,
          -9.196555,
          100.74454
        ],
        [
          39.617508,
          -9.204575,
          123.13647
        ],
        [
          39.62806,
          -9.196555,
          151.7635
        ],
        [
          39.625423,
          -9.183188,
          140.93823
        ],
        [
          39.620148,
          -9.172496,
          128.73962
        ],
        [
          39.61487,
          -9.183188,
          116.61913
        ],
        [
          39.609592,
          -9.172496,
          109.15149
        ],
        [
          39.59904,
          -9.177842,
          89.70788
        ],
        [
          39.593765,
          -9.191209,
          82.24967
        ],
        [
          39.58585,
          -9.199228,
          75.840256
        ],
        [
          39.5753,
          -9.201901,
          69.02479
        ],
        [
          39.567383,
          -9.209921,
          68.9006
        ],
        [
          39.564743,
          -9.196555,
          58.638706
        ],
        [
          39.55683,
          -9.188536,
          48.055546
        ],
        [
          39.567383,
          -9.183188,
          53.03211
        ],
        [
          39.577934,
          -9.188536,
          63.725464
        ],
        [
          39.593765,
          -9.16715,
          80.05667
        ],
        [
          39.580574,
          -9.161802,
          53.926895
        ],
        [
          39.591125,
          -9.151109,
          69.775055
        ],
        [
          39.60168,
          -9.156456,
          93.26796
        ],
        [
          39.612232,
          -9.156456,
          112.829834
        ],
        [
          39.606956,
          -9.145762,
          101.51169
        ],
        [
          39.612232,
          -9.135069,
          101.33629
        ],
        [
          39.622784,
          -9.124376,
          82.4215
        ],
        [
          39.63334,
          -9.132396,
          93.51843
        ],
        [
          39.638615,
          -9.121703,
          75.69386
        ],
        [
          39.664997,
          -9.124376,
          52.414173
        ],
        [
          39.68874,
          -9.127049,
          51.691505
        ],
        [
          39.69929,
          -9.121703,
          49.228184
        ],
        [
          39.69929,
          -9.137742,
          58.24965
        ],
        [
          39.709846,
          -9.132396,
          57.265064
        ],
        [
          39.720398,
          -9.132396,
          59.287636
        ],
        [
          39.71776,
          -9.148436,
          72.13446
        ],
        [
          39.707207,
          -9.153783,
          76.941414
        ],
        [
          39.694016,
          -9.156456,
          79.8272
        ],
        [
          39.680824,
          -9.169823,
          124.83658
        ],
        [
          39.6861,
          -9.180515,
          136.00868
        ],
        [
          39.694016,
          -9.172496,
          102.45154
        ],
        [
          39.720398,
          -9.164475,
          87.23804
        ],
        [
          39.71776,
          -9.177842,
          103.08144
        ],
        [
          39.709846,
          -9.185862,
          116.71399
        ],
        [
          39.720398,
          -9.191209,
          117.3673
        ],
        [
          39.715122,
          -9.201901,
          130.41246
        ],
        [
          39.720398,
          -9.212595,
          129.34094
        ],
        [
          39.69929,
          -9.217941,
          178.0323
        ],
        [
          39.68874,
          -9.239327,
          226.58905
        ],
        [
          39.69929,
          -9.239327,
          183.12854
        ],
        [
          39.707207,
          -9.231307,
          164.49522
        ],
        [
          39.71776,
          -9.228634,
          139.22443
        ],
        [
          39.715122,
          -9.242001,
          144.29785
        ],
        [
          39.71776,
          -9.255366,
          135.80122
        ],
        [
          39.704567,
          -9.258039,
          162.06793
        ],
        [
          39.691376,
          -9.252693,
          205.8296
        ],
        [
          39.680824,
          -9.258039,
          263.6073
        ],
        [
          39.651806,
          -9.258039,
          319.88486
        ],
        [
          39.64125,
          -9.244674,
          265.4676
        ],
        [
          39.64125,
          -9.220614,
          213.70438
        ],
        [
          39.651806,
          -9.217941,
          262.07428
        ],
        [
          39.638615,
          -9.191209,
          176.97609
        ],
        [
          39.651806,
          -9.188536,
          194.72261
        ],
        [
          39.649166,
          -9.175169,
          167.75098
        ],
        [
          39.638615,
          -9.172496,
          161.98956
        ],
        [
          39.622784,
          -9.145762,
          112.22344
        ],
        [
          39.63334,
          -9.145762,
          115.42614
        ],
        [
          39.64125,
          -9.153783,
          130.06337
        ],
        [
          39.651806,
          -9.156456,
          127.56897
        ],
        [
          39.649166,
          -9.140416,
          91.84423
        ],
        [
          39.662357,
          -9.137742,
          68.143005
        ],
        [
          39.667633,
          -9.148436,
          92.106995
        ],
        [
          39.67291,
          -9.137742,
          61.87872
        ],
        [
          39.6861,
          -9.140416,
          62.92073
        ],
        [
          39.67291,
          -9.159129,
          113.9006
        ],
        [
          39.667633,
          -9.169823,
          152.59608
        ],
        [
          39.664997,
          -9.185862,
          206.32439
        ],
        [
          39.667633,
          -9.199228,
          247.49681
        ],
        [
          39.67555,
          -9.191209,
          192.52426
        ],
        [
          39.6861,
          -9.196555,
          171.09497
        ],
        [
          39.694016,
          -9.207248,
          166.82523
        ],
