{
  "routes": [
    {
      "route_id": 1,
      "length_km": 74.569,
      "minimum_depth_m": 48.055546,
      "mission_duration_h": 21,
      "mission_duration_m": 30,
      "waypoints": [
        [
          39.57266,
          -9.292792,
          110.0299
        ],
        [
          39.564743,
          -9.279426,
          102.51209
        ],
        [
          39.58321,
          -9.220614,
          84.15347
        ],
        [
          39.593765,
          -9.215268,
          88.78029
        ],
        [
          39.60168,
          -9.204575,
          93.01503
        ],
        [
          39.609592,
          -9.196555,
          100.74454
        ],
        [
          39.61487,
          -9.183188,
          116.61913
        ],
        [
          39.625423,
          -9.183188,
          140.93823
        ],
        [
          39.620148,
          -9.172496,
          128.73962
        ],
        [
          39.63334,
          -9.145762,
          115.42614
        ],
        [
          39.64125,
          -9.153783,
          130.06337
        ],
        [
          39.651806,
          -9.156456,
          127.56897
        ],
        [
          39.649166,
          -9.140416,
          91.84423
        ],
        [
          39.662357,
          -9.137742,
          68.143005
        ],
        [
          39.67291,
          -9.159129,
          113.9006
        ],
        [
          39.680824,
          -9.151109,
          86.15522
        ],
        [
          39.694016,
          -9.156456,
          79.8272
        ],
        [
          39.707207,
          -9.153783,
          76.941414
        ],
        [
          39.71776,
          -9.148436,
          72.13446
        ],
        [
          39.720398,
          -9.132396,
          59.287636
        ],
        [
          39.709846,
          -9.132396,
          57.265064
        ],
        [
          39.69929,
          -9.137742,
          58.24965
        ],
        [
          39.69929,
          -9.121703,
          49.228184
        ],
        [
          39.68874,
          -9.127049,
          51.691505
        ],
        [
          39.664997,
          -9.124376,
          52.414173
        ],
        [
          39.638615,
          -9.121703,
          75.69386
        ],
        [
          39.63334,
          -9.132396,
          93.51843
        ],
        [
          39.622784,
          -9.124376,
          82.4215
        ],
        [
          39.612232,
          -9.135069,
          101.33629
        ],
        [
          39.606956,
          -9.145762,
          101.51169
        ],
        [
          39.612232,
          -9.156456,
          112.829834
        ],
        [
          39.60168,
          -9.156456,
          93.26796
        ],
        [
          39.591125,
          -9.151109,
          69.775055
        ],
        [
          39.580574,
          -9.161802,
          53.926895
        ],
        [
          39.593765,
          -9.16715,
          80.05667
        ],
        [
          39.577934,
          -9.188536,
          63.725464
        ],
        [
          39.567383,
          -9.183188,
          53.03211
        ],
        [
          39.55683,
          -9.188536,
          48.055546
        ],
        [
          39.564743,
          -9.196555,
          58.638706
        ],
        [
          39.57002,
          -9.223288,
          78.55451
        ],
        [
          39.567383,
          -9.239327,
          85.86707
        ],
        [
          39.559467,
          -9.25002,
          88.122925
        ],
        [
          39.548916,
          -9.25002,
          81.983505
        ],
        [
          39.548916,
          -9.26606,
          88.965935
        ],
        [
          39.55419,
          -9.276752,
          97.46962
        ],
        [
          39.54364,
          -9.276752,
          89.77215
        ],
        [
          39.54364,
          -9.290119,
          94.84418
        ],
        [
          39.548916,
          -9.300812,
          102.3958
        ],
        [
          39.55683,
          -9.290119,
          103.285225
        ],
        [
          39.57087,
          -9.29249,
          110.0299
        ]
      ]
    },
    {
      "route_id": 2,
      "length_km": 76.06,
      "minimum_depth_m": 87.23804,
      "mission_duration_h": 21,
      "mission_duration_m": 55,