{
  "routes": [
    {
      "route_id": 1,
      "length_km": 18.833,
      "minimum_depth_m": 88.965935,
      "mission_duration_h": 5,
      "mission_duration_m": 26,
      "waypoints": [
        [
          39.57266,
          -9.292792,
          110.0299
        ],
        [
          39.5753,
          -9.279426,
          106.43576
        ],
        [
          39.580574,
          -9.268733,
          104.41901
        ],
        [
          39.591125,
          -9.271406,
          117.41994
        ],
        [
          39.59904,
          -9.263387,
          121.00683
        ],
        [
          39.5964,
          -9.25002,
          108.01362
        ],
        [
          39.591125,
          -9.239327,
          98.53941
        ],
        [
          39.580574,
          -9.23398,
          89.39218
        ],
        [
          39.57002,
          -9.26606,
          99.20526
        ],
        [
          39.559467,
          -9.263387,
          93.86364
        ],
        [
          39.548916,
          -9.26606,
          88.965935
        ],
        [
          39.55419,
          -9.276752,
          97.46962
        ],
        [
          39.564743,
          -9.279426,
          102.51209
        ],
        [
          39.55683,
          -9.290119,
          103.285225
        ],
        [
          39.57087,
          -9.29249,
          110.0299
        ]
      ]
    }
  ]
}