strategy,w_STD,w_region,w_boundary,mean_STD_retention,mean_region_B_coverage,mean_specialization,mean_overlap,mean_runtime,mean_score
vehicle_specific_7030,0.7,0.3,0.0,0.8884240737809962,0.11671475187615196,0.5642808506058322,0.027956373873993037,557.5899450778961,0.5855918449880702
vehicle_specific_7030_penalty_both,0.7,0.3,0.0,0.9212776491269631,0.11327880863597278,0.48733146985371906,0.0206590578918344,591.8048140333267,0.5668925861060844
vehicle_specific_8020_penalty_both,0.8,0.2,0.0,0.99043127276932,0.11877672612899283,0.37358986410415834,0.0208614314980446,630.8338654999939,0.5268349675971755
vehicle_specific_8020,0.8,0.2,0.0,1.0219412811917428,0.09690392068549353,0.34325853486855823,0.1076714953183185,559.3509364922842,0.5124785301711087
vehicle_specific_9010_penalty_both,0.9,0.1,0.0,1.0376677318277943,0.09751693139537626,0.28810284385690466,0.02098492175818804,662.4424357666802,0.5052373355352863
vehicle_specific_9010,0.9,0.1,0.0,1.0754647187616526,0.08120133021178642,0.28766895323577857,0.1557703139984255,597.8420900238884,0.4983859077357055
role_swap_of_vehicle_specific_7030_penalty_both,0.7,0.3,0.0,0.9501174426401906,0.1525336789760755,0.06402438879013062,0.025987252825820678,649.5896700799873,0.4949303076193461
baseline_shared_STD,1.0,0.0,0.0,1.0,0.07247462394104634,0.16446980254517662,0.0040152478091101335,325.3367008103265,0.4728847937069996
role_swap_of_vehicle_specific_7030,0.7,0.3,0.0,0.8352267507549619,0.06856810083409207,0.0,0.007941640361203399,689.9089004974085,0.4514476947732414
