descriptor,mean_trajectory_difference,mean_distance_from_baseline,mean_delta_descriptor_score,mean_area_covered,mean_top10_descriptor_path
heterogeneity,0.9457785467128028,8.199091998356339,-70.54079246520996,154.5,0.40841521793902746
boundary,0.9415307635285397,4.0838569239405045,16.802139282226562,155.0,0.13395833333333335
representative_zone,0.8961373994981308,2.7812403031850716,11.770984649658203,152.5,0.4823686247527307
gradient,0.8935955354770131,2.9938974461883707,-113.35252749919891,147.5,0.0
interest,0.892609126984127,2.789365719418534,-54.85054016113281,158.5,0.10608716436937296
