{
  "routes": [
    {
      "route_id": 1,
      "length_km": 76.79,
      "minimum_depth_m": 110.0299,
      "mission_duration_h": 22,
      "mission_duration_m": 10,
      "waypoints": [
        [
          39.57266,
          -9.292792,
          110.0299
        ],
        [
          39.58321,
          -9.330218,
          147.87352
        ],
        [
          39.580574,
          -9.346257,
          161.71019
        ],
        [
          39.591125,
          -9.3516035,
          251.93217
        ],
        [
          39.58321,
          -9.359624,
          191.23468
        ],
        [
          39.57266,
          -9.356951,
          161.5963
        ],
        [
          39.548916,
          -9.36497,
          136.78284
        ],
        [
          39.559467,
          -9.37299,
          178.60858
        ],
        [
          39.55155,
          -9.38101,
          179.72969
        ],
        [
          39.55155,
          -9.394376,
          243.89272
        ],
        [
          39.562107,
          -9.397049,
          314.9088
        ],
        [
          39.57002,
          -9.405069,
          431.26596
        ],
        [
          39.5753,
          -9.391703,
          323.84723
        ],
        [
          39.58321,
          -9.402396,
          477.93973
        ],
        [
          39.593765,
          -9.405069,
          575.24713
        ],
        [
          39.59904,
          -9.415762,
          681.8381
        ],
        [
          39.612232,
          -9.410416,
          694.9873
        ],
        [
          39.604317,
          -9.402396,
          629.1111
        ],
        [
          39.609592,
          -9.391703,
          623.43005
        ],
        [
          39.609592,
          -9.378337,
          558.38556
        ],
        [
          39.620148,
          -9.383683,
          610.4315
        ],
        [
          39.62806,
          -9.391703,
          644.6958
        ],
        [
          39.63334,
          -9.402396,
          629.3696
        ],
        [
          39.64389,
          -9.397049,
          562.4273
        ],
        [
          39.670273,
          -9.410416,
          247.1863
        ],
        [
          39.670273,
          -9.397049,
          265.09366
        ],
        [
          39.691376,
          -9.405069,
          166.4462
        ],
        [
          39.70193,
          -9.410416,
          152.37973
        ],
        [
          39.707207,
          -9.399722,
          150.05301
        ],
        [
          39.720398,
          -9.399722,
          142.16122
        ],
        [
          39.720398,
          -9.386356,
          140.86858
        ],
        [
          39.707207,
          -9.367643,
          145.74135
        ],
        [
          39.70193,
          -9.378337,
          151.51025
        ],
        [
          39.68874,
          -9.3703165,
          171.92664
        ],
        [
          39.680824,
          -9.378337,
          211.44998
        ],
        [
          39.670273,
          -9.37299,
          245.6308
        ],
        [
          39.659718,
          -9.37299,
          334.37912
        ],
        [
          39.65444,
          -9.359624,
          350.9829
        ],
        [
          39.64389,
          -9.354278,
          440.16623
        ],
        [
          39.65444,
          -9.346257,
          310.99445
        ],
        [
          39.664997,
          -9.343584,
          210.47603
        ],
        [
          39.67555,
          -9.335565,
          172.59029
        ],
        [
          39.6861,
          -9.332891,
          151.90408
        ],
        [
          39.696655,
          -9.324871,
          138.75403
        ],
        [
          39.68874,
          -9.316852,
          151.25851
        ],
        [
          39.664997,
          -9.322198,
          204.25172
        ],
        [
          39.65708,
          -9.330218,
          251.28331
        ],
        [
          39.646526,
          -9.335565,
          341.27417
        ],
        [
          39.638615,
          -9.327544,
          382.12747
        ],
        [
          39.62806,
          -9.335565,
          386.06754
        ],
        [
          39.61487,
          -9.335565,
          356.3693
        ],
        [
          39.59904,
          -9.319525,
          215.35081
        ],
        [
          39.574078,
          -9.294229,
          110.0299
        ]
      ]
    }
  ]
}