{
  "routes": [
    {
      "route_id": 1,
      "length_km": 153.913,
      "minimum_depth_m": 67.06075,
      "mission_duration_h": 44,
      "mission_duration_m": 21,
      "waypoints": [
        [
          39.57266,
          -9.292792,
          110.0299
        ],
        [
          39.5753,
          -9.295465,
          111.911865
        ],
        [
          39.58585,
          -9.295465,
          123.24043
        ],
        [
          39.59904,
          -9.306158,
          173.62367
        ],
        [
          39.6307,
          -9.338238,
          405.11307
        ],
        [
          39.64389,
          -9.338238,
          373.19315
        ],
        [
          39.65708,
          -9.324871,
          254.00418
        ],
        [
          39.662357,
          -9.314178,
          229.75081
        ],
        [
          39.67291,
          -9.303485,
          205.29138
        ],
        [
          39.6861,
          -9.322198,
          155.59184
        ],
        [
          39.70193,
          -9.324871,
          137.34625
        ],
        [
          39.694016,
          -9.332891,
          139.56914
        ],
        [
          39.6861,
          -9.343584,
          160.03795
        ],
        [
          39.691376,
          -9.354278,
          154.18164
        ],
        [
          39.683464,
          -9.362297,
          182.66766
        ],
        [
          39.67291,
          -9.359624,
          210.54544
        ],
        [
          39.667633,
          -9.3703165,
          249.80023
        ],
        [
          39.680824,
          -9.375663,
          208.00974
        ],
        [
          39.667633,
          -9.397049,
          277.1588
        ],
        [
          39.649166,
          -9.383683,
          500.24118
        ],
        [
          39.606956,
          -9.391703,
          597.2981
        ],
        [
          39.5964,
          -9.383683,
          444.13446
        ],
        [
          39.604317,
          -9.375663,
          488.5743
        ],
        [
          39.591125,
          -9.3703165,
          322.6421
        ],
        [
          39.580574,
          -9.37299,
          238.45549
        ],
        [
          39.5753,
          -9.386356,
          279.4972
        ],
        [
          39.58585,
          -9.3890295,
          361.09457
        ],
        [
          39.591125,
          -9.399722,
          511.09842
        ],
        [
          39.58321,
          -9.4077425,
          535.85406
        ],
        [
          39.57266,
          -9.402396,
          419.525
        ],
        [
          39.562107,
          -9.399722,
          338.69092
        ],
        [
          39.55683,
          -9.3890295,
          222.4427
        ],
        [
          39.548916,
          -9.397049,
          250.8127
        ],
        [
          39.54364,
          -9.4077425,
          284.81644
        ],
        [
          39.55419,
          -9.410416,
          383.57578
        ],
        [
          39.546276,
          -9.421108,
          392.85455
        ],
        [
          39.562107,
          -9.423781,
          541.31256
        ],
        [
          39.57266,
          -9.418435,
          567.6585
        ],
        [
          39.58321,
          -9.421108,
          638.7078
        ],
        [
          39.591125,
          -9.429129,
          655.16656
        ],
        [
          39.60168,
          -9.423781,
          665.32513
        ],
        [
          39.61487,
          -9.429129,
          611.88293
        ],
        [
          39.6307,
          -9.4264555,
          535.69366
        ],
        [
          39.622784,
          -9.418435,
          640.5441
        ],
        [
          39.612232,
          -9.415762,
          713.18726
        ],
        [
          39.620148,
          -9.405069,
          657.1499
        ],
        [
          39.6307,
          -9.402396,
          634.15936
        ],
        [
          39.64125,
          -9.410416,
          557.81573
        ],
        [
          39.65444,
          -9.4077425,
          405.89542
        ],
        [
          39.664997,
          -9.421108,
          251.64278
        ],
        [
          39.691376,
          -9.423781,
          161.76215
        ],
        [
          39.696655,
          -9.410416,
          155.01892
        ],
        [
          39.707207,
          -9.4077425,
          149.81865
        ],
        [
          39.720398,
          -9.383683,
          140.522
        ],
        [
          39.71776,
          -9.367643,
          139.90236
        ],
        [
          39.707207,
          -9.37299,
          146.95703
        ],
        [
          39.69929,
          -9.36497,
          149.35599
        ],
        [
          39.709846,
          -9.356951,
          141.91267
        ],
        [
          39.70193,
          -9.34893,
          142.97566
        ],
        [
          39.707207,
          -9.338238,
          137.96332
        ],
        [
          39.71776,
          -9.343584,
          135.884
        ],
        [
          39.712482,
          -9.314178,
          133.63918
        ],
        [
          39.71776,
          -9.303485,
          130.95618
        ],
        [
          39.709846,
          -9.292792,
          136.53041
        ],
        [
          39.69929,
          -9.300812,
          139.678
        ],
        [
          39.694016,
          -9.279426,
          156.3827
        ],
        [
          39.68874,
          -9.268733,
          197.48444
        ],
        [
          39.680824,
          -9.258039,
          263.6073
        ],
        [
          39.67291,
          -9.25002,
          331.08902
        ],
        [
          39.67819,
          -9.239327,
          291.2309
        ],
        [
          39.667633,
          -9.23398,
          349.41766
        ],
        [
          39.659718,
          -9.223288,
          314.91718
        ],
        [
          39.64389,
          -9.225961,
          238.01149
        ],
        [
          39.638615,
          -9.215268,
          195.8492
        ],
        [
          39.651806,
          -9.188536,
          194.72261
        ],
        [
          39.62806,
          -9.175169,
          144.34569
        ],
        [
          39.622784,
          -9.164475,
          131.45901
        ],
        [
          39.6307,
          -9.153783,
          126.90954
        ],
        [
          39.64125,
          -9.145762,
          113.21926
        ],
        [
          39.68874,
          -9.153783,
          82.18572
        ],
        [
          39.696655,
          -9.145762,
          67.06075
        ],
        [
          39.707207,
          -9.16715,
          91.73684
        ],
        [
          39.694016,
          -9.172496,
          102.45154
        ],
        [
          39.69929,
          -9.185862,
          122.14542
        ],
        [
          39.68874,
          -9.193882,
          155.04263
        ],
        [
          39.67819,
          -9.199228,
          207.90012
        ],
        [
          39.667633,
          -9.199228,
          247.49681
        ],
        [
          39.670273,
          -9.215268,
          297.42346
        ],
        [
          39.64389,
          -9.244674,
          277.1688
        ],
        [
          39.6307,
          -9.255366,
          236.41425
        ],
        [
          39.620148,
          -9.25002,
          169.89676
        ],
        [
          39.609592,
          -9.25002,
          117.39076
        ],
        [
          39.59904,
          -9.244674,
          106.66133
        ],
        [
          39.562107,
          -9.263387,
          94.92799
        ],
        [
          39.548916,
          -9.268733,
          90.12967
        ],
        [
