{
  "routes": [
    {
      "route_id": 1,
      "length_km": 75.51,
      "minimum_depth_m": 110.0299,
      "mission_duration_h": 21,
      "mission_duration_m": 44,
      "waypoints": [
        [
          39.57266,
          -9.292792,
          110.0299
        ],
        [
          39.58585,
          -9.335565,
          173.61938
        ],
        [
          39.604317,
          -9.375663,
          488.5743
        ],
        [
          39.593765,
          -9.37299,
          363.47772
        ],
        [
          39.580574,
          -9.37299,
          238.45549
        ],
        [
          39.580574,
          -9.386356,
          299.45068
        ],
        [
          39.567383,
          -9.383683,
          239.86378
        ],
        [
          39.548916,
          -9.397049,
          250.8127
        ],
        [
          39.54364,
          -9.4077425,
          284.81644
        ],
        [
          39.564743,
          -9.410416,
          450.30417
        ],
        [
          39.562107,
          -9.423781,
          541.31256
        ],
        [
          39.57266,
          -9.418435,
          567.6585
        ],
        [
          39.58321,
          -9.421108,
          638.7078
        ],
        [
          39.58321,
          -9.4077425,
          535.85406
        ],
        [
          39.57266,
          -9.402396,
          419.525
        ],
        [
          39.58849,
          -9.397049,
          465.05368
        ],
        [
          39.5964,
          -9.3890295,
          472.85767
        ],
        [
          39.606956,
          -9.391703,
          597.2981
        ],
        [
          39.612232,
          -9.405069,
          676.7874
        ],
        [
          39.622784,
          -9.410416,
          654.7551
        ],
        [
          39.620148,
          -9.4264555,
          598.32996
        ],
        [
          39.6307,
          -9.4264555,
          535.69366
        ],
        [
          39.635975,
          -9.415762,
          591.05493
        ],
        [
          39.646526,
          -9.413089,
          487.87756
        ],
        [
          39.64125,
          -9.402396,
          580.603
        ],
        [
          39.6307,
          -9.402396,
          634.15936
        ],
        [
          39.638615,
          -9.3890295,
          653.0472
        ],
        [
          39.649166,
          -9.383683,
          500.24118
        ],
        [
          39.65444,
          -9.397049,
          428.9583
        ],
        [
          39.667633,
          -9.397049,
          277.1588
        ],
        [
          39.6861,
          -9.383683,
          193.5508
        ],
        [
          39.70193,
          -9.37299,
          150.08556
        ],
        [
          39.709846,
          -9.38101,
          147.05954
        ],
        [
          39.720398,
          -9.383683,
          140.522
        ],
        [
          39.720398,
          -9.3703165,
          138.78917
        ],
        [
          39.715122,
          -9.359624,
          139.98685
        ],
        [
          39.71776,
          -9.343584,
          135.884
        ],
        [
          39.715122,
          -9.330218,
          134.33919
        ],
        [
          39.70193,
          -9.324871,
          137.34625
        ],
        [
          39.694016,
          -9.332891,
          139.56914
        ],
        [
          39.6861,
          -9.322198,
          155.59184
        ],
        [
          39.67291,
          -9.330218,
          175.50821
        ],
        [
          39.67819,
          -9.340911,
          173.9928
        ],
        [
          39.667633,
          -9.343584,
          199.67592
        ],
        [
          39.64389,
          -9.338238,
          373.19315
        ],
        [
          39.6307,
          -9.338238,
          405.11307
        ],
        [
          39.622784,
          -9.324871,
          334.93542
        ],
        [
          39.574272,
          -9.293825,
          110.0299
        ]
      ]
    }
  ]
}