{
  "routes": [
    {
      "route_id": 1,
      "length_km": 152.244,
      "minimum_depth_m": 90.41921,
      "mission_duration_h": 44,
      "mission_duration_m": 0,
      "waypoints": [
        [
          39.57266,
          -9.292792,
          110.0299
        ],
        [
          39.58321,
          -9.300812,
          118.56876
        ],
        [
          39.57002,
          -9.311505,
          117.73407
        ],
        [
          39.559467,
          -9.316852,
          114.28608
        ],
        [
          39.562107,
          -9.330218,
          122.42381
        ],
        [
          39.5753,
          -9.327544,
          133.56105
        ],
        [
          39.580574,
          -9.316852,
          128.42369
        ],
        [
          39.604317,
          -9.327544,
          272.19754
        ],
        [
          39.59904,
          -9.338238,
          276.52454
        ],
        [
          39.609592,
          -9.340911,
          368.25522
        ],
        [
          39.604317,
          -9.3516035,
          373.24387
        ],
        [
          39.55683,
          -9.354278,
          130.97086
        ],
        [
          39.546276,
          -9.362297,
          128.2673
        ],
        [
          39.533085,
          -9.362297,
          116.432976
        ],
        [
          39.535725,
          -9.343584,
          109.370316
        ],
        [
          39.55155,
          -9.340911,
          118.113754
        ],
        [
          39.548916,
          -9.324871,
          109.98343
        ],
        [
          39.53836,
          -9.322198,
          102.850525
        ],
        [
          39.54364,
          -9.308832,
          101.699455
        ],
        [
          39.533085,
          -9.306158,
          93.991325
        ],
        [
          39.53836,
          -9.292792,
          92.23598
        ],
        [
          39.55683,
          -9.287446,
          102.356255
        ],
        [
          39.564743,
          -9.279426,
          102.51209
        ],
        [
          39.567383,
          -9.26606,
          98.15689
        ],
        [
          39.5753,
          -9.274079,
          104.45871
        ],
        [
          39.58585,
          -9.276752,
          113.098976
        ],
        [
          39.580574,
          -9.287446,
          111.12169
        ],
        [
          39.591125,
          -9.290119,
          132.11838
        ],
        [
          39.60168,
          -9.287446,
          151.70195
        ],
        [
          39.604317,
          -9.300812,
          179.16084
        ],
        [
          39.593765,
          -9.306158,
          156.28711
        ],
        [
          39.604317,
          -9.314178,
          221.42422
        ],
        [
          39.61487,
          -9.306158,
          234.59976
        ],
        [
          39.638615,
          -9.306158,
          352.12955
        ],
        [
          39.649166,
          -9.308832,
          302.32928
        ],
        [
          39.638615,
          -9.319525,
          370.87827
        ],
        [
          39.62806,
          -9.322198,
          344.58456
        ],
        [
          39.617508,
          -9.330218,
          338.43155
        ],
        [
          39.622784,
          -9.340911,
          400.78052
        ],
        [
          39.63334,
          -9.332891,
          384.90436
        ],
        [
          39.646526,
          -9.335565,
          341.27417
        ],
        [
          39.65444,
          -9.324871,
          271.77182
        ],
        [
          39.67555,
          -9.303485,
          197.01884
        ],
        [
          39.68874,
          -9.298139,
          161.4618
        ],
        [
          39.694016,
          -9.287446,
          151.05046
        ],
        [
          39.6861,
          -9.279426,
          195.43901
        ],
        [
          39.67555,
          -9.284773,
          238.27945
        ],
        [
          39.67819,
          -9.271406,
          252.66165
        ],
        [
          39.68874,
          -9.26606,
          201.71266
        ],
        [
          39.694016,
          -9.252693,
          190.74364
        ],
        [
          39.704567,
          -9.242001,
          170.06827
        ],
        [
          39.715122,
          -9.239327,
          144.55759
        ],
        [
          39.720398,
          -9.25002,
          130.56519
        ],
        [
          39.720398,
          -9.263387,
          129.39427
        ],
        [
          39.69929,
          -9.263387,
          166.94495
        ],
        [
          39.70193,
          -9.276752,
          149.2902
        ],
        [
          39.715122,
          -9.279426,
          133.9646
        ],
        [
          39.720398,
          -9.292792,
          129.22026
        ],
        [
          39.707207,
          -9.287446,
          139.96333
        ],
        [
          39.70193,
          -9.300812,
          138.43529
        ],
        [
          39.712482,
          -9.300812,
          133.4645
        ],
        [
          39.71776,
          -9.314178,
          131.96483
        ],
        [
          39.71776,
          -9.327544,
          133.41243
        ],
        [
          39.709846,
          -9.335565,
          136.53798
        ],
        [
          39.69929,
          -9.327544,
          138.10641
        ],
        [
          39.68874,
          -9.311505,
          152.58954
        ],
        [
          39.67555,
          -9.316852,
          183.14075
        ],
        [
          39.659718,
          -9.306158,
          250.86972
        ],
        [
          39.667633,
          -9.295465,
          244.90434
        ],
        [
          39.65444,
          -9.276752,
          316.79062
        ],
        [
          39.646526,
          -9.268733,
          315.3089
        ],
        [
          39.63334,
          -9.26606,
          274.6184
        ],
        [
          39.63334,
          -9.279426,
          301.41748
        ],
        [
          39.64389,
          -9.290119,
          325.1112
        ],
        [
          39.63334,
          -9.295465,
          318.2934
        ],
        [
          39.622784,
          -9.290119,
          249.71889
        ],
        [
          39.612232,
          -9.287446,
          181.65115
        ],
        [
          39.612232,
          -9.274079,
          158.04301
        ],
        [
          39.622784,
          -9.26606,
          211.39148
        ],
        [
          39.617508,
          -9.252693,
          160.01889
        ],
        [
          39.622784,
          -9.242001,
          172.39105
        ],
        [
          39.63334,
          -9.242001,
          222.66649
        ],
        [
          39.62806,
          -9.252693,
          216.65569
        ],
        [
          39.649166,
          -9.255366,
          311.73193
        ],
        [
          39.659718,
          -9.258039,
          341.03168
        ],
        [
          39.664997,
          -9.271406,
          322.35437
        ],
        [
          39.67291,
          -9.260714,
          306.72668
        ],
        [
          39.683464,
          -9.252693,
          256.90195
        ],
        [
          39.67819,
          -9.242001,
          293.08545
        ],
        [
          39.664997,
          -9.247347,
          374.32346
        ],
        [
          39.65708,
          -9.236654,
          322.7344
        ],
        [
          39.63334,
          -9.225961,
          190.22694
        ],
        [
          39.609592,
          -9.228634,
          103.96586
        ],
        [
          39.612232,
          -9.242001,
          122.1156
        ],
        [
          39.60168,
          -9.244674,
