{
  "routes": [
    {
      "route_id": 1,
      "length_km": 151.754,
      "minimum_depth_m": 104.55076,
      "mission_duration_h": 43,
      "mission_duration_m": 57,
      "waypoints": [
        [
          39.57266,
          -9.292792,
          110.0299
        ],
        [
          39.57002,
          -9.290119,
          108.14328
        ],
        [
          39.55419,
          -9.306158,
          107.684074
        ],
        [
          39.546276,
          -9.319525,
          106.747444
        ],
        [
          39.55683,
          -9.322198,
          114.35202
        ],
        [
          39.55419,
          -9.335565,
          116.91807
        ],
        [
          39.562107,
          -9.343584,
          132.00006
        ],
        [
          39.55155,
          -9.34893,
          122.22616
        ],
        [
          39.54364,
          -9.338238,
          111.965416
        ],
        [
          39.533085,
          -9.335565,
          104.55076
        ],
        [
          39.533085,
          -9.354278,
          111.863075
        ],
        [
          39.54364,
          -9.362297,
          125.900444
        ],
        [
          39.533085,
          -9.367643,
          122.408005
        ],
        [
          39.535725,
          -9.38101,
          143.40045
        ],
        [
          39.546276,
          -9.3890295,
          188.28735
        ],
        [
          39.548916,
          -9.405069,
          305.3232
        ],
        [
          39.54364,
          -9.415762,
          329.62097
        ],
        [
          39.55419,
          -9.418435,
          450.22488
        ],
        [
          39.57266,
          -9.3890295,
          285.80215
        ],
        [
          39.580574,
          -9.38101,
          275.0526
        ],
        [
          39.58321,
          -9.367643,
          226.7635
        ],
        [
          39.57002,
          -9.367643,
          188.12738
        ],
        [
          39.559467,
          -9.37299,
          178.60858
        ],
        [
          39.562107,
          -9.359624,
          144.30144
        ],
        [
          39.57266,
          -9.354278,
          158.66121
        ],
        [
          39.580574,
          -9.346257,
          161.71019
        ],
        [
          39.591125,
          -9.3516035,
          251.93217
        ],
        [
          39.604317,
          -9.3516035,
          373.24387
        ],
        [
          39.61487,
          -9.356951,
          464.26038
        ],
        [
          39.625423,
          -9.34893,
          446.2915
        ],
        [
          39.617508,
          -9.340911,
          389.15488
        ],
        [
          39.62806,
          -9.335565,
          386.06754
        ],
        [
          39.64125,
          -9.316852,
          351.55093
        ],
        [
          39.63334,
          -9.308832,
          336.14948
        ],
        [
          39.63334,
          -9.295465,
          318.2934
        ],
        [
          39.64389,
          -9.287446,
          325.01834
        ],
        [
          39.649166,
          -9.298139,
          305.7396
        ],
        [
          39.65708,
          -9.290119,
          290.82355
        ],
        [
          39.667633,
          -9.295465,
          244.90434
        ],
        [
          39.67819,
          -9.303485,
          188.74629
        ],
        [
          39.68874,
          -9.316852,
          151.25851
        ],
        [
          39.664997,
          -9.316852,
          211.35274
        ],
        [
          39.662357,
          -9.332891,
          211.10893
        ],
        [
          39.65444,
          -9.324871,
          271.77182
        ],
        [
          39.638615,
          -9.343584,
          441.77786
        ],
        [
          39.64389,
          -9.354278,
          440.16623
        ],
        [
          39.65444,
          -9.359624,
          350.9829
        ],
        [
          39.662357,
          -9.3516035,
          250.47917
        ],
        [
          39.67291,
          -9.36497,
          220.26457
        ],
        [
          39.664997,
          -9.375663,
          278.9302
        ],
        [
          39.659718,
          -9.386356,
          373.9185
        ],
        [
          39.646526,
          -9.383683,
          533.7988
        ],
        [
          39.64389,
          -9.397049,
          562.4273
        ],
        [
          39.63334,
          -9.402396,
          629.3696
        ],
        [
          39.62806,
          -9.391703,
          644.6958
        ],
        [
          39.620148,
          -9.383683,
          610.4315
        ],
        [
          39.606956,
          -9.386356,
          571.2911
        ],
        [
          39.59904,
          -9.378337,
          445.87598
        ],
        [
          39.593765,
          -9.3890295,
          444.9169
        ],
        [
          39.60168,
          -9.397049,
          577.6245
        ],
        [
          39.58585,
          -9.413089,
          605.4294
        ],
        [
          39.591125,
          -9.423781,
          654.41534
        ],
        [
          39.60168,
          -9.429129,
          647.01074
        ],
        [
          39.625423,
          -9.423781,
          586.8115
        ],
        [
          39.635975,
          -9.429129,
          482.54126
        ],
        [
          39.64125,
          -9.410416,
          557.81573
        ],
        [
          39.65708,
          -9.405069,
          379.3919
        ],
        [
          39.670273,
          -9.397049,
          265.09366
        ],
        [
          39.680824,
          -9.402396,
          212.5428
        ],
        [
          39.691376,
          -9.399722,
          167.86362
        ],
        [
          39.70193,
          -9.402396,
          153.00223
        ],
        [
          39.709846,
          -9.386356,
          148.17072
        ],
        [
          39.70193,
          -9.378337,
          151.51025
        ],
        [
          39.691376,
          -9.383683,
          168.77112
        ],
        [
          39.680824,
          -9.378337,
          211.44998
        ],
        [
          39.69929,
          -9.36497,
          149.35599
        ],
        [
          39.704567,
          -9.354278,
          143.56584
        ],
        [
          39.696655,
          -9.346257,
          144.01534
        ],
        [
          39.71776,
          -9.335565,
          134.482
        ],
        [
          39.712482,
          -9.324871,
          134.53069
        ],
        [
          39.70193,
          -9.319525,
          137.16707
        ],
        [
          39.715122,
          -9.300812,
          132.22179
        ],
        [
          39.70193,
          -9.300812,
          138.43529
        ],
        [
          39.704567,
          -9.284773,
          143.17839
        ],
        [
          39.71776,
          -9.284773,
          131.11652
        ],
        [
          39.712482,
          -9.274079,
          138.49677
        ],
        [
          39.70193,
          -9.271406,
          154.47456
        ],
        [
          39.691376,
          -9.274079,
          174.48706
        ],
        [
          39.694016,
          -9.287446,
          151.05046
        ],
        [
          39.6861,
          -9.295465,
          174.43211
        ],
        [
          39.670273,
          -9.276752,
          284.41376
        ],
        [
          39.67555,
          -9.26606,
          279.0734
        ],
        [
          39.651806,
          -9.263387,
          319.53983
        ],
        [
          39.65444,
          -9.276752,
          316.79062
        ],
        [
          39.64125,
          -9.274079,
          321.29004
