{
  "routes": [
    {
      "route_id": 1,
      "length_km": 36.166,
      "minimum_depth_m": 91.257866,
      "mission_duration_h": 10,
      "mission_duration_m": 25,
      "waypoints": [
        [
          39.57266,
          -9.292792,
          110.0299
        ],
        [
          39.5753,
          -9.279426,
          106.43576
        ],
        [
          39.58585,
          -9.260714,
          105.54673
        ],
        [
          39.606956,
          -9.236654,
          107.169945
        ],
        [
          39.5964,
          -9.236654,
          100.474106
        ],
        [
          39.5964,
          -9.220614,
          91.887085
        ],
        [
          39.60168,
          -9.204575,
          93.01503
        ],
        [
          39.617508,
          -9.212595,
          124.273125
        ],
        [
          39.62806,
          -9.212595,
          158.7179
        ],
        [
          39.62806,
          -9.196555,
          151.7635
        ],
        [
          39.617508,
          -9.193882,
          121.620926
        ],
        [
          39.62806,
          -9.177842,
          145.23647
        ],
        [
          39.638615,
          -9.172496,
          161.98956
        ],
        [
          39.649166,
          -9.175169,
          167.75098
        ],
        [
          39.64389,
          -9.191209,
          186.16002
        ],
        [
          39.64389,
          -9.204575,
          204.68958
        ],
        [
          39.651806,
          -9.217941,
          262.07428
        ],
        [
          39.64125,
          -9.217941,
          210.76787
        ],
        [
          39.63334,
          -9.228634,
          195.63353
        ],
        [
          39.620148,
          -9.228634,
          143.55235
        ],
        [
          39.617508,
          -9.242001,
          147.25333
        ],
        [
          39.609592,
          -9.25002,
          117.39076
        ],
        [
          39.59904,
          -9.263387,
          121.00683
        ],
        [
          39.580574,
          -9.290119,
          112.02972
        ],
        [
          39.5744,
          -9.292204,
          110.0299
        ]
      ]
    }
  ]
}