{
  "routes": [
    {
      "route_id": 1,
      "length_km": 38.535,
      "minimum_depth_m": 94.84418,
      "mission_duration_h": 11,
      "mission_duration_m": 11,
      "waypoints": [
        [
          39.57266,
          -9.292792,
          110.0299
        ],
        [
          39.567383,
          -9.303485,
          111.76999
        ],
        [
          39.580574,
          -9.308832,
          120.84726
        ],
        [
          39.591125,
          -9.306158,
          147.61882
        ],
        [
          39.5964,
          -9.316852,
          194.71863
        ],
        [
          39.606956,
          -9.322198,
          265.9842
        ],
        [
          39.617508,
          -9.322198,
          308.40402
        ],
        [
          39.61487,
          -9.335565,
          356.3693
        ],
        [
          39.604317,
          -9.335565,
          304.19208
        ],
        [
          39.5964,
          -9.343584,
          274.3446
        ],
        [
          39.609592,
          -9.34893,
          408.3902
        ],
        [
          39.612232,
          -9.362297,
          486.09192
        ],
        [
          39.612232,
          -9.375663,
          554.95233
        ],
        [
          39.604317,
          -9.383683,
          529.24365
        ],
        [
          39.593765,
          -9.386356,
          428.83646
        ],
        [
          39.5964,
          -9.37299,
          391.36273
        ],
        [
          39.58585,
          -9.3516035,
          203.4075
        ],
        [
          39.5753,
          -9.346257,
          153.80736
        ],
        [
          39.564743,
          -9.34893,
          140.27315
        ],
        [
          39.55155,
          -9.343584,
          119.48455
        ],
        [
          39.55419,
          -9.330218,
          114.64339
        ],
        [
          39.548916,
          -9.319525,
          108.34841
        ],
        [
          39.535725,
          -9.306158,
          95.70292
        ],
        [
          39.548916,
          -9.300812,
          102.3958
        ],
        [
          39.54364,
          -9.290119,
          94.84418
        ],
        [
          39.55683,
          -9.290119,
          103.285225
        ],
        [
          39.564743,
          -9.279426,
          102.51209
        ],
        [
          39.5753,
          -9.274079,
          104.45871
        ],
        [
          39.58585,
          -9.279426,
          114.53341
        ],
        [
          39.5753,
          -9.295465,
          111.911865
        ],
        [
          39.574078,
          -9.294229,
          110.0299
        ]
      ]
    }
  ]
}