{
  "n_images": 300,
  "min_merge_distance": 0.5949950513994644,
  "max_merge_distance": 1043.7000803644153,
  "fractions": [
    0.2,
    0.22,
    0.24,
    0.26,
    0.28,
    0.3
  ],
  "sd_values": [
    208.74001607288307,
    229.61401768017137,
    250.48801928745965,
    271.36202089474796,
    292.2360225020363,
    313.11002410932457
  ],
  "patch_w": 72,
  "patch_h": 40,
  "dictionary_size": 4,
  "seed": 11,
  "feature_mode": "raw",
  "include_valid_mask": true,
  "mask_encoding": "concat",
  "standard_scaler_applied": true,
  "ranking_target_classes": 5,
  "default_working_sd_fraction": 0.3
}