{
  "routes": [
    {
      "route_id": 1,
      "length_km": 37.356,
      "minimum_depth_m": 102.51209,
      "mission_duration_h": 10,
      "mission_duration_m": 47,
      "waypoints": [
        [
          39.57266,
          -9.292792,
          110.0299
        ],
        [
          39.564743,
          -9.279426,
          102.51209
        ],
        [
          39.5753,
          -9.279426,
          106.43576
        ],
        [
          39.580574,
          -9.290119,
          112.02972
        ],
        [
          39.60168,
          -9.279426,
          139.77101
        ],
        [
          39.5964,
          -9.268733,
          122.22772
        ],
        [
          39.620148,
          -9.239327,
          156.56822
        ],
        [
          39.62806,
          -9.231307,
          179.3466
        ],
        [
          39.638615,
          -9.228634,
          217.1299
        ],
        [
          39.646526,
          -9.236654,
          272.85654
        ],
        [
          39.64125,
          -9.247347,
          271.31757
        ],
        [
          39.62806,
          -9.25002,
          211.38583
        ],
        [
          39.6307,
          -9.263387,
          253.21231
        ],
        [
          39.620148,
          -9.260714,
          187.0221
        ],
        [
          39.61487,
          -9.271406,
          171.21594
        ],
        [
          39.62806,
          -9.279426,
          267.637
        ],
        [
          39.606956,
          -9.295465,
          177.09703
        ],
        [
          39.60168,
          -9.306158,
          182.29196
        ],
        [
          39.59904,
          -9.322198,
          223.69624
        ],
        [
          39.604317,
          -9.335565,
          304.19208
        ],
        [
          39.5964,
          -9.343584,
          274.3446
        ],
        [
          39.58321,
          -9.343584,
          167.05566
        ],
        [
          39.58321,
          -9.330218,
          147.87352
        ],
        [
          39.58849,
          -9.319525,
          162.58534
        ],
        [
          39.580574,
          -9.308832,
          120.84726
        ],
        [
          39.567383,
          -9.303485,
          111.76999
        ],
        [
          39.57169,
          -9.294754,
          110.0299
        ]
      ]
    }
  ]
}