{
  "routes": [
    {
      "route_id": 1,
      "length_km": 38.397,
      "minimum_depth_m": 102.51209,
      "mission_duration_h": 11,
      "mission_duration_m": 1,
      "waypoints": [
        [
          39.57266,
          -9.292792,
          110.0299
        ],
        [
          39.564743,
          -9.279426,
          102.51209
        ],
        [
          39.5753,
          -9.274079,
          104.45871
        ],
        [
          39.58585,
          -9.279426,
          114.53341
        ],
        [
          39.62806,
          -9.26606,
          243.00494
        ],
        [
          39.62806,
          -9.279426,
          267.637
        ],
        [
          39.64125,
          -9.287446,
          330.8867
        ],
        [
          39.617508,
          -9.303485,
          240.95454
        ],
        [
          39.625423,
          -9.311505,
          304.91095
        ],
        [
          39.617508,
          -9.322198,
          308.40402
        ],
        [
          39.606956,
          -9.322198,
          265.9842
        ],
        [
          39.604317,
          -9.335565,
          304.19208
        ],
        [
          39.5964,
          -9.343584,
          274.3446
        ],
        [
          39.58585,
          -9.3516035,
          203.4075
        ],
        [
          39.5964,
          -9.37299,
          391.36273
        ],
        [
          39.580574,
          -9.37299,
          238.45549
        ],
        [
          39.564743,
          -9.34893,
          140.27315
        ],
        [
          39.5753,
          -9.346257,
          153.80736
        ],
        [
          39.5964,
          -9.316852,
          194.71863
        ],
        [
          39.591125,
          -9.306158,
          147.61882
        ],
        [
          39.580574,
          -9.308832,
          120.84726
        ],
        [
          39.567383,
          -9.303485,
          111.76999
        ],
        [
          39.5753,
          -9.295465,
          111.911865
        ],
        [
          39.574078,
          -9.294229,
          110.0299
        ]
      ]
    }
  ]
}