seed,k,subclass_id,subclass_size,distance_mean,distance_std,distance_q90,distance_max,distance_min,distance_range
71,2,1,99,0.21883203999863732,0.09186071697127346,0.3555848300457001,0.49816957116127014,0.06728014349937439,0.43088942766189575
71,2,2,14,0.2321201153099537,0.08425376572995709,0.31615838408470154,0.4250038266181946,0.11725056916475296,0.3077532574534416
