{
  "routes": [
    {
      "route_id": 1,
      "length_km": 74.407,
      "minimum_depth_m": 100.00999,
      "mission_duration_h": 21,
      "mission_duration_m": 29,
      "waypoints": [
        [
          39.57266,
          -9.292792,
          110.0299
        ],
        [
          39.567383,
          -9.303485,
          111.76999
        ],
        [
          39.55683,
          -9.292792,
          104.214195
        ],
        [
          39.541,
          -9.308832,
          100.00999
        ],
        [
          39.548916,
          -9.319525,
          108.34841
        ],
        [
          39.546276,
          -9.332891,
          111.002716
        ],
        [
          39.55683,
          -9.338238,
          121.324066
        ],
        [
          39.57266,
          -9.362297,
          173.20686
        ],
        [
          39.58321,
          -9.356951,
          187.20485
        ],
        [
          39.593765,
          -9.356951,
          291.73297
        ],
        [
          39.5964,
          -9.37299,
          391.36273
        ],
        [
          39.591125,
          -9.386356,
          400.34555
        ],
        [
          39.577934,
          -9.383683,
          277.77408
        ],
        [
          39.58321,
          -9.394376,
          391.06818
        ],
        [
          39.57266,
          -9.402396,
          419.525
        ],
        [
          39.593765,
          -9.413089,
          640.41223
        ],
        [
          39.59904,
          -9.423781,
          662.5977
        ],
        [
          39.612232,
          -9.405069,
          676.7874
        ],
        [
          39.59904,
          -9.399722,
          573.2143
        ],
        [
          39.612232,
          -9.38101,
          582.49646
        ],
        [
          39.606956,
          -9.3703165,
          489.22522
        ],
        [
          39.617508,
          -9.36497,
          510.31744
        ],
        [
          39.604317,
          -9.335565,
          304.19208
        ],
        [
          39.5964,
          -9.343584,
          274.3446
        ],
        [
          39.58321,
          -9.343584,
          167.05566
        ],
        [
          39.58321,
          -9.330218,
          147.87352
        ],
        [
          39.5753,
          -9.319525,
          127.05723
        ],
        [
          39.580574,
          -9.308832,
          120.84726
        ],
        [
          39.58849,
          -9.319525,
          162.58534
        ],
        [
          39.59904,
          -9.322198,
          223.69624
        ],
        [
          39.60168,
          -9.306158,
          182.29196
        ],
        [
          39.606956,
          -9.295465,
          177.09703
        ],
        [
          39.62806,
          -9.279426,
          267.637
        ],
        [
          39.6307,
          -9.263387,
          253.21231
        ],
        [
          39.62806,
          -9.25002,
          211.38583
        ],
        [
          39.64125,
          -9.247347,
          271.31757
        ],
        [
          39.646526,
          -9.236654,
          272.85654
        ],
        [
          39.65708,
          -9.239327,
          327.04785
        ],
        [
          39.65708,
          -9.225961,
          305.48068
        ],
        [
          39.649166,
          -9.217941,
          249.24768
        ],
        [
          39.64389,
          -9.204575,
          204.68958
        ],
        [
          39.638615,
          -9.215268,
          195.8492
        ],
        [
          39.638615,
          -9.228634,
          217.1299
        ],
        [
          39.62806,
          -9.231307,
          179.3466
        ],
        [
          39.620148,
          -9.239327,
          156.56822
        ],
        [
          39.5964,
          -9.268733,
          122.22772
        ],
        [
          39.60168,
          -9.279426,
          139.77101
        ],
        [
          39.580574,
          -9.290119,
          112.02972
        ],
        [
          39.5753,
          -9.279426,
          106.43576
        ],
        [
          39.564743,
          -9.279426,
          102.51209
        ],
        [
          39.571564,
          -9.290943,
          110.0299
        ]
      ]
    }
  ]
}