{
  "routes": [
    {
      "route_id": 1,
      "length_km": 149.997,
      "minimum_depth_m": 83.676155,
      "mission_duration_h": 43,
      "mission_duration_m": 13,
      "waypoints": [
        [
          39.57266,
          -9.292792,
          110.0299
        ],
        [
          39.577934,
          -9.279426,
          107.41668
        ],
        [
          39.5753,
          -9.26606,
          101.302
        ],
        [
          39.559467,
          -9.242001,
          83.676155
        ],
        [
          39.548916,
          -9.362297,
          130.63417
        ],
        [
          39.535725,
          -9.38101,
          143.40045
        ],
        [
          39.533085,
          -9.418435,
          245.00526
        ],
        [
          39.54364,
          -9.415762,
          329.62097
        ],
        [
          39.55155,
          -9.405069,
          323.044
        ],
        [
          39.564743,
          -9.423781,
          554.8241
        ],
        [
          39.5753,
          -9.418435,
          584.2052
        ],
        [
          39.58585,
          -9.418435,
          638.6765
        ],
        [
          39.593765,
          -9.4264555,
          655.1352
        ],
        [
          39.60168,
          -9.418435,
          683.6396
        ],
        [
          39.612232,
          -9.4264555,
          645.3071
        ],
        [
          39.612232,
          -9.413089,
          704.0873
        ],
        [
          39.622784,
          -9.410416,
          654.7551
        ],
        [
          39.63334,
          -9.415762,
          604.6252
        ],
        [
          39.625423,
          -9.423781,
          586.8115
        ],
        [
          39.635975,
          -9.429129,
          482.54126
        ],
        [
          39.64389,
          -9.418435,
          493.4435
        ],
        [
          39.65444,
          -9.413089,
          394.36395
        ],
        [
          39.65444,
          -9.399722,
          423.1926
        ],
        [
          39.670273,
          -9.397049,
          265.09366
        ],
        [
          39.680824,
          -9.402396,
          212.5428
        ],
        [
          39.670273,
          -9.410416,
          247.1863
        ],
        [
          39.680824,
          -9.415762,
          201.81737
        ],
        [
          39.6861,
          -9.4264555,
          175.43343
        ],
        [
          39.696655,
          -9.421108,
          154.2082
        ],
        [
          39.709846,
          -9.421108,
          148.72433
        ],
        [
          39.720398,
          -9.4264555,
          145.04604
        ],
        [
          39.720398,
          -9.413089,
          143.38786
        ],
        [
          39.709846,
          -9.4077425,
          148.43436
        ],
        [
          39.720398,
          -9.399722,
          142.16122
        ],
        [
          39.720398,
          -9.386356,
          140.86858
        ],
        [
          39.70193,
          -9.399722,
          153.20972
        ],
        [
          39.691376,
          -9.394376,
          169.28102
        ],
        [
          39.69929,
          -9.386356,
          155.47284
        ],
        [
          39.6861,
          -9.383683,
          193.5508
        ],
        [
          39.662357,
          -9.386356,
          339.73444
        ],
        [
          39.651806,
          -9.383683,
          466.68353
        ],
        [
          39.659718,
          -9.37299,
          334.37912
        ],
        [
          39.651806,
          -9.36497,
          398.17365
        ],
        [
          39.664997,
          -9.343584,
          210.47603
        ],
        [
          39.67291,
          -9.335565,
          177.25346
        ],
        [
          39.683464,
          -9.338238,
          160.96733
        ],
        [
          39.68874,
          -9.327544,
          148.59647
        ],
        [
          39.680824,
          -9.319525,
          168.6542
        ],
        [
          39.68874,
          -9.311505,
          152.58954
        ],
        [
          39.683464,
          -9.300812,
          176.30066
        ],
        [
          39.680824,
          -9.260714,
          258.44788
        ],
        [
          39.694016,
          -9.287446,
          151.05046
        ],
        [
          39.704567,
          -9.290119,
          141.18312
        ],
        [
          39.720398,
          -9.306158,
          130.15913
        ],
        [
          39.720398,
          -9.322198,
          132.09618
        ],
        [
          39.709846,
          -9.322198,
          135.04501
        ],
        [
          39.69929,
          -9.327544,
          138.10641
        ],
        [
          39.709846,
          -9.335565,
          136.53798
        ],
        [
          39.696655,
          -9.346257,
          144.01534
        ],
        [
          39.707207,
          -9.34893,
          140.92334
        ],
        [
          39.70193,
          -9.359624,
          146.48102
        ],
        [
          39.707207,
          -9.3703165,
          146.3492
        ],
        [
          39.696655,
          -9.3703165,
          152.3972
        ],
        [
          39.67819,
          -9.356951,
          192.18991
        ],
        [
          39.670273,
          -9.36497,
          228.93651
        ],
        [
          39.651806,
          -9.346257,
          334.91577
        ],
        [
          39.64125,
          -9.343584,
          418.6477
        ],
        [
          39.646526,
          -9.332891,
          330.9031
        ],
        [
          39.638615,
          -9.322198,
          374.628
        ],
        [
          39.625423,
          -9.319525,
          327.88232
        ],
        [
          39.625423,
          -9.332891,
          366.89517
        ],
        [
          39.612232,
          -9.346257,
          404.62885
        ],
        [
          39.625423,
          -9.34893,
          446.2915
        ],
        [
          39.6307,
          -9.359624,
          509.96024
        ],
        [
          39.620148,
          -9.359624,
          488.4846
        ],
        [
          39.609592,
          -9.3703165,
          516.9891
        ],
        [
          39.6307,
          -9.37299,
          576.2501
        ],
        [
          39.638615,
          -9.38101,
          621.5525
        ],
        [
          39.63334,
          -9.391703,
          649.16516
        ],
        [
          39.625423,
          -9.383683,
          619.87354
        ],
        [
          39.612232,
          -9.3890295,
          622.1876
        ],
        [
          39.60168,
          -9.383683,
          500.87393
        ],
        [
          39.593765,
          -9.391703,
          466.6386
        ],
        [
          39.58321,
          -9.386356,
          314.8728
        ],
        [
          39.57266,
          -9.383683,
          258.81894
        ],
        [
          39.567383,
          -9.399722,
          365.7357
        ],
        [
          39.562107,
          -9.386356,
          229.61343
        ],
        [
          39.55155,
          -9.386356,
          193.08075
        ],
        [
          39.55683,
          -9.375663,
          178.83417
        ],
        [
          39.567383,
          -9.367643,
          181.64487
        ],
        [
          39.577934,
          -9.37299,
          230.97462
        ],
        [
          39.591125,
          -9.367643,
          309.69153
        ],
        [
          39.5964,
          -9.356951,
          317.86502
        ],
        [
          39.562107,
          -9.340911,
          129.94984
        ],
        [
          39.57002,
          -9.332891,
          132.33517
        ],
