{
  "routes": [
    {
      "route_id": 1,
      "length_km": 38.57,
      "minimum_depth_m": 97.66989,
      "mission_duration_h": 11,
      "mission_duration_m": 0,
      "waypoints": [
        [
          39.57266,
          -9.292792,
          110.0299
        ],
        [
          39.58321,
          -9.287446,
          113.417755
        ],
        [
          39.591125,
          -9.276752,
          120.70923
        ],
        [
          39.60168,
          -9.274079,
          133.5132
        ],
        [
          39.61487,
          -9.255366,
          149.48203
        ],
        [
          39.635975,
          -9.252693,
          259.13327
        ],
        [
          39.64125,
          -9.242001,
          259.61758
        ],
        [
          39.67291,
          -9.23398,
          318.46973
        ],
        [
          39.694016,
          -9.228634,
          196.57286
        ],
        [
          39.704567,
          -9.220614,
          170.43694
        ],
        [
          39.715122,
          -9.217941,
          143.46014
        ],
        [
          39.709846,
          -9.207248,
          142.77757
        ],
        [
          39.667633,
          -9.223288,
          336.5075
        ],
        [
          39.617508,
          -9.217941,
          125.03089
        ],
        [
          39.606956,
          -9.220614,
          98.07397
        ],
        [
          39.59904,
          -9.231307,
          99.13923
        ],
        [
          39.5964,
          -9.244674,
          104.89618
        ],
        [
          39.57266,
          -9.274079,
          103.45829
        ],
        [
          39.57002,
          -9.287446,
          107.22594
        ],
        [
          39.57169,
          -9.290829,
          110.0299
        ]
      ]
    }
  ]
}