{
  "routes": [
    {
      "route_id": 1,
      "length_km": 31.056,
      "minimum_depth_m": 99.45663,
      "mission_duration_h": 8,
      "mission_duration_m": 56,
      "waypoints": [
        [
          39.57266,
          -9.292792,
          110.0299
        ],
        [
          39.562107,
          -9.274079,
          99.45663
        ],
        [
          39.57266,
          -9.274079,
          103.45829
        ],
        [
          39.59904,
          -9.263387,
          121.00683
        ],
        [
          39.61487,
          -9.263387,
          160.34898
        ],
        [
          39.625423,
          -9.258039,
          212.37718
        ],
        [
          39.622784,
          -9.244674,
          176.07553
        ],
        [
          39.6307,
          -9.236654,
          200.1455
        ],
        [
          39.638615,
          -9.244674,
          253.7664
        ],
        [
          39.64389,
          -9.231307,
          249.19928
        ],
        [
          39.649166,
          -9.244674,
          300.57117
        ],
        [
          39.651806,
          -9.258039,
          319.88486
        ],
        [
          39.662357,
          -9.258039,
          348.0806
        ],
        [
          39.649166,
          -9.276752,
          320.56378
        ],
        [
          39.617508,
          -9.282099,
          204.61812
        ],
        [
          39.606956,
          -9.282099,
          153.00247
        ],
        [
          39.5964,
          -9.276752,
          128.31947
        ],
        [
          39.58321,
          -9.284773,
          112.38755
        ],
        [
          39.58849,
          -9.298139,
          131.84465
        ],
        [
          39.577934,
          -9.303485,
          115.60989
        ],
        [
          39.573627,
          -9.294755,
          110.0299
        ]
      ]
    }
  ]
}