{
  "routes": [
    {
      "route_id": 1,
      "length_km": 35.741,
      "minimum_depth_m": 68.14263,
      "mission_duration_h": 10,
      "mission_duration_m": 1,
      "waypoints": [
        [
          39.57266,
          -9.292792,
          110.0299
        ],
        [
          39.55683,
          -9.220614,
          70.01346
        ],
        [
          39.59904,
          -9.193882,
          88.64979
        ],
        [
          39.61487,
          -9.145762,
          109.82143
        ],
        [
          39.646526,
          -9.151109,
          119.49105
        ],
        [
          39.64125,
          -9.180515,
          170.54643
        ],
        [
          39.609592,
          -9.188536,
          102.879906
        ],
        [
          39.573406,
          -9.290675,
          110.0299
        ]
      ]
    }
  ]
}