{
  "routes": [
    {
      "route_id": 1,
      "length_km": 38.224,
      "minimum_depth_m": 102.51209,
      "mission_duration_h": 11,
      "mission_duration_m": 3,
      "waypoints": [
        [
          39.57266,
          -9.292792,
          110.0299
        ],
        [
          39.5753,
          -9.287446,
          109.17381
        ],
        [
          39.564743,
          -9.279426,
          102.51209
        ],
        [
          39.5753,
          -9.274079,
          104.45871
        ],
        [
          39.58585,
          -9.279426,
          114.53341
        ],
        [
          39.5964,
          -9.276752,
          128.31947
        ],
        [
          39.59904,
          -9.263387,
          121.00683
        ],
        [
          39.612232,
          -9.26606,
          148.16458
        ],
        [
          39.617508,
          -9.255366,
          163.97072
        ],
        [
          39.62806,
          -9.255366,
          221.92554
        ],
        [
          39.63334,
          -9.244674,
          228.07309
        ],
        [
          39.64389,
          -9.244674,
          277.1688
        ],
        [
          39.65444,
          -9.239327,
          314.83447
        ],
        [
          39.651806,
          -9.258039,
          319.88486
        ],
        [
          39.638615,
          -9.263387,
          297.06015
        ],
        [
          39.622784,
          -9.26606,
          211.39148
        ],
        [
          39.609592,
          -9.279426,
          152.38982
        ],
        [
          39.604317,
          -9.290119,
          161.56906
        ],
        [
          39.60168,
          -9.306158,
          182.29196
        ],
        [
          39.591125,
          -9.327544,
          192.67145
        ],
        [
          39.604317,
          -9.335565,
          304.19208
        ],
        [
          39.5964,
          -9.343584,
          274.3446
        ],
        [
          39.58321,
          -9.338238,
          158.99599
        ],
        [
          39.577934,
          -9.327544,
          136.04332
        ],
        [
          39.564743,
          -9.327544,
          123.63197
        ],
        [
          39.55683,
          -9.319525,
          113.43545
        ],
        [
          39.546276,
          -9.311505,
          104.22855
        ],
        [
          39.57108,
          -9.293912,
          110.0299
        ]
      ]
    }
  ]
}