{
  "routes": [
    {
      "route_id": 1,
      "length_km": 38.347,
      "minimum_depth_m": 110.0299,
      "mission_duration_h": 10,
      "mission_duration_m": 59,
      "waypoints": [
        [
          39.57266,
          -9.292792,
          110.0299
        ],
        [
          39.58585,
          -9.295465,
          123.24043
        ],
        [
          39.64389,
          -9.327544,
          345.13214
        ],
        [
          39.65444,
          -9.335565,
          279.0037
        ],
        [
          39.659718,
          -9.324871,
          236.23653
        ],
        [
          39.67555,
          -9.340911,
          179.32224
        ],
        [
          39.680824,
          -9.354278,
          182.16197
        ],
        [
          39.694016,
          -9.36497,
          152.17097
        ],
        [
          39.68874,
          -9.375663,
          175.62036
        ],
        [
          39.67819,
          -9.378337,
          222.77757
        ],
        [
          39.670273,
          -9.386356,
          273.4546
        ],
        [
          39.659718,
          -9.37299,
          334.37912
        ],
        [
          39.670273,
          -9.367643,
          234.50127
        ],
        [
          39.670273,
          -9.354278,
          210.1423
        ],
        [
          39.659718,
          -9.354278,
          282.39816
        ],
        [
          39.649166,
          -9.359624,
          406.73672
        ],
        [
          39.64389,
          -9.34893,
          417.84186
        ],
        [
          39.63334,
          -9.340911,
          424.0318
        ],
        [
          39.62806,
          -9.3516035,
          465.08337
        ],
        [
          39.5964,
          -9.343584,
          274.3446
        ],
        [
          39.593765,
          -9.330218,
          215.11285
        ],
        [
          39.57372,
          -9.294673,
          110.0299
        ]
      ]
    }
  ]
}