{
  "routes": [
    {
      "route_id": 1,
      "length_km": 78.108,
      "minimum_depth_m": 106.09667,
      "mission_duration_h": 22,
      "mission_duration_m": 26,
      "waypoints": [
        [
          39.57266,
          -9.292792,
          110.0299
        ],
        [
          39.57002,
          -9.300812,
          111.81263
        ],
        [
          39.580574,
          -9.300812,
          115.66184
        ],
        [
          39.58585,
          -9.314178,
          141.74928
        ],
        [
          39.564743,
          -9.327544,
          123.63197
        ],
        [
          39.55419,
          -9.330218,
          114.64339
        ],
        [
          39.546276,
          -9.338238,
          113.55793
        ],
        [
          39.535725,
          -9.335565,
          106.09667
        ],
        [
          39.533085,
          -9.354278,
          111.863075
        ],
        [
          39.541,
          -9.362297,
          123.53358
        ],
        [
          39.548916,
          -9.3516035,
          121.771454
        ],
        [
          39.559467,
          -9.34893,
          131.92789
        ],
        [
          39.57002,
          -9.343584,
          143.19066
        ],
        [
          39.612232,
          -9.319525,
          278.73654
        ],
        [
          39.5964,
          -9.308832,
          172.3962
        ],
        [
          39.617508,
          -9.295465,
          227.32838
        ],
        [
          39.622784,
          -9.311505,
          292.72974
        ],
        [
          39.6307,
          -9.303485,
          312.43524
        ],
        [
          39.62806,
          -9.287446,
          277.80438
        ],
        [
          39.638615,
          -9.282099,
          332.6125
        ],
        [
          39.64125,
          -9.295465,
          334.13287
        ],
        [
          39.651806,
          -9.287446,
          307.41333
        ],
        [
          39.646526,
          -9.274079,
          320.0699
        ],
        [
          39.67819,
          -9.258039,
          280.01062
        ],
        [
          39.68874,
          -9.25002,
          227.08194
        ],
        [
          39.69929,
          -9.247347,
          182.60336
        ],
        [
          39.704567,
          -9.258039,
          162.06793
        ],
        [
          39.662357,
          -9.279426,
          304.43445
        ],
        [
          39.667633,
          -9.292792,
          252.59363
        ],
        [
          39.67819,
          -9.290119,
          215.22662
        ],
        [
          39.68874,
          -9.282099,
          178.87886
        ],
        [
          39.69929,
          -9.279426,
          150.77818
        ],
        [
          39.720398,
          -9.268733,
          128.9259
        ],
        [
          39.715122,
          -9.255366,
          141.50563
        ],
        [
          39.720398,
          -9.244674,
          131.12471
        ],
        [
          39.720398,
          -9.225961,
          133.14032
        ],
        [
          39.709846,
          -9.231307,
          158.10907
        ],
        [
          39.69929,
          -9.23398,
          183.47865
        ],
        [
          39.68874,
          -9.231307,
          225.14432
        ],
        [
          39.680824,
          -9.242001,
          276.58176
        ],
        [
          39.659718,
          -9.255366,
          345.0337
        ],
        [
          39.638615,
          -9.263387,
          297.06015
        ],
        [
          39.59904,
          -9.284773,
          142.67677
        ],
        [
          39.58849,
          -9.292792,
          128.10037
        ],
        [
          39.577934,
          -9.279426,
          107.41668
        ],
        [
          39.57002,
          -9.287446,
          107.22594
        ],
        [
          39.57169,
          -9.290829,
          110.0299
        ]
      ]
    }
  ]
}