{
  "routes": [
    {
      "route_id": 1,
      "length_km": 74.361,
      "minimum_depth_m": 53.54419,
      "mission_duration_h": 21,
      "mission_duration_m": 26,
      "waypoints": [
        [
          39.57266,
          -9.292792,
          110.0299
        ],
        [
          39.567383,
          -9.276752,
          102.55765
        ],
        [
          39.567383,
          -9.247347,
          90.213135
        ],
        [
          39.55683,
          -9.244674,
          84.0067
        ],
        [
          39.567383,
          -9.220614,
          75.65338
        ],
        [
          39.55683,
          -9.217941,
          68.14263
        ],
        [
          39.559467,
          -9.204575,
          60.4724
        ],
        [
          39.567383,
          -9.196555,
          60.459618
        ],
        [
          39.58849,
          -9.191209,
          75.72135
        ],
        [
          39.593765,
          -9.180515,
          81.27501
        ],
        [
          39.58849,
          -9.169823,
          70.33487
        ],
        [
          39.59904,
          -9.169823,
          90.26581
        ],
        [
          39.604317,
          -9.180515,
          97.7688
        ],
        [
          39.609592,
          -9.16715,
          111.24202
        ],
        [
          39.620148,
          -9.164475,
          127.51592
        ],
        [
          39.625423,
          -9.153783,
          122.614685
        ],
        [
          39.635975,
          -9.151109,
          126.21187
        ],
        [
          39.64125,
          -9.137742,
          96.597176
        ],
        [
          39.65708,
          -9.124376,
          60.621086
        ],
        [
          39.67555,
          -9.129723,
          55.07732
        ],
        [
          39.70193,
          -9.151109,
          73.75504
        ],
        [
          39.694016,
          -9.159129,
          83.09746
        ],
        [
          39.691376,
          -9.172496,
          107.445946
        ],
        [
          39.70193,
          -9.180515,
          112.687454
        ],
        [
          39.696655,
          -9.191209,
          132.1792
        ],
        [
          39.6861,
          -9.193882,
          163.98735
        ],
        [
          39.664997,
          -9.191209,
          222.89574
        ],
        [
          39.664997,
          -9.177842,
          181.46735
        ],
        [
          39.670273,
          -9.16715,
          139.2192
        ],
        [
          39.680824,
          -9.164475,
          112.72049
        ],
        [
          39.67819,
          -9.151109,
          88.8288
        ],
        [
          39.664997,
          -9.151109,
          102.13939
        ],
        [
          39.667633,
          -9.137742,
          63.106716
        ],
        [
          39.65444,
          -9.137742,
          78.813324
        ],
        [
          39.649166,
          -9.148436,
          110.72024
        ],
        [
          39.651806,
          -9.161802,
          140.6045
        ],
        [
          39.64125,
          -9.164475,
          152.52219
        ],
        [
          39.6307,
          -9.164475,
          143.2883
        ],
        [
          39.635975,
          -9.177842,
          161.71378
        ],
        [
          39.646526,
          -9.177842,
          170.83022
        ],
        [
          39.651806,
          -9.191209,
          199.93591
        ],
        [
          39.59904,
          -9.193882,
          88.64979
        ],
        [
          39.60168,
          -9.207248,
          93.34261
        ],
        [
          39.59904,
          -9.220614,
          93.43381
        ],
        [
          39.577934,
          -9.220614,
          81.2933
        ],
        [
          39.57266,
          -9.231307,
          84.137535
        ],
        [
          39.577934,
          -9.244674,
          93.5222
        ],
        [
          39.580574,
          -9.260714,
          101.35821
        ],
        [
          39.573208,
          -9.290575,
          110.0299
        ]
      ]
    }
  ]
}