{
  "routes": [
    {
      "route_id": 1,
      "length_km": 19.139,
      "minimum_depth_m": 89.77215,
      "mission_duration_h": 5,
      "mission_duration_m": 31,
      "waypoints": [
        [
          39.57266,
          -9.292792,
          110.0299
        ],
        [
          39.567383,
          -9.303485,
          111.76999
        ],
        [
          39.580574,
          -9.308832,
          120.84726
        ],
        [
          39.580574,
          -9.290119,
          112.02972
        ],
        [
          39.60168,
          -9.279426,
          139.77101
        ],
        [
          39.5964,
          -9.268733,
          122.22772
        ],
        [
          39.58585,
          -9.271406,
          110.58156
        ],
        [
          39.5753,
          -9.279426,
          106.43576
        ],
        [
          39.55419,
          -9.276752,
          97.46962
        ],
        [
          39.54364,
          -9.276752,
          89.77215
        ],
        [
          39.54364,
          -9.290119,
          94.84418
        ],
        [
          39.548916,
          -9.300812,
          102.3958
        ],
        [
          39.55683,
          -9.292792,
          104.214195
        ],
        [
          39.57002,
          -9.290119,
          108.14328
        ],
        [
          39.571243,
          -9.291357,
          110.0299
        ]
      ]
    }
  ]
}