{
  "routes": [
    {
      "route_id": 1,
      "length_km": 76.069,
      "minimum_depth_m": 109.97795,
      "mission_duration_h": 21,
      "mission_duration_m": 56,
      "waypoints": [
        [
          39.57266,
          -9.292792,
          110.0299
        ],
        [
          39.58321,
          -9.298139,
          117.53856
        ],
        [
          39.604317,
          -9.335565,
          304.19208
        ],
        [
          39.612232,
          -9.34893,
          418.17865
        ],
        [
          39.622784,
          -9.354278,
          467.2612
        ],
        [
          39.617508,
          -9.36497,
          510.31744
        ],
        [
          39.62806,
          -9.37299,
          571.2401
        ],
        [
          39.64125,
          -9.37299,
          551.7429
        ],
        [
          39.6307,
          -9.346257,
          444.43076
        ],
        [
          39.646526,
          -9.340911,
          362.01627
        ],
        [
          39.667633,
          -9.343584,
          199.67592
        ],
        [
          39.664997,
          -9.356951,
          234.64201
        ],
        [
          39.67555,
          -9.362297,
          207.09012
        ],
        [
          39.680824,
          -9.375663,
          208.00974
        ],
        [
          39.67555,
          -9.386356,
          247.61267
        ],
        [
          39.662357,
          -9.3890295,
          342.85968
        ],
        [
          39.65444,
          -9.397049,
          428.9583
        ],
        [
          39.646526,
          -9.386356,
          544.83875
        ],
        [
          39.635975,
          -9.383683,
          638.75745
        ],
        [
          39.625423,
          -9.3890295,
          642.14166
        ],
        [
          39.61487,
          -9.383683,
          600.98956
        ],
        [
          39.612232,
          -9.397049,
          649.48755
        ],
        [
          39.63334,
          -9.413089,
          609.5741
        ],
        [
          39.638615,
          -9.399722,
          621.2001
        ],
        [
          39.646526,
          -9.4077425,
          501.60507
        ],
        [
          39.651806,
          -9.421108,
          390.96692
        ],
        [
          39.64125,
          -9.4264555,
          461.67255
        ],
        [
          39.6307,
          -9.4264555,
          535.69366
        ],
        [
          39.622784,
          -9.418435,
          640.5441
        ],
        [
          39.612232,
          -9.423781,
          662.56366
        ],
        [
          39.59904,
          -9.423781,
          662.5977
        ],
        [
          39.591125,
          -9.415762,
          652.28186
        ],
        [
          39.580574,
          -9.421108,
          626.59595
        ],
        [
          39.567383,
          -9.423781,
          568.33563
        ],
        [
          39.559467,
          -9.415762,
          463.41748
        ],
        [
          39.559467,
          -9.402396,
          348.21005
        ],
        [
          39.548916,
          -9.397049,
          250.8127
        ],
        [
          39.55683,
          -9.3890295,
          222.4427
        ],
        [
          39.567383,
          -9.3890295,
          264.68234
        ],
        [
          39.57266,
          -9.378337,
          237.41592
        ],
        [
          39.58321,
          -9.38101,
          289.6987
        ],
        [
          39.57002,
          -9.402396,
          405.262
        ],
        [
          39.580574,
          -9.4077425,
          520.24677
        ],
        [
          39.604317,
          -9.383683,
          529.24365
        ],
        [
          39.606956,
          -9.3703165,
          489.22522
        ],
        [
          39.593765,
          -9.37299,
          363.47772
        ],
        [
          39.57266,
          -9.362297,
          173.20686
        ],
        [
          39.562107,
          -9.343584,
          132.00006
        ],
        [
          39.5753,
          -9.308832,
          118.38546
        ],
        [
          39.57002,
          -9.295465,
          109.97795
        ],
        [
          39.571243,
          -9.294229,
          110.0299
        ]
      ]
    }
  ]
}