{
  "depth": 12,
  "vmin": 14.49639342571581,
  "vmax": 18.87260124054161,
  "nx": 112,
  "ny": 64,
  "z_max": 300,
  "source_file": "data/2024/tempIBHRes2024_12.gslib",
  "percentiles": {
    "low": 2,
    "high": 98
  }
}