{
  "depth": 14,
  "vmin": 14.435254283478113,
  "vmax": 18.529323046875,
  "nx": 112,
  "ny": 64,
  "z_max": 300,
  "source_file": "data/2024/tempIBHRes2024_14.gslib",
  "percentiles": {
    "low": 2,
    "high": 98
  }
}