{
  "depth": 3,
  "vmin": 14.601548922659026,
  "vmax": 19.35253873917863,
  "nx": 112,
  "ny": 64,
  "z_max": 300,
  "source_file": "data/2024/tempIBHRes2024_3.gslib",
  "percentiles": {
    "low": 2,
    "high": 98
  }
}