{
  "depth": 10,
  "vmin": 14.539547038904404,
  "vmax": 19.001082005340574,
  "nx": 112,
  "ny": 64,
  "z_max": 300,
  "source_file": "data/2024/tempIBHRes2024_10.gslib",
  "percentiles": {
    "low": 2,
    "high": 98
  }
}