{
  "depth": 4,
  "vmin": 14.598744419642857,
  "vmax": 19.31384236470769,
  "nx": 112,
  "ny": 64,
  "z_max": 300,
  "source_file": "data/2024/tempIBHRes2024_4.gslib",
  "percentiles": {
    "low": 2,
    "high": 98
  }
}