{
  "depth": 16,
  "vmin": 14.313890294777961,
  "vmax": 17.860217195782404,
  "nx": 112,
  "ny": 64,
  "z_max": 300,
  "source_file": "data/2024/tempIBHRes2024_16.gslib",
  "percentiles": {
    "low": 2,
    "high": 98
  }
}