{
  "depth": 13,
  "vmin": 14.476943160414898,
  "vmax": 18.742596826171877,
  "nx": 112,
  "ny": 64,
  "z_max": 300,
  "source_file": "data/2024/tempIBHRes2024_13.gslib",
  "percentiles": {
    "low": 2,
    "high": 98
  }
}