{
  "depth": 17,
  "vmin": 14.23052016370491,
  "vmax": 17.349356961865233,
  "nx": 112,
  "ny": 64,
  "z_max": 300,
  "source_file": "data/2024/tempIBHRes2024_17.gslib",
  "percentiles": {
    "low": 2,
    "high": 98
  }
}