{
  "depth": 2,
  "vmin": 14.602248043304385,
  "vmax": 19.388704385080647,
  "nx": 112,
  "ny": 64,
  "z_max": 300,
  "source_file": "data/2024/tempIBHRes2024_2.gslib",
  "percentiles": {
    "low": 2,
    "high": 98
  }
}