{
  "depth": 11,
  "vmin": 14.520384952133886,
  "vmax": 18.95338725860253,
  "nx": 112,
  "ny": 64,
  "z_max": 300,
  "source_file": "data/2024/tempIBHRes2024_11.gslib",
  "percentiles": {
    "low": 2,
    "high": 98
  }
}