{
  "depth": 5,
  "vmin": 14.592361240641276,
  "vmax": 19.25867525606377,
  "nx": 112,
  "ny": 64,
  "z_max": 300,
  "source_file": "data/2024/tempIBHRes2024_5.gslib",
  "percentiles": {
    "low": 2,
    "high": 98
  }
}