{
  "routes": [
    {
      "route_id": 1,
      "length_km": 78.068,
      "minimum_depth_m": 104.55076,
      "mission_duration_h": 22,
      "mission_duration_m": 19,
      "waypoints": [
        [
          39.57266,
          -9.292792,
          110.0299
        ],
        [
          39.5753,
          -9.308832,
          118.38546
        ],
        [
          39.593765,
          -9.295465,
          143.43666
        ],
        [
          39.604317,
          -9.308832,
          201.1149
        ],
        [
          39.593765,
          -9.314178,
          175.89569
        ],
        [
          39.57266,
          -9.322198,
          127.10043
        ],
        [
          39.564743,
          -9.314178,
          116.36761
        ],
        [
          39.54364,
          -9.335565,
          110.73441
        ],
        [
          39.533085,
          -9.335565,
          104.55076
        ],
        [
          39.54364,
          -9.34893,
          116.88945
        ],
        [
          39.564743,
          -9.340911,
          133.45882
        ],
        [
          39.5964,
          -9.327544,
          224.48187
        ],
        [
          39.62806,
          -9.311505,
          317.09216
        ],
        [
          39.61487,
          -9.300812,
          221.82811
        ],
        [
          39.646526,
          -9.284773,
          320.04633
        ],
        [
          39.65444,
          -9.276752,
          316.79062
        ],
        [
          39.659718,
          -9.287446,
          289.80832
        ],
        [
          39.651806,
          -9.295465,
          298.78918
        ],
        [
          39.65708,
          -9.306158,
          263.5272
        ],
        [
          39.67819,
          -9.290119,
          215.22662
        ],
        [
          39.664997,
          -9.268733,
          328.90942
        ],
        [
          39.67555,
          -9.263387,
          284.85358
        ],
        [
          39.68874,
          -9.282099,
          178.87886
        ],
        [
          39.69929,
          -9.276752,
          152.29974
        ],
        [
          39.6861,
          -9.255366,
          235.33923
        ],
        [
          39.694016,
          -9.247347,
          195.54501
        ],
        [
          39.709846,
          -9.268733,
          145.0064
        ],
        [
          39.720398,
          -9.260714,
          129.62845
        ],
        [
          39.704567,
          -9.239327,
          170.27155
        ],
        [
          39.715122,
          -9.23398,
          145.07703
        ],
        [
          39.720398,
          -9.217941,
          131.93608
        ],
        [
          39.68874,
          -9.236654,
          226.10747
        ],
        [
          39.646526,
          -9.260714,
          308.16745
        ],
        [
          39.635975,
          -9.255366,
          265.39166
        ],
        [
          39.635975,
          -9.268733,
          296.6835
        ],
        [
          39.604317,
          -9.287446,
          157.17113
        ],
        [
          39.5964,
          -9.279426,
          131.35849
        ],
        [
          39.58585,
          -9.287446,
          118.886925
        ],
        [
          39.5753,
          -9.284773,
          108.26113
        ],
        [
          39.57336,
          -9.29065,
          110.0299
        ]
      ]
    }
  ]
}