{
  "routes": [
    {
      "route_id": 1,
      "length_km": 76.696,
      "minimum_depth_m": 57.89406,
      "mission_duration_h": 22,
      "mission_duration_m": 5,
      "waypoints": [
        [
          39.57266,
          -9.292792,
          110.0299
        ],
        [
          39.577934,
          -9.282099,
          108.327034
        ],
        [
          39.58849,
          -9.276752,
          116.904106
        ],
        [
          39.59904,
          -9.268733,
          125.45394
        ],
        [
          39.606956,
          -9.260714,
          126.7252
        ],
        [
          39.59904,
          -9.236654,
          102.14807
        ],
        [
          39.604317,
          -9.225961,
          99.235115
        ],
        [
          39.609592,
          -9.236654,
          108.84391
        ],
        [
          39.620148,
          -9.239327,
          156.56822
        ],
        [
          39.61487,
          -9.25002,
          142.23738
        ],
        [
          39.65444,
          -9.252693,
          329.83185
        ],
        [
          39.67555,
          -9.25002,
          313.75452
        ],
        [
          39.6861,
          -9.247347,
          245.22397
        ],
        [
          39.691376,
          -9.236654,
          210.29025
        ],
        [
          39.70193,
          -9.23398,
          177.07838
        ],
        [
          39.707207,
          -9.220614,
          164.23639
        ],
        [
          39.696655,
          -9.223288,
          190.5227
        ],
        [
          39.691376,
          -9.209921,
          183.01697
        ],
        [
          39.715122,
          -9.201901,
          130.41246
        ],
        [
          39.720398,
          -9.185862,
          111.28256
        ],
        [
          39.68874,
          -9.193882,
          155.04263
        ],
        [
          39.667633,
          -9.201901,
          257.945
        ],
        [
          39.664997,
          -9.220614,
          336.74402
        ],
        [
          39.67555,
          -9.220614,
          289.93146
        ],
        [
          39.6861,
          -9.223288,
          237.80058
        ],
        [
          39.680824,
          -9.23398,
          272.04782
        ],
        [
          39.670273,
          -9.239327,
          339.7123
        ],
        [
          39.649166,
          -9.242001,
          295.48944
        ],
        [
          39.64125,
          -9.23398,
          242.06763
        ],
        [
          39.646526,
          -9.223288,
          246.16753
        ],
        [
          39.625423,
          -9.220614,
          152.99876
        ],
        [
          39.622784,
          -9.207248,
          139.95757
        ],
        [
          39.61487,
          -9.215268,
          115.845764
        ],
        [
          39.604317,
          -9.209921,
          95.82019
        ],
        [
          39.617508,
          -9.188536,
          122.1311
        ],
        [
          39.593765,
          -9.169823,
          80.30034
        ],
        [
          39.58321,
          -9.172496,
          61.472347
        ],
        [
          39.5753,
          -9.180515,
          57.89406
        ],
        [
          39.58321,
          -9.207248,
          77.236916
        ],
        [
          39.5753,
          -9.217941,
          78.3321
        ],
        [
          39.58585,
          -9.231307,
          91.07341
        ],
        [
          39.5753,
          -9.23398,
          86.82319
        ],
        [
          39.567383,
          -9.244674,
          88.76445
        ],
        [
          39.577934,
          -9.247347,
          94.87583
        ],
        [
          39.58849,
          -9.244674,
          99.600716
        ],
        [
          39.591125,
          -9.258039,
          109.1967
        ],
        [
          39.57002,
          -9.274079,
          102.45788
        ],
        [
          39.567383,
          -9.290119,
          107.17167
        ],
        [
          39.57098,
          -9.291942,
          110.0299
        ]
      ]
    }
  ]
}