{
  "routes": [
    {
      "route_id": 1,
      "length_km": 76.924,
      "minimum_depth_m": 108.001396,
      "mission_duration_h": 22,
      "mission_duration_m": 14,
      "waypoints": [
        [
          39.57266,
          -9.292792,
          110.0299
        ],
        [
          39.57002,
          -9.290119,
          108.14328
        ],
        [
          39.562107,
          -9.298139,
          108.001396
        ],
        [
          39.593765,
          -9.308832,
          162.8233
        ],
        [
          39.591125,
          -9.322198,
          181.4083
        ],
        [
          39.59904,
          -9.332891,
          257.24667
        ],
        [
          39.622784,
          -9.324871,
          334.93542
        ],
        [
          39.62806,
          -9.335565,
          386.06754
        ],
        [
          39.625423,
          -9.34893,
          446.2915
        ],
        [
          39.61487,
          -9.356951,
          464.26038
        ],
        [
          39.604317,
          -9.3516035,
          373.24387
        ],
        [
          39.591125,
          -9.3516035,
          251.93217
        ],
        [
          39.580574,
          -9.346257,
          161.71019
        ],
        [
          39.57266,
          -9.354278,
          158.66121
        ],
        [
          39.562107,
          -9.359624,
          144.30144
        ],
        [
          39.57002,
          -9.367643,
          188.12738
        ],
        [
          39.58321,
          -9.367643,
          226.7635
        ],
        [
          39.593765,
          -9.36497,
          324.26245
        ],
        [
          39.59904,
          -9.378337,
          445.87598
        ],
        [
          39.606956,
          -9.386356,
          571.2911
        ],
        [
          39.620148,
          -9.383683,
          610.4315
        ],
        [
          39.62806,
          -9.391703,
          644.6958
        ],
        [
          39.63334,
          -9.402396,
          629.3696
        ],
        [
          39.64389,
          -9.397049,
          562.4273
        ],
        [
          39.646526,
          -9.383683,
          533.7988
        ],
        [
          39.65444,
          -9.375663,
          405.64377
        ],
        [
          39.680824,
          -9.378337,
          211.44998
        ],
        [
          39.691376,
          -9.383683,
          168.77112
        ],
        [
          39.6861,
          -9.354278,
          168.17181
        ],
        [
          39.67291,
          -9.34893,
          195.74901
        ],
        [
          39.662357,
          -9.3516035,
          250.47917
        ],
        [
          39.651806,
          -9.346257,
          334.91577
        ],
        [
          39.646526,
          -9.335565,
          341.27417
        ],
        [
          39.65444,
          -9.324871,
          271.77182
        ],
        [
          39.664997,
          -9.316852,
          211.35274
        ],
        [
          39.68874,
          -9.316852,
          151.25851
        ],
        [
          39.70193,
          -9.319525,
          137.16707
        ],
        [
          39.715122,
          -9.300812,
          132.22179
        ],
        [
          39.71776,
          -9.284773,
          131.11652
        ],
        [
          39.712482,
          -9.274079,
          138.49677
        ],
        [
          39.704567,
          -9.284773,
          143.17839
        ],
        [
          39.694016,
          -9.287446,
          151.05046
        ],
        [
          39.6861,
          -9.295465,
          174.43211
        ],
        [
          39.67819,
          -9.287446,
          220.52269
        ],
        [
          39.667633,
          -9.295465,
          244.90434
        ],
        [
          39.65708,
          -9.290119,
          290.82355
        ],
        [
          39.649166,
          -9.298139,
          305.7396
        ],
        [
          39.64125,
          -9.274079,
          321.29004
        ],
        [
          39.63334,
          -9.282099,
          304.23013
        ],
        [
          39.622784,
          -9.290119,
          249.71889
        ],
        [
          39.620148,
          -9.276752,
          212.71008
        ],
        [
          39.609592,
          -9.279426,
          152.38982
        ],
        [
          39.59904,
          -9.279426,
          135.56474
        ],
        [
          39.574333,
          -9.291943,
          110.0299
        ]
      ]
    }
  ]
}