{
  "routes": [
    {
      "route_id": 1,
      "length_km": 36.973,
      "minimum_depth_m": 79.53773,
      "mission_duration_h": 10,
      "mission_duration_m": 37,
      "waypoints": [
        [
          39.57266,
          -9.292792,
          110.0299
        ],
        [
          39.5753,
          -9.279426,
          106.43576
        ],
        [
          39.59904,
          -9.263387,
          121.00683
        ],
        [
          39.609592,
          -9.25002,
          117.39076
        ],
        [
          39.606956,
          -9.236654,
          107.169945
        ],
        [
          39.617508,
          -9.228634,
          133.13611
        ],
        [
          39.617508,
          -9.215268,
          124.65201
        ],
        [
          39.62806,
          -9.212595,
          158.7179
        ],
        [
          39.649166,
          -9.217941,
          249.24768
        ],
        [
          39.64389,
          -9.204575,
          204.68958
        ],
        [
          39.64389,
          -9.191209,
          186.16002
        ],
        [
          39.6307,
          -9.180515,
          151.91335
        ],
        [
          39.638615,
          -9.172496,
          161.98956
        ],
        [
          39.62806,
          -9.164475,
          139.34521
        ],
        [
          39.620148,
          -9.172496,
          128.73962
        ],
        [
          39.609592,
          -9.196555,
          100.74454
        ],
        [
          39.593765,
          -9.191209,
          82.24967
        ],
        [
          39.58321,
          -9.217941,
          82.770164
        ],
        [
          39.580574,
          -9.23398,
          89.39218
        ],
        [
          39.591125,
          -9.239327,
          98.53941
        ],
        [
          39.562107,
          -9.263387,
          94.92799
        ],
        [
          39.564743,
          -9.279426,
          102.51209
        ],
        [
          39.571564,
          -9.290943,
          110.0299
        ]
      ]
    }
  ]
}