{
  "routes": [
    {
      "route_id": 1,
      "length_km": 77.838,
      "minimum_depth_m": 98.11719,
      "mission_duration_h": 22,
      "mission_duration_m": 16,
      "waypoints": [
        [
          39.57266,
          -9.292792,
          110.0299
        ],
        [
          39.5753,
          -9.298139,
          112.82455
        ],
        [
          39.564743,
          -9.303485,
          110.81001
        ],
        [
          39.54364,
          -9.306158,
          100.8377
        ],
        [
          39.535725,
          -9.316852,
          99.41543
        ],
        [
          39.533085,
          -9.338238,
          105.595375
        ],
        [
          39.55155,
          -9.322198,
          110.74477
        ],
        [
          39.562107,
          -9.322198,
          118.601494
        ],
        [
          39.604317,
          -9.308832,
          201.1149
        ],
        [
          39.65708,
          -9.292792,
          285.97046
        ],
        [
          39.667633,
          -9.287446,
          267.97223
        ],
        [
          39.67819,
          -9.287446,
          220.52269
        ],
        [
          39.683464,
          -9.298139,
          180.40012
        ],
        [
          39.694016,
          -9.295465,
          145.71823
        ],
        [
          39.68874,
          -9.284773,
          175.97603
        ],
        [
          39.709846,
          -9.282099,
          138.96138
        ],
        [
          39.715122,
          -9.292792,
          132.87534
        ],
        [
          39.720398,
          -9.279426,
          128.36008
        ],
        [
          39.720398,
          -9.263387,
          129.39427
        ],
        [
          39.715122,
          -9.252693,
          142.41353
        ],
        [
          39.709846,
          -9.263387,
          148.1696
        ],
        [
          39.68874,
          -9.263387,
          205.94087
        ],
        [
          39.683464,
          -9.274079,
          218.10994
        ],
        [
          39.67819,
          -9.260714,
          274.54083
        ],
        [
          39.664997,
          -9.260714,
          348.57452
        ],
        [
          39.670273,
          -9.271406,
          297.21573
        ],
        [
          39.649166,
          -9.282099,
          317.0527
        ],
        [
          39.62806,
          -9.287446,
          277.80438
        ],
        [
          39.58585,
          -9.295465,
          123.24043
        ],
        [
          39.577934,
          -9.279426,
          107.41668
        ],
        [
          39.58849,
          -9.271406,
          114.00075
        ],
        [
          39.64125,
          -9.26606,
          306.48956
        ],
        [
          39.651806,
          -9.268733,
          319.19476
        ],
        [
          39.651806,
          -9.255366,
          320.05737
        ],
        [
          39.64125,
          -9.252693,
          281.8221
        ],
        [
          39.58849,
          -9.258039,
          106.742355
        ],
        [
          39.577934,
          -9.255366,
          98.20537
        ],
        [
          39.562107,
          -9.271406,
          98.32447
        ],
        [
          39.55683,
          -9.284773,
          101.427284
        ],
        [
          39.567383,
          -9.287446,
          106.25201
        ],
        [
          39.571243,
          -9.291356,
          110.0299
        ]
      ]
    }
  ]
}