{
  "routes": [
    {
      "route_id": 1,
      "length_km": 35.382,
      "minimum_depth_m": 44.365997,
      "mission_duration_h": 10,
      "mission_duration_m": 10,
      "waypoints": [
        [
          39.57266,
          -9.292792,
          110.0299
        ],
        [
          39.564743,
          -9.279426,
          102.51209
        ],
        [
          39.562107,
          -9.263387,
          94.92799
        ],
        [
          39.567383,
          -9.25002,
          91.555756
        ],
        [
          39.567383,
          -9.23398,
          82.9697
        ],
        [
          39.562107,
          -9.215268,
          69.27439
        ],
        [
          39.541,
          -9.215268,
          56.52861
        ],
        [
          39.53836,
          -9.201901,
          45.435852
        ],
        [
          39.55155,
          -9.201901,
          53.577564
        ],
        [
          39.562107,
          -9.196555,
          56.817795
        ],
        [
          39.55683,
          -9.185862,
          46.441933
        ],
        [
          39.562107,
          -9.175169,
          44.365997
        ],
        [
          39.577934,
          -9.191209,
          64.970245
        ],
        [
          39.58321,
          -9.180515,
          64.78121
        ],
        [
          39.580574,
          -9.164475,
          54.974762
        ],
        [
          39.58585,
          -9.153783,
          59.715454
        ],
        [
          39.593765,
          -9.161802,
          78.65666
        ],
        [
          39.593765,
          -9.175169,
          80.787674
        ],
        [
          39.58321,
          -9.201901,
          74.47029
        ],
        [
          39.57266,
          -9.207248,
          70.48895
        ],
        [
          39.57266,
          -9.223288,
          79.93406
        ],
        [
          39.580574,
          -9.23398,
          89.39218
        ],
        [
          39.572968,
          -9.2905,
          110.0299
        ]
      ]
    }
  ]
}