{
  "routes": [
    {
      "route_id": 1,
      "length_km": 149.348,
      "minimum_depth_m": 41.656094,
      "mission_duration_h": 43,
      "mission_duration_m": 4,
      "waypoints": [
        [
          39.57266,
          -9.292792,
          110.0299
        ],
        [
          39.5753,
          -9.295465,
          111.911865
        ],
        [
          39.5753,
          -9.308832,
          118.38546
        ],
        [
          39.559467,
          -9.308832,
          111.00005
        ],
        [
          39.548916,
          -9.319525,
          108.34841
        ],
        [
          39.55683,
          -9.327544,
          116.185165
        ],
        [
          39.567383,
          -9.327544,
          126.11424
        ],
        [
          39.58321,
          -9.343584,
          167.05566
        ],
        [
          39.58321,
          -9.330218,
          147.87352
        ],
        [
          39.606956,
          -9.324871,
          277.0435
        ],
        [
          39.617508,
          -9.327544,
          328.42236
        ],
        [
          39.622784,
          -9.311505,
          292.72974
        ],
        [
          39.617508,
          -9.282099,
          204.61812
        ],
        [
          39.625423,
          -9.274079,
          242.01924
        ],
        [
          39.635975,
          -9.274079,
          309.20023
        ],
        [
          39.62806,
          -9.25002,
          211.38583
        ],
        [
          39.64389,
          -9.23398,
          254.79318
        ],
        [
          39.64125,
          -9.220614,
          213.70438
        ],
        [
          39.64389,
          -9.204575,
          204.68958
        ],
        [
          39.63334,
          -9.207248,
          172.84198
        ],
        [
          39.635975,
          -9.188536,
          168.8009
        ],
        [
          39.625423,
          -9.183188,
          140.93823
        ],
        [
          39.61487,
          -9.188536,
          115.46399
        ],
        [
          39.609592,
          -9.199228,
          100.61967
        ],
        [
          39.604317,
          -9.188536,
          95.92194
        ],
        [
          39.593765,
          -9.191209,
          82.24967
        ],
        [
          39.591125,
          -9.207248,
          84.13936
        ],
        [
          39.580574,
          -9.201901,
          72.48398
        ],
        [
          39.577934,
          -9.215268,
          78.28218
        ],
        [
          39.58585,
          -9.223288,
          87.01612
        ],
        [
          39.580574,
          -9.23398,
          89.39218
        ],
        [
          39.57002,
          -9.23398,
          84.254196
        ],
        [
          39.562107,
          -9.225961,
          75.91207
        ],
        [
          39.564743,
          -9.209921,
          67.30798
        ],
        [
          39.53836,
          -9.212595,
          52.99537
        ],
        [
          39.53836,
          -9.196555,
          41.656094
        ],
        [
          39.57002,
          -9.199228,
          63.923065
        ],
        [
          39.562107,
          -9.175169,
          44.365997
        ],
        [
          39.57266,
          -9.180515,
          55.79701
        ],
        [
          39.58321,
          -9.180515,
          64.78121
        ],
        [
          39.58321,
          -9.16715,
          59.266438
        ],
        [
          39.57266,
          -9.16715,
          49.112053
        ],
        [
          39.57266,
          -9.153783,
          42.908344
        ],
        [
          39.580574,
          -9.143089,
          46.591824
        ],
        [
          39.591125,
          -9.140416,
          66.25097
        ],
        [
          39.58585,
          -9.153783,
          59.715454
        ],
        [
          39.59904,
          -9.156456,
          87.83525
        ],
        [
          39.593765,
          -9.16715,
          80.05667
        ],
        [
          39.59904,
          -9.177842,
          89.70788
        ],
        [
          39.609592,
          -9.177842,
          107.06097
        ],
        [
          39.620148,
          -9.172496,
          128.73962
        ],
        [
          39.62806,
          -9.164475,
          139.34521
        ],
        [
          39.638615,
          -9.172496,
          161.98956
        ],
        [
          39.649166,
          -9.175169,
          167.75098
        ],
        [
          39.651806,
          -9.156456,
          127.56897
        ],
        [
          39.638615,
          -9.156456,
          137.70535
        ],
        [
          39.638615,
          -9.143089,
          110.76066
        ],
        [
          39.622784,
          -9.145762,
          112.22344
        ],
        [
          39.609592,
          -9.164475,
          111.419586
        ],
        [
          39.609592,
          -9.148436,
          107.71262
        ],
        [
          39.61487,
          -9.137742,
          105.2328
        ],
        [
          39.6307,
          -9.11903,
          72.99609
        ],
        [
          39.638615,
          -9.127049,
          83.84722
        ],
        [
          39.651806,
          -9.124376,
          66.09236
        ],
        [
          39.651806,
          -9.137742,
          82.370094
        ],
        [
          39.662357,
          -9.135069,
          65.54437
        ],
        [
          39.664997,
          -9.11903,
          47.54535
        ],
        [
          39.71776,
          -9.11903,
          50.668682
        ],
        [
          39.720398,
          -9.135069,
          60.927307
        ],
        [
          39.712482,
          -9.145762,
          68.94809
        ],
        [
          39.70193,
          -9.143089,
          64.65727
        ],
        [
          39.707207,
          -9.132396,
          56.759422
        ],
        [
          39.6861,
          -9.132396,
          55.38245
        ],
        [
          39.67555,
          -9.137742,
          61.26472
        ],
        [
          39.67555,
          -9.151109,
          91.50237
        ],
        [
          39.664997,
          -9.153783,
          109.78599
        ],
        [
          39.67291,
          -9.164475,
          127.050354
        ],
        [
          39.664997,
          -9.172496,
          164.896
        ],
        [
          39.664997,
          -9.185862,
          206.32439
        ],
        [
          39.67555,
          -9.191209,
          192.52426
        ],
        [
          39.680824,
          -9.180515,
          150.1205
        ],
        [
          39.691376,
          -9.172496,
          107.445946
        ],
        [
          39.683464,
          -9.161802,
          103.05142
        ],
        [
          39.68874,
          -9.151109,
          78.13449
        ],
        [
          39.709846,
          -9.161802,
          85.40308
        ],
        [
          39.707207,
          -9.175169,
          103.02327
        ],
        [
          39.71776,
          -9.177842,
          103.08144
        ],
        [
          39.712482,
          -9.188536,
          118.83037
        ],
        [
          39.69929,
          -9.185862,
          122.14542
        ],
        [
          39.70193,
          -9.199228,
          141.69974
        ],
        [
          39.683464,
          -9.217941,
          241.19572
        ],
        [
          39.68874,
          -9.228634,
          224.66275
        ],
        [
          39.67819,
          -9.239327,
          291.2309
        ],
        [
          39.67291,
          -9.228634,
          313.38763
        ],
        [
          39.662357,
          -9.225961,
          332.46835
        ],
        [
