{
  "routes": [
    {
      "route_id": 1,
      "length_km": 38.432,
      "minimum_depth_m": 89.46025,
      "mission_duration_h": 11,
      "mission_duration_m": 9,
      "waypoints": [
        [
          39.57266,
          -9.292792,
          110.0299
        ],
        [
          39.5753,
          -9.300812,
          113.737236
        ],
        [
          39.58585,
          -9.295465,
          123.24043
        ],
        [
          39.593765,
          -9.287446,
          135.29443
        ],
        [
          39.5964,
          -9.274079,
          126.288895
        ],
        [
          39.606956,
          -9.276752,
          143.53998
        ],
        [
          39.61487,
          -9.26606,
          163.9713
        ],
        [
          39.62806,
          -9.263387,
          237.73509
        ],
        [
          39.638615,
          -9.258039,
          284.64017
        ],
        [
          39.63334,
          -9.247347,
          233.47968
        ],
        [
          39.64389,
          -9.247347,
          282.76266
        ],
        [
          39.65444,
          -9.252693,
          329.83185
        ],
        [
          39.670273,
          -9.25002,
          348.42352
        ],
        [
          39.662357,
          -9.242001,
          355.27585
        ],
        [
          39.651806,
          -9.239327,
          302.6211
        ],
        [
          39.64389,
          -9.231307,
          249.19928
        ],
        [
          39.63334,
          -9.225961,
          190.22694
        ],
        [
          39.62806,
          -9.236654,
          188.43768
        ],
        [
          39.617508,
          -9.23398,
          138.78299
        ],
        [
          39.593765,
          -9.239327,
          100.243774
        ],
        [
          39.58585,
          -9.228634,
          89.720985
        ],
        [
          39.577934,
          -9.239327,
          90.81494
        ],
        [
          39.580574,
          -9.26606,
          103.39874
        ],
        [
          39.57266,
          -9.274079,
          103.45829
        ],
        [
          39.562107,
          -9.274079,
          99.45663
        ],
        [
          39.548916,
          -9.279426,
          94.61061
        ],
        [
          39.54364,
          -9.290119,
          94.84418
        ],
        [
          39.55419,
          -9.295465,
          104.030846
        ],
        [
          39.562107,
          -9.303485,
          109.85004
        ],
        [
          39.57002,
          -9.290119,
          108.14328
        ],
        [
          39.571243,
          -9.291357,
          110.0299
        ]
      ]
    }
  ]
}