{
  "routes": [
    {
      "route_id": 1,
      "length_km": 35.203,
      "minimum_depth_m": 51.786037,
      "mission_duration_h": 10,
      "mission_duration_m": 5,
      "waypoints": [
        [
          39.57266,
          -9.292792,
          110.0299
        ],
        [
          39.577934,
          -9.295465,
          112.87882
        ],
        [
          39.58321,
          -9.284773,
          112.38755
        ],
        [
          39.5964,
          -9.276752,
          128.31947
        ],
        [
          39.59904,
          -9.263387,
          121.00683
        ],
        [
          39.606956,
          -9.236654,
          107.169945
        ],
        [
          39.620148,
          -9.228634,
          143.55235
        ],
        [
          39.62806,
          -9.212595,
          158.7179
        ],
        [
          39.64125,
          -9.220614,
          213.70438
        ],
        [
          39.651806,
          -9.217941,
          262.07428
        ],
        [
          39.64389,
          -9.204575,
          204.68958
        ],
        [
          39.62806,
          -9.196555,
          151.7635
        ],
        [
          39.625423,
          -9.183188,
          140.93823
        ],
        [
          39.61487,
          -9.183188,
          116.61913
        ],
        [
          39.60168,
          -9.177842,
          94.04615
        ],
        [
          39.593765,
          -9.161802,
          78.65666
        ],
        [
          39.580574,
          -9.161802,
          53.926895
        ],
        [
          39.57266,
          -9.172496,
          51.786037
        ],
        [
          39.57002,
          -9.185862,
          56.46615
        ],
        [
          39.5753,
          -9.196555,
          65.922356
        ],
        [
          39.572723,
          -9.290467,
          110.0299
        ]
      ]
    }
  ]
}