{
  "routes": [
    {
      "route_id": 1,
      "length_km": 75.338,
      "minimum_depth_m": 110.0299,
      "mission_duration_h": 21,
      "mission_duration_m": 44,
      "waypoints": [
        [
          39.57266,
          -9.292792,
          110.0299
        ],
        [
          39.5753,
          -9.316852,
          124.88929
        ],
        [
          39.57002,
          -9.338238,
          137.76292
        ],
        [
          39.5753,
          -9.34893,
          156.96367
        ],
        [
          39.57002,
          -9.359624,
          159.47389
        ],
        [
          39.580574,
          -9.367643,
          214.0574
        ],
        [
          39.58849,
          -9.375663,
          320.53705
        ],
        [
          39.58321,
          -9.386356,
          314.8728
        ],
        [
          39.5753,
          -9.378337,
          245.89514
        ],
        [
          39.57002,
          -9.3890295,
          275.24225
        ],
        [
          39.55683,
          -9.391703,
          244.74358
        ],
        [
          39.546276,
          -9.3890295,
          188.28735
        ],
        [
          39.53836,
          -9.399722,
          211.04091
        ],
        [
          39.535725,
          -9.413089,
          246.96478
        ],
        [
          39.541,
          -9.4264555,
          372.0004
        ],
        [
          39.548916,
          -9.415762,
          378.00388
        ],
        [
          39.55683,
          -9.423781,
          514.2895
        ],
        [
          39.562107,
          -9.413089,
          457.60144
        ],
        [
          39.58321,
          -9.410416,
          564.8113
        ],
        [
          39.591125,
          -9.421108,
          654.0398
        ],
        [
          39.60168,
          -9.418435,
          683.6396
        ],
        [
          39.612232,
          -9.413089,
          704.0873
        ],
        [
          39.62806,
          -9.397049,
          641.82245
        ],
        [
          39.61487,
          -9.391703,
          633.5223
        ],
        [
          39.622784,
          -9.383683,
          615.1525
        ],
        [
          39.635975,
          -9.378337,
          612.51373
        ],
        [
          39.646526,
          -9.38101,
          522.75885
        ],
        [
          39.649166,
          -9.394376,
          502.19058
        ],
        [
          39.646526,
          -9.4077425,
          501.60507
        ],
        [
          39.625423,
          -9.415762,
          645.33594
        ],
        [
          39.64389,
          -9.429129,
          417.91507
        ],
        [
          39.65444,
          -9.421108,
          363.10208
        ],
        [
          39.667633,
          -9.421108,
          237.55124
        ],
        [
          39.67819,
          -9.415762,
          211.36887
        ],
        [
          39.691376,
          -9.415762,
          163.61137
        ],
        [
          39.6861,
          -9.405069,
          188.42197
        ],
        [
          39.696655,
          -9.399722,
          156.36642
        ],
        [
          39.69929,
          -9.386356,
          155.47284
        ],
        [
          39.68874,
          -9.38101,
          179.3141
        ],
        [
          39.691376,
          -9.367643,
          160.8767
        ],
        [
          39.680824,
          -9.36497,
          194.24873
        ],
        [
          39.667633,
          -9.367643,
          243.70435
        ],
        [
          39.659718,
          -9.375663,
          342.287
        ],
        [
          39.64389,
          -9.356951,
          451.3284
        ],
        [
          39.65444,
          -9.335565,
          279.0037
        ],
        [
          39.64389,
          -9.327544,
          345.13214
        ],
        [
          39.63334,
          -9.332891,
          384.90436
        ],
        [
          39.63334,
          -9.346257,
          450.11676
        ],
        [
          39.609592,
          -9.340911,
          368.25522
        ],
        [
          39.59904,
          -9.340911,
          286.16345
        ],
        [
          39.573704,
          -9.294693,
          110.0299
        ]
      ]
    }
  ]
}