{
  "routes": [
    {
      "route_id": 1,
      "length_km": 37.42,
      "minimum_depth_m": 97.53005,
      "mission_duration_h": 10,
      "mission_duration_m": 45,
      "waypoints": [
        [
          39.57266,
          -9.292792,
          110.0299
        ],
        [
          39.5753,
          -9.287446,
          109.17381
        ],
        [
          39.564743,
          -9.271406,
          99.34087
        ],
        [
          39.548916,
          -9.287446,
          97.53005
        ],
        [
          39.548916,
          -9.300812,
          102.3958
        ],
        [
          39.55683,
          -9.308832,
          109.76916
        ],
        [
          39.577934,
          -9.3516035,
          164.51381
        ],
        [
          39.57266,
          -9.362297,
          173.20686
        ],
        [
          39.593765,
          -9.37299,
          363.47772
        ],
        [
          39.58321,
          -9.38101,
          289.6987
        ],
        [
          39.57266,
          -9.378337,
          237.41592
        ],
        [
          39.567383,
          -9.3890295,
          264.68234
        ],
        [
          39.577934,
          -9.391703,
          335.14777
        ],
        [
          39.57002,
          -9.402396,
          405.262
        ],
        [
          39.580574,
          -9.4077425,
          520.24677
        ],
        [
          39.604317,
          -9.383683,
          529.24365
        ],
        [
          39.606956,
          -9.3703165,
          489.22522
        ],
        [
          39.617508,
          -9.36497,
          510.31744
        ],
        [
          39.622784,
          -9.354278,
          467.2612
        ],
        [
          39.612232,
          -9.34893,
          418.17865
        ],
        [
          39.604317,
          -9.335565,
          304.19208
        ],
        [
          39.5964,
          -9.327544,
          224.48187
        ],
        [
          39.591125,
          -9.300812,
          141.2908
        ],
        [
          39.574364,
          -9.293533,
          110.0299
        ]
      ]
    }
  ]
}