{
  "routes": [
    {
      "route_id": 1,
      "length_km": 76.475,
      "minimum_depth_m": 110.0299,
      "mission_duration_h": 21,
      "mission_duration_m": 59,
      "waypoints": [
        [
          39.57266,
          -9.292792,
          110.0299
        ],
        [
          39.593765,
          -9.330218,
          215.11285
        ],
        [
          39.617508,
          -9.34893,
          429.4238
        ],
        [
          39.62806,
          -9.3516035,
          465.08337
        ],
        [
          39.649166,
          -9.37299,
          458.587
        ],
        [
          39.659718,
          -9.37299,
          334.37912
        ],
        [
          39.670273,
          -9.367643,
          234.50127
        ],
        [
          39.670273,
          -9.354278,
          210.1423
        ],
        [
          39.680824,
          -9.354278,
          182.16197
        ],
        [
          39.67555,
          -9.340911,
          179.32224
        ],
        [
          39.65444,
          -9.314178,
          274.29346
        ],
        [
          39.664997,
          -9.308832,
          222.00427
        ],
        [
          39.683464,
          -9.322198,
          161.2562
        ],
        [
          39.68874,
          -9.311505,
          152.58954
        ],
        [
          39.69929,
          -9.314178,
          137.82504
        ],
        [
          39.709846,
          -9.311505,
          134.28679
        ],
        [
          39.720398,
          -9.332891,
          133.39749
        ],
        [
          39.709846,
          -9.338238,
          137.20982
        ],
        [
          39.715122,
          -9.3516035,
          138.38034
        ],
        [
          39.69929,
          -9.354278,
          145.89084
        ],
        [
          39.68874,
          -9.375663,
          175.62036
        ],
        [
          39.67819,
          -9.378337,
          222.77757
        ],
        [
          39.683464,
          -9.3890295,
          210.1258
        ],
        [
          39.683464,
          -9.402396,
          201.19583
        ],
        [
          39.694016,
          -9.397049,
          158.34636
        ],
        [
          39.707207,
          -9.4077425,
          149.81865
        ],
        [
          39.696655,
          -9.410416,
          155.01892
        ],
        [
          39.70193,
          -9.421108,
          152.01466
        ],
        [
          39.691376,
          -9.4264555,
          161.14711
        ],
        [
          39.680824,
          -9.423781,
          192.75381
        ],
        [
          39.67555,
          -9.413089,
          223.78365
        ],
        [
          39.64389,
          -9.418435,
          493.4435
        ],
        [
          39.63334,
          -9.413089,
          609.5741
        ],
        [
          39.63334,
          -9.4264555,
          520.0346
        ],
        [
          39.622784,
          -9.4264555,
          582.6709
        ],
        [
          39.61487,
          -9.418435,
          682.94354
        ],
        [
          39.591125,
          -9.418435,
          653.6642
        ],
        [
          39.58849,
          -9.405069,
          541.072
        ],
        [
          39.567383,
          -9.397049,
          340.47235
        ],
        [
          39.57266,
          -9.386356,
          269.52045
        ],
        [
          39.580574,
          -9.375663,
          250.65453
        ],
        [
          39.593765,
          -9.378337,
          389.62122
        ],
        [
          39.5964,
          -9.36497,
          351.78397
        ],
        [
          39.606956,
          -9.356951,
          422.39316
        ],
        [
          39.5964,
          -9.343584,
          274.3446
        ],
        [
          39.591125,
          -9.316852,
          170.14513
        ],
        [
          39.573925,
          -9.294445,
          110.0299
        ]
      ]
    }
  ]
}