{
  "routes": [
    {
      "route_id": 1,
      "length_km": 37.469,
      "minimum_depth_m": 110.0299,
      "mission_duration_h": 10,
      "mission_duration_m": 45,
      "waypoints": [
        [
          39.57266,
          -9.292792,
          110.0299
        ],
        [
          39.580574,
          -9.300812,
          115.66184
        ],
        [
          39.58849,
          -9.314178,
          153.13142
        ],
        [
          39.593765,
          -9.330218,
          215.11285
        ],
        [
          39.609592,
          -9.343584,
          381.63354
        ],
        [
          39.61487,
          -9.356951,
          464.26038
        ],
        [
          39.622784,
          -9.36497,
          520.7709
        ],
        [
          39.617508,
          -9.378337,
          578.4554
        ],
        [
          39.606956,
          -9.38101,
          543.9358
        ],
        [
          39.59904,
          -9.3890295,
          500.79843
        ],
        [
          39.609592,
          -9.394376,
          634.2985
        ],
        [
          39.622784,
          -9.394376,
          642.30194
        ],
        [
          39.63334,
          -9.415762,
          604.6252
        ],
        [
          39.62806,
          -9.4264555,
          551.3527
        ],
        [
          39.620148,
          -9.418435,
          654.67725
        ],
        [
          39.604317,
          -9.413089,
          687.056
        ],
        [
          39.5964,
          -9.405069,
          592.33466
        ],
        [
          39.58585,
          -9.402396,
          496.83615
        ],
        [
          39.577934,
          -9.394376,
          363.37357
        ],
        [
          39.567383,
          -9.399722,
          365.7357
        ],
        [
          39.562107,
          -9.3890295,
          243.56252
        ],
        [
          39.591125,
          -9.3703165,
          322.6421
        ],
        [
          39.57319,
          -9.295017,
          110.0299
        ]
      ]
    }
  ]
}