{
  "routes": [
    {
      "route_id": 1,
      "length_km": 17.985,
      "minimum_depth_m": 110.0299,
      "mission_duration_h": 5,
      "mission_duration_m": 9,
      "waypoints": [
        [
          39.57266,
          -9.292792,
          110.0299
        ],
        [
          39.5753,
          -9.311505,
          120.553406
        ],
        [
          39.57266,
          -9.324871,
          129.08961
        ],
        [
          39.577934,
          -9.343584,
          154.38126
        ],
        [
          39.57266,
          -9.354278,
          158.66121
        ],
        [
          39.5964,
          -9.356951,
          317.86502
        ],
        [
          39.61487,
          -9.335565,
          356.3693
        ],
        [
          39.609592,
          -9.324871,
          292.04407
        ],
        [
          39.60168,
          -9.316852,
          219.29213
        ],
        [
          39.591125,
          -9.322198,
          181.4083
        ],
        [
          39.580574,
          -9.295465,
          113.84578
        ],
        [
          39.5744,
          -9.293381,
          110.0299
        ]
      ]
    }
  ]
}