{
  "routes": [
    {
      "route_id": 1,
      "length_km": 37.967,
      "minimum_depth_m": 82.27765,
      "mission_duration_h": 10,
      "mission_duration_m": 57,
      "waypoints": [
        [
          39.57266,
          -9.292792,
          110.0299
        ],
        [
          39.577934,
          -9.292792,
          111.96847
        ],
        [
          39.591125,
          -9.284773,
          127.53216
        ],
        [
          39.604317,
          -9.290119,
          161.56906
        ],
        [
          39.62806,
          -9.279426,
          267.637
        ],
        [
          39.62806,
          -9.26606,
          243.00494
        ],
        [
          39.651806,
          -9.258039,
          319.88486
        ],
        [
          39.662357,
          -9.252693,
          358.63766
        ],
        [
          39.65708,
          -9.239327,
          327.04785
        ],
        [
          39.667633,
          -9.23398,
          349.41766
        ],
        [
          39.659718,
          -9.223288,
          314.91718
        ],
        [
          39.649166,
          -9.217941,
          249.24768
        ],
        [
          39.64389,
          -9.204575,
          204.68958
        ],
        [
          39.63334,
          -9.201901,
          169.74365
        ],
        [
          39.62806,
          -9.212595,
          158.7179
        ],
        [
          39.617508,
          -9.215268,
          124.65201
        ],
        [
          39.609592,
          -9.199228,
          100.61967
        ],
        [
          39.60168,
          -9.191209,
          92.04216
        ],
        [
          39.591125,
          -9.201901,
          82.27765
        ],
        [
          39.593765,
          -9.215268,
          88.78029
        ],
        [
          39.593765,
          -9.228634,
          94.46928
        ],
        [
          39.580574,
          -9.23398,
          89.39218
        ],
        [
          39.58849,
          -9.242001,
          98.21789
        ],
        [
          39.562107,
          -9.263387,
          94.92799
        ],
        [
          39.564743,
          -9.279426,
          102.51209
        ],
        [
          39.5753,
          -9.279426,
          106.43576
        ],
        [
          39.5731,
          -9.290537,
          110.0299
        ]
      ]
    }
  ]
}