{
  "routes": [
    {
      "route_id": 1,
      "length_km": 75.344,
      "minimum_depth_m": 41.656094,
      "mission_duration_h": 21,
      "mission_duration_m": 41,
      "waypoints": [
        [
          39.57266,
          -9.292792,
          110.0299
        ],
        [
          39.57266,
          -9.263387,
          99.18541
        ],
        [
          39.567383,
          -9.252693,
          92.655945
        ],
        [
          39.57002,
          -9.220614,
          77.063354
        ],
        [
          39.5753,
          -9.193882,
          64.37114
        ],
        [
          39.59904,
          -9.201901,
          90.085
        ],
        [
          39.609592,
          -9.199228,
          100.61967
        ],
        [
          39.620148,
          -9.193882,
          128.8668
        ],
        [
          39.609592,
          -9.185862,
          103.92517
        ],
        [
          39.6307,
          -9.177842,
          150.72891
        ],
        [
          39.635975,
          -9.188536,
          168.8009
        ],
        [
          39.65444,
          -9.175169,
          169.5612
        ],
        [
          39.64389,
          -9.16715,
          155.83109
        ],
        [
          39.651806,
          -9.156456,
          127.56897
        ],
        [
          39.64389,
          -9.148436,
          116.12939
        ],
        [
          39.65444,
          -9.143089,
          91.82402
        ],
        [
          39.667633,
          -9.143089,
          77.274796
        ],
        [
          39.67555,
          -9.16715,
          128.86739
        ],
        [
          39.680824,
          -9.156456,
          96.78133
        ],
        [
          39.68874,
          -9.148436,
          74.08327
        ],
        [
          39.680824,
          -9.140416,
          64.90301
        ],
        [
          39.68874,
          -9.132396,
          54.943115
        ],
        [
          39.696655,
          -9.140416,
          60.67869
        ],
        [
          39.71776,
          -9.132396,
          58.78199
        ],
        [
          39.712482,
          -9.121703,
          51.416153
        ],
        [
          39.70193,
          -9.124376,
          51.186367
        ],
        [
          39.68874,
          -9.11903,
          46.814095
        ],
        [
          39.67819,
          -9.121703,
          48.799915
        ],
        [
          39.67291,
          -9.132396,
          57.57912
        ],
        [
          39.664997,
          -9.121703,
          49.97976
        ],
        [
          39.659718,
          -9.132396,
          66.17405
        ],
        [
          39.63334,
          -9.137742,
          101.844925
        ],
        [
          39.6307,
          -9.151109,
          122.81485
        ],
        [
          39.593765,
          -9.159129,
          77.81324
        ],
        [
          39.60168,
          -9.16715,
          95.649345
        ],
        [
          39.58321,
          -9.180515,
          64.78121
        ],
        [
          39.57266,
          -9.180515,
          55.79701
        ],
        [
          39.564743,
          -9.188536,
          53.931763
        ],
        [
          39.562107,
          -9.201901,
          60.37682
        ],
        [
          39.55155,
          -9.204575,
          55.482464
        ],
        [
          39.53836,
          -9.196555,
          41.656094
        ],
        [
          39.535725,
          -9.209921,
          49.468136
        ],
        [
          39.546276,
          -9.215268,
          59.81534
        ],
        [
          39.55683,
          -9.215268,
          66.2718
        ],
        [
          39.559467,
          -9.260714,
          92.7155
        ],
        [
          39.564743,
          -9.279426,
          102.51209
        ],
        [
          39.57266,
          -9.287446,
          108.199875
        ],
        [
          39.57266,
          -9.290465,
          110.0299
        ]
      ]
    }
  ]
}