{
  "routes": [
    {
      "route_id": 1,
      "length_km": 38.445,
      "minimum_depth_m": 94.84418,
      "mission_duration_h": 11,
      "mission_duration_m": 6,
      "waypoints": [
        [
          39.57266,
          -9.292792,
          110.0299
        ],
        [
          39.5753,
          -9.295465,
          111.911865
        ],
        [
          39.58585,
          -9.319525,
          149.39397
        ],
        [
          39.5753,
          -9.319525,
          127.05723
        ],
        [
          39.567383,
          -9.327544,
          126.11424
        ],
        [
          39.58321,
          -9.343584,
          167.05566
        ],
        [
          39.564743,
          -9.34893,
          140.27315
        ],
        [
          39.58849,
          -9.38101,
          346.19583
        ],
        [
          39.5964,
          -9.37299,
          391.36273
        ],
        [
          39.591125,
          -9.362297,
          283.79037
        ],
        [
          39.604317,
          -9.356951,
          396.26114
        ],
        [
          39.609592,
          -9.346257,
          395.01187
        ],
        [
          39.5964,
          -9.343584,
          274.3446
        ],
        [
          39.604317,
          -9.335565,
          304.19208
        ],
        [
          39.61487,
          -9.335565,
          356.3693
        ],
        [
          39.617508,
          -9.322198,
          308.40402
        ],
        [
          39.606956,
          -9.322198,
          265.9842
        ],
        [
          39.5964,
          -9.316852,
          194.71863
        ],
        [
          39.591125,
          -9.303485,
          143.58391
        ],
        [
          39.591125,
          -9.290119,
          132.11838
        ],
        [
          39.58585,
          -9.279426,
          114.53341
        ],
        [
          39.5753,
          -9.274079,
          104.45871
        ],
        [
          39.564743,
          -9.279426,
          102.51209
        ],
        [
          39.55683,
          -9.290119,
          103.285225
        ],
        [
          39.54364,
          -9.290119,
          94.84418
        ],
        [
          39.548916,
          -9.300812,
          102.3958
        ],
        [
          39.567383,
          -9.303485,
          111.76999
        ],
        [
          39.57169,
          -9.294754,
          110.0299
        ]
      ]
    }
  ]
}