{
  "routes": [
    {
      "route_id": 1,
      "length_km": 36.118,
      "minimum_depth_m": 48.055546,
      "mission_duration_h": 10,
      "mission_duration_m": 24,
      "waypoints": [
        [
          39.57266,
          -9.292792,
          110.0299
        ],
        [
          39.567383,
          -9.298139,
          109.93066
        ],
        [
          39.55683,
          -9.290119,
          103.285225
        ],
        [
          39.548916,
          -9.300812,
          102.3958
        ],
        [
          39.54364,
          -9.290119,
          94.84418
        ],
        [
          39.54364,
          -9.276752,
          89.77215
        ],
        [
          39.55419,
          -9.276752,
          97.46962
        ],
        [
          39.548916,
          -9.26606,
          88.965935
        ],
        [
          39.548916,
          -9.25002,
          81.983505
        ],
        [
          39.559467,
          -9.25002,
          88.122925
        ],
        [
          39.567383,
          -9.239327,
          85.86707
        ],
        [
          39.57002,
          -9.223288,
          78.55451
        ],
        [
          39.567383,
          -9.209921,
          68.9006
        ],
        [
          39.5753,
          -9.201901,
          69.02479
        ],
        [
          39.55683,
          -9.188536,
          48.055546
        ],
        [
          39.567383,
          -9.183188,
          53.03211
        ],
        [
          39.577934,
          -9.188536,
          63.725464
        ],
        [
          39.593765,
          -9.16715,
          80.05667
        ],
        [
          39.59904,
          -9.177842,
          89.70788
        ],
        [
          39.593765,
          -9.191209,
          82.24967
        ],
        [
          39.60168,
          -9.204575,
          93.01503
        ],
        [
          39.593765,
          -9.215268,
          88.78029
        ],
        [
          39.58321,
          -9.220614,
          84.15347
        ],
        [
          39.564743,
          -9.279426,
          102.51209
        ],
        [
          39.571564,
          -9.290943,
          110.0299
        ]
      ]
    },
    {
      "route_id": 2,
      "length_km": 37.219,
      "minimum_depth_m": 98.53941,
      "mission_duration_h": 10,
      "mission_duration_m": 42,
      "waypoints": [
        [
          39.5753,
          -9.292792,
          110.99918
        ],
        [
          39.5753,
          -9.279426,
          106.43576
        ],
        [
          39.58585,
          -9.258039,
          104.28802
        ],
        [
          39.5964,
          -9.25002,
          108.01362
        ],
        [
          39.591125,
          -9.239327,
          98.53941
        ],
        [
          39.606956,
          -9.236654,
          107.169945
        ],
        [
          39.620148,
          -9.228634,
          143.55235
        ],
        [
          39.62806,
          -9.212595,
          158.7179
        ],
        [
          39.609592,
          -9.196555,
          100.74454
        ],
        [
          39.620148,
          -9.172496,
          128.73962
        ],
        [
          39.625423,
          -9.183188,
          140.93823
        ],
        [
          39.62806,
          -9.196555,
          151.7635
        ],
        [
          39.651806,
          -9.188536,
          194.72261
        ],
        [
          39.65444,
          -9.201901,
          231.9479
        ],
        [
          39.64389,
          -9.204575,
          204.68958
        ],
        [
          39.651806,
          -9.217941,
          262.07428
        ],
        [
          39.64125,
          -9.220614,
          213.70438
        ],
        [
          39.646526,
          -9.231307,
          262.18094
        ],
        [
          39.64125,
          -9.244674,
          265.4676
        ],
        [
          39.62806,
          -9.247347,
          206.61986
        ],
        [
          39.617508,
          -9.242001,
          147.25333
        ],
        [
          39.609592,
          -9.25002,
          117.39076
        ],
        [
          39.591125,
          -9.271406,
          117.41994
        ],
        [
          39.576546,
          -9.29111,
          110.99918
        ]
      ]
    }
  ]
}