{
  "routes": [
    {
      "route_id": 1,
      "length_km": 37.172,
      "minimum_depth_m": 110.0299,
      "mission_duration_h": 10,
      "mission_duration_m": 45,
      "waypoints": [
        [
          39.57266,
          -9.292792,
          110.0299
        ],
        [
          39.58585,
          -9.298139,
          124.691605
        ],
        [
          39.60168,
          -9.314178,
          210.0421
        ],
        [
          39.609592,
          -9.324871,
          292.04407
        ],
        [
          39.61487,
          -9.335565,
          356.3693
        ],
        [
          39.625423,
          -9.340911,
          406.59335
        ],
        [
          39.620148,
          -9.3516035,
          448.4059
        ],
        [
          39.6307,
          -9.359624,
          509.96024
        ],
        [
          39.64125,
          -9.362297,
          502.57172
        ],
        [
          39.646526,
          -9.383683,
          533.7988
        ],
        [
          39.64389,
          -9.397049,
          562.4273
        ],
        [
          39.63334,
          -9.405069,
          624.4207
        ],
        [
          39.622784,
          -9.399722,
          646.453
        ],
        [
          39.612232,
          -9.410416,
          694.9873
        ],
        [
          39.604317,
          -9.402396,
          629.1111
        ],
        [
          39.593765,
          -9.405069,
          575.24713
        ],
        [
          39.58321,
          -9.402396,
          477.93973
        ],
        [
          39.5753,
          -9.391703,
          323.84723
        ],
        [
          39.567383,
          -9.399722,
          365.7357
        ],
        [
          39.55155,
          -9.394376,
          243.89272
        ],
        [
          39.559467,
          -9.386356,
          219.63669
        ],
        [
          39.559467,
          -9.37299,
          178.60858
        ],
        [
          39.548916,
          -9.36497,
          136.78284
        ],
        [
          39.55155,
          -9.34893,
          122.22616
        ],
        [
          39.562107,
          -9.343584,
          132.00006
        ],
        [
          39.57002,
          -9.332891,
          132.33517
        ],
        [
          39.567383,
          -9.303485,
          111.76999
        ],
        [
          39.57169,
          -9.294754,
          110.0299
        ]
      ]
    }
  ]
}