{
  "routes": [
    {
      "route_id": 1,
      "length_km": 31.081,
      "minimum_depth_m": 93.756134,
      "mission_duration_h": 8,
      "mission_duration_m": 57,
      "waypoints": [
        [
          39.57266,
          -9.292792,
          110.0299
        ],
        [
          39.564743,
          -9.287446,
          105.27807
        ],
        [
          39.548916,
          -9.284773,
          96.55691
        ],
        [
          39.55419,
          -9.268733,
          93.94105
        ],
        [
          39.59904,
          -9.244674,
          106.66133
        ],
        [
          39.609592,
          -9.244674,
          113.721954
        ],
        [
          39.620148,
          -9.239327,
          156.56822
        ],
        [
          39.62806,
          -9.231307,
          179.3466
        ],
        [
          39.638615,
          -9.228634,
          217.1299
        ],
        [
          39.649166,
          -9.217941,
          249.24768
        ],
        [
          39.65708,
          -9.225961,
          305.48068
        ],
        [
          39.651806,
          -9.236654,
          297.79547
        ],
        [
          39.65708,
          -9.247347,
          339.98816
        ],
        [
          39.651806,
          -9.258039,
          319.88486
        ],
        [
          39.6307,
          -9.263387,
          253.21231
        ],
        [
          39.622784,
          -9.252693,
          188.3373
        ],
        [
          39.59904,
          -9.263387,
          121.00683
        ],
        [
          39.58849,
          -9.26606,
          111.09739
        ],
        [
          39.580574,
          -9.276752,
          107.479805
        ],
        [
          39.577934,
          -9.290119,
          111.058105
        ],
        [
          39.574333,
          -9.291943,
          110.0299
        ]
      ]
    }
  ]
}