{
  "routes": [
    {
      "route_id": 1,
      "length_km": 74.751,
      "minimum_depth_m": 41.385548,
      "mission_duration_h": 21,
      "mission_duration_m": 24,
      "waypoints": [
        [
          39.57266,
          -9.292792,
          110.0299
        ],
        [
          39.57002,
          -9.290119,
          108.14328
        ],
        [
          39.541,
          -9.327544,
          106.19713
        ],
        [
          39.533085,
          -9.319525,
          98.74258
        ],
        [
          39.54364,
          -9.298139,
          97.880135
        ],
        [
          39.535725,
          -9.287446,
          88.285416
        ],
        [
          39.533085,
          -9.274079,
          80.9483
        ],
        [
          39.567383,
          -9.274079,
          101.45746
        ],
        [
          39.562107,
          -9.263387,
          94.92799
        ],
        [
          39.55155,
          -9.258039,
          87.35549
        ],
        [
          39.564743,
          -9.247347,
          89.04746
        ],
        [
          39.577934,
          -9.23398,
          88.10768
        ],
        [
          39.55683,
          -9.225961,
          73.20049
        ],
        [
          39.5753,
          -9.215268,
          76.78088
        ],
        [
          39.562107,
          -9.209921,
          65.71536
        ],
        [
          39.55155,
          -9.212595,
          61.197163
        ],
        [
          39.541,
          -9.193882,
          41.385548
        ],
        [
          39.55155,
          -9.193882,
          47.862865
        ],
        [
          39.567383,
          -9.161802,
          41.71545
        ],
        [
          39.57266,
          -9.172496,
          51.786037
        ],
        [
          39.562107,
          -9.193882,
          55.03828
        ],
        [
          39.57266,
          -9.199228,
          65.69832
        ],
        [
          39.5964,
          -9.183188,
          85.4273
        ],
        [
          39.591125,
          -9.172496,
          75.77609
        ],
        [
          39.577934,
          -9.161802,
          51.484604
        ],
        [
          39.58321,
          -9.151109,
          53.251316
        ],
        [
          39.577934,
          -9.140416,
          42.614483
        ],
        [
          39.59904,
          -9.140416,
          83.2259
        ],
        [
          39.612232,
          -9.132396,
          96.95579
        ],
        [
          39.612232,
          -9.11903,
          75.05331
        ],
        [
          39.622784,
          -9.135069,
          99.50898
        ],
        [
          39.617508,
          -9.161802,
          121.722725
        ],
        [
          39.606956,
          -9.153783,
          103.47797
        ],
        [
          39.5964,
          -9.156456,
          82.402534
        ],
        [
          39.612232,
          -9.177842,
          112.28184
        ],
        [
          39.625423,
          -9.175169,
          139.14693
        ],
        [
          39.625423,
          -9.188536,
          142.13245
        ],
        [
          39.61487,
          -9.225961,
          120.32695
        ],
        [
          39.606956,
          -9.23398,
          105.57433
        ],
        [
          39.60168,
          -9.247347,
          109.96131
        ],
        [
          39.573807,
          -9.290997,
          110.0299
        ]
      ]
    }
  ]
}