{
  "routes": [
    {
      "route_id": 1,
      "length_km": 36.0,
      "minimum_depth_m": 68.14263,
      "mission_duration_h": 10,
      "mission_duration_m": 6,
      "waypoints": [
        [
          39.57266,
          -9.292792,
          110.0299
        ],
        [
          39.55683,
          -9.220614,
          70.01346
        ],
        [
          39.59904,
          -9.193882,
          88.64979
        ],
        [
          39.62806,
          -9.148436,
          117.470566
        ],
        [
          39.646526,
          -9.151109,
          119.49105
        ],
        [
          39.651806,
          -9.180515,
          179.0827
        ],
        [
          39.609592,
          -9.188536,
          102.879906
        ],
        [
          39.573406,
          -9.290675,
          110.0299
        ]
      ]
    }
  ]
}