{
  "routes": [
    {
      "route_id": 1,
      "length_km": 38.791,
      "minimum_depth_m": 93.756134,
      "mission_duration_h": 11,
      "mission_duration_m": 13,
      "waypoints": [
        [
          39.57266,
          -9.292792,
          110.0299
        ],
        [
          39.564743,
          -9.290119,
          106.20006
        ],
        [
          39.55419,
          -9.292792,
          103.096535
        ],
        [
          39.546276,
          -9.284773,
          94.68856
        ],
        [
          39.55155,
          -9.274079,
          94.37529
        ],
        [
          39.57266,
          -9.274079,
          103.45829
        ],
        [
          39.577934,
          -9.263387,
          101.31412
        ],
        [
          39.567383,
          -9.255366,
          93.756134
        ],
        [
          39.58849,
          -9.247347,
          100.98354
        ],
        [
          39.59904,
          -9.242001,
          105.15691
        ],
        [
          39.609592,
          -9.244674,
          113.721954
        ],
        [
          39.620148,
          -9.239327,
          156.56822
        ],
        [
          39.62806,
          -9.25002,
          211.38583
        ],
        [
          39.64125,
          -9.247347,
          271.31757
        ],
        [
          39.64389,
          -9.231307,
          249.19928
        ],
        [
          39.63334,
          -9.228634,
          195.63353
        ],
        [
          39.638615,
          -9.217941,
          197.94125
        ],
        [
          39.649166,
          -9.217941,
          249.24768
        ],
        [
          39.659718,
          -9.228634,
          323.03186
        ],
        [
          39.65444,
          -9.239327,
          314.83447
        ],
        [
          39.651806,
          -9.258039,
          319.88486
        ],
        [
          39.638615,
          -9.263387,
          297.06015
        ],
        [
          39.6307,
          -9.271406,
          270.01038
        ],
        [
          39.604317,
          -9.268733,
          131.90637
        ],
        [
          39.609592,
          -9.279426,
          152.38982
        ],
        [
          39.604317,
          -9.290119,
          161.56906
        ],
        [
          39.591125,
          -9.282099,
          125.23905
        ],
        [
          39.580574,
          -9.284773,
          110.21365
        ],
        [
          39.574074,
          -9.291356,
          110.0299
        ]
      ]
    }
  ]
}