{
  "routes": [
    {
      "route_id": 1,
      "length_km": 37.405,
      "minimum_depth_m": 60.37682,
      "mission_duration_h": 10,
      "mission_duration_m": 42,
      "waypoints": [
        [
          39.57266,
          -9.292792,
          110.0299
        ],
        [
          39.548916,
          -9.258039,
          85.47472
        ],
        [
          39.567383,
          -9.23398,
          82.9697
        ],
        [
          39.57002,
          -9.220614,
          77.063354
        ],
        [
          39.559467,
          -9.217941,
          69.59827
        ],
        [
          39.559467,
          -9.204575,
          60.4724
        ],
        [
          39.57002,
          -9.199228,
          63.923065
        ],
        [
          39.577934,
          -9.209921,
          75.271065
        ],
        [
          39.58849,
          -9.204575,
          80.75687
        ],
        [
          39.58321,
          -9.191209,
          69.19303
        ],
        [
          39.6307,
          -9.185862,
          154.28223
        ],
        [
          39.64125,
          -9.191209,
          181.56805
        ],
        [
          39.635975,
          -9.201901,
          177.57468
        ],
        [
          39.625423,
          -9.204575,
          147.21465
        ],
        [
          39.6307,
          -9.217941,
          170.03732
        ],
        [
          39.620148,
          -9.220614,
          134.60611
        ],
        [
          39.609592,
          -9.212595,
          99.99531
        ],
        [
          39.59904,
          -9.220614,
          93.43381
        ],
        [
          39.577934,
          -9.231307,
          86.75405
        ],
        [
          39.57266,
          -9.274079,
          103.45829
        ],
        [
          39.57266,
          -9.290464,
          110.0299
        ]
      ]
    }
  ]
}