{
  "routes": [
    {
      "route_id": 1,
      "length_km": 37.098,
      "minimum_depth_m": 108.34841,
      "mission_duration_h": 10,
      "mission_duration_m": 43,
      "waypoints": [
        [
          39.57266,
          -9.292792,
          110.0299
        ],
        [
          39.5753,
          -9.295465,
          111.911865
        ],
        [
          39.580574,
          -9.308832,
          120.84726
        ],
        [
          39.567383,
          -9.327544,
          126.11424
        ],
        [
          39.58321,
          -9.343584,
          167.05566
        ],
        [
          39.5964,
          -9.343584,
          274.3446
        ],
        [
          39.604317,
          -9.335565,
          304.19208
        ],
        [
          39.609592,
          -9.346257,
          395.01187
        ],
        [
          39.604317,
          -9.356951,
          396.26114
        ],
        [
          39.591125,
          -9.362297,
          283.79037
        ],
        [
          39.604317,
          -9.383683,
          529.24365
        ],
        [
          39.5964,
          -9.391703,
          492.7705
        ],
        [
          39.604317,
          -9.399722,
          614.6249
        ],
        [
          39.609592,
          -9.410416,
          699.5094
        ],
        [
          39.60168,
          -9.423781,
          665.32513
        ],
        [
          39.591125,
          -9.429129,
          655.16656
        ],
        [
          39.58321,
          -9.421108,
          638.7078
        ],
        [
          39.58321,
          -9.4077425,
          535.85406
        ],
        [
          39.57266,
          -9.402396,
          419.525
        ],
        [
          39.5753,
          -9.386356,
          279.4972
        ],
        [
          39.580574,
          -9.37299,
          238.45549
        ],
        [
          39.564743,
          -9.34893,
          140.27315
        ],
        [
          39.55155,
          -9.343584,
          119.48455
        ],
        [
          39.55419,
          -9.330218,
          114.64339
        ],
        [
          39.548916,
          -9.319525,
          108.34841
        ],
        [
          39.567383,
          -9.303485,
          111.76999
        ],
        [
          39.57169,
          -9.294754,
          110.0299
        ]
      ]
    }
  ]
}