{
  "routes": [
    {
      "route_id": 1,
      "length_km": 150.34,
      "minimum_depth_m": 93.13753,
      "mission_duration_h": 43,
      "mission_duration_m": 28,
      "waypoints": [
        [
          39.57266,
          -9.292792,
          110.0299
        ],
        [
          39.564743,
          -9.287446,
          105.27807
        ],
        [
          39.5964,
          -9.26606,
          120.197136
        ],
        [
          39.609592,
          -9.25002,
          117.39076
        ],
        [
          39.606956,
          -9.236654,
          107.169945
        ],
        [
          39.620148,
          -9.228634,
          143.55235
        ],
        [
          39.62806,
          -9.239327,
          192.98323
        ],
        [
          39.63334,
          -9.25002,
          239.04521
        ],
        [
          39.64389,
          -9.244674,
          277.1688
        ],
        [
          39.651806,
          -9.258039,
          319.88486
        ],
        [
          39.664997,
          -9.217941,
          326.20734
        ],
        [
          39.667633,
          -9.204575,
          268.3932
        ],
        [
          39.67555,
          -9.191209,
          192.52426
        ],
        [
          39.664997,
          -9.185862,
          206.32439
        ],
        [
          39.670273,
          -9.175169,
          162.69415
        ],
        [
          39.680824,
          -9.169823,
          124.83658
        ],
        [
          39.68874,
          -9.161802,
          94.33939
        ],
        [
          39.69929,
          -9.169823,
          96.98137
        ],
        [
          39.704567,
          -9.180515,
          111.61751
        ],
        [
          39.712482,
          -9.172496,
          97.98496
        ],
        [
          39.71776,
          -9.185862,
          112.64042
        ],
        [
          39.71776,
          -9.199228,
          125.54547
        ],
        [
          39.712482,
          -9.212595,
          143.9959
        ],
        [
          39.70193,
          -9.215268,
          167.90305
        ],
        [
          39.694016,
          -9.207248,
          166.82523
        ],
        [
          39.694016,
          -9.223288,
          196.86653
        ],
        [
          39.68874,
          -9.239327,
          226.58905
        ],
        [
          39.691376,
          -9.252693,
          205.8296
        ],
        [
          39.680824,
          -9.258039,
          263.6073
        ],
        [
          39.6861,
          -9.268733,
          212.6462
        ],
        [
          39.667633,
          -9.290119,
          260.28293
        ],
        [
          39.662357,
          -9.300812,
          249.78253
        ],
        [
          39.67291,
          -9.303485,
          205.29138
        ],
        [
          39.680824,
          -9.295465,
          194.56703
        ],
        [
          39.69929,
          -9.300812,
          139.678
        ],
        [
          39.709846,
          -9.300812,
          134.70718
        ],
        [
          39.720398,
          -9.306158,
          130.15913
        ],
        [
          39.712482,
          -9.314178,
          133.63918
        ],
        [
          39.715122,
          -9.330218,
          134.33919
        ],
        [
          39.70193,
          -9.324871,
          137.34625
        ],
        [
          39.68874,
          -9.332891,
          147.57404
        ],
        [
          39.683464,
          -9.322198,
          161.2562
        ],
        [
          39.67291,
          -9.322198,
          183.9136
        ],
        [
          39.67555,
          -9.335565,
          172.59029
        ],
        [
          39.667633,
          -9.343584,
          199.67592
        ],
        [
          39.664997,
          -9.356951,
          234.64201
        ],
        [
          39.67555,
          -9.362297,
          207.09012
        ],
        [
          39.667633,
          -9.3703165,
          249.80023
        ],
        [
          39.65708,
          -9.36497,
          339.8282
        ],
        [
          39.65444,
          -9.338238,
          287.0014
        ],
        [
          39.64389,
          -9.338238,
          373.19315
        ],
        [
          39.638615,
          -9.322198,
          374.628
        ],
        [
          39.6307,
          -9.314178,
          335.36246
        ],
        [
          39.617508,
          -9.303485,
          240.95454
        ],
        [
          39.606956,
          -9.306158,
          199.62852
        ],
        [
          39.5964,
          -9.314178,
          187.27782
        ],
        [
          39.5964,
          -9.340911,
          265.64053
        ],
        [
          39.60168,
          -9.36497,
          406.82697
        ],
        [
          39.609592,
          -9.375663,
          544.58673
        ],
        [
          39.617508,
          -9.367643,
          523.945
        ],
        [
          39.62806,
          -9.37299,
          571.2401
        ],
        [
          39.63334,
          -9.383683,
          634.0365
        ],
        [
          39.622784,
          -9.383683,
          615.1525
        ],
        [
          39.61487,
          -9.391703,
          633.5223
        ],
        [
          39.604317,
          -9.3890295,
          556.68
        ],
        [
          39.58585,
          -9.37299,
          279.8226
        ],
        [
          39.580574,
          -9.386356,
          299.45068
        ],
        [
          39.567383,
          -9.383683,
          239.86378
        ],
        [
          39.548916,
          -9.397049,
          250.8127
        ],
        [
          39.53836,
          -9.399722,
          211.04091
        ],
        [
          39.533085,
          -9.410416,
          215.92679
        ],
        [
          39.54364,
          -9.410416,
          299.75128
        ],
        [
          39.53836,
          -9.421108,
          311.53552
        ],
        [
          39.546276,
          -9.429129,
          451.6157
        ],
        [
          39.55419,
          -9.421108,
          474.1736
        ],
        [
          39.564743,
          -9.418435,
          518.0185
        ],
        [
          39.57002,
          -9.429129,
          612.58246
        ],
        [
          39.580574,
          -9.429129,
          654.488
        ],
        [
          39.57002,
          -9.4077425,
          457.2699
        ],
        [
          39.559467,
          -9.4077425,
          394.29303
        ],
        [
          39.564743,
          -9.397049,
          327.69058
        ],
        [
          39.577934,
          -9.399722,
          419.82516
        ],
        [
          39.58849,
          -9.397049,
          465.05368
        ],
        [
          39.622784,
          -9.410416,
          654.7551
        ],
        [
          39.612232,
          -9.418435,
          697.07666
        ],
        [
          39.620148,
          -9.4264555,
          598.32996
        ],
        [
          39.6307,
          -9.4264555,
          535.69366
        ],
        [
          39.64125,
          -9.429129,
          441.29572
        ],
        [
          39.651806,
          -9.421108,
          390.96692
        ],
        [
          39.65444,
          -9.4077425,
          405.89542
        ],
        [
          39.64125,
          -9.410416,
          557.81573
        ],
        [
          39.6307,
          -9.402396,
          634.15936
        ],
        [
          39.65444,
          -9.394376,
          434.72406
        ],
        [
          39.649166,
          -9.383683,
          500.24118
        ],
        [
          39.635975,
          -9.362297,
          533.78265
        ],
        [
