{
  "routes": [
    {
      "route_id": 1,
      "length_km": 36.767,
      "minimum_depth_m": 87.24692,
      "mission_duration_h": 10,
      "mission_duration_m": 35,
      "waypoints": [
        [
          39.57266,
          -9.292792,
          110.0299
        ],
        [
          39.562107,
          -9.279426,
          101.53118
        ],
        [
          39.562107,
          -9.263387,
          94.92799
        ],
        [
          39.57266,
          -9.260714,
          98.11719
        ],
        [
          39.58849,
          -9.239327,
          96.83506
        ],
        [
          39.580574,
          -9.231307,
          88.06231
        ],
        [
          39.60168,
          -9.207248,
          93.34261
        ],
        [
          39.609592,
          -9.215268,
          99.87044
        ],
        [
          39.617508,
          -9.204575,
          123.13647
        ],
        [
          39.609592,
          -9.196555,
          100.74454
        ],
        [
          39.61487,
          -9.183188,
          116.61913
        ],
        [
          39.625423,
          -9.180515,
          140.34113
        ],
        [
          39.62806,
          -9.196555,
          151.7635
        ],
        [
          39.64125,
          -9.191209,
          181.56805
        ],
        [
          39.64389,
          -9.204575,
          204.68958
        ],
        [
          39.65444,
          -9.207248,
          246.26556
        ],
        [
          39.649166,
          -9.217941,
          249.24768
        ],
        [
          39.62806,
          -9.212595,
          158.7179
        ],
        [
          39.6307,
          -9.225961,
          180.24123
        ],
        [
          39.606956,
          -9.236654,
          107.169945
        ],
        [
          39.5964,
          -9.25002,
          108.01362
        ],
        [
          39.58585,
          -9.252693,
          101.77061
        ],
        [
          39.58321,
          -9.26606,
          105.0309
        ],
        [
          39.57266,
          -9.274079,
          103.45829
        ],
        [
          39.57266,
          -9.290464,
          110.0299
        ]
      ]
    }
  ]
}