{
  "routes": [
    {
      "route_id": 1,
      "length_km": 151.506,
      "minimum_depth_m": 110.0299,
      "mission_duration_h": 43,
      "mission_duration_m": 35,
      "waypoints": [
        [
          39.57266,
          -9.292792,
          110.0299
        ],
        [
          39.5753,
          -9.295465,
          111.911865
        ],
        [
          39.593765,
          -9.290119,
          138.00851
        ],
        [
          39.604317,
          -9.290119,
          161.56906
        ],
        [
          39.62806,
          -9.300812,
          294.74997
        ],
        [
          39.649166,
          -9.316852,
          304.8182
        ],
        [
          39.65708,
          -9.324871,
          254.00418
        ],
        [
          39.667633,
          -9.327544,
          188.21451
        ],
        [
          39.67291,
          -9.314178,
          192.31898
        ],
        [
          39.680824,
          -9.322198,
          166.92055
        ],
        [
          39.683464,
          -9.338238,
          160.96733
        ],
        [
          39.694016,
          -9.343584,
          143.89249
        ],
        [
          39.69929,
          -9.314178,
          137.82504
        ],
        [
          39.68874,
          -9.314178,
          151.92403
        ],
        [
          39.704567,
          -9.290119,
          141.18312
        ],
        [
          39.715122,
          -9.287446,
          133.31105
        ],
        [
          39.709846,
          -9.327544,
          135.42413
        ],
        [
          39.720398,
          -9.327544,
          132.74185
        ],
        [
          39.707207,
          -9.346257,
          140.18333
        ],
        [
          39.720398,
          -9.34893,
          135.79251
        ],
        [
          39.715122,
          -9.359624,
          139.98685
        ],
        [
          39.720398,
          -9.3703165,
          138.78917
        ],
        [
          39.691376,
          -9.415762,
          163.61137
        ],
        [
          39.670273,
          -9.429129,
          212.83934
        ],
        [
          39.664997,
          -9.418435,
          258.5671
        ],
        [
          39.64389,
          -9.429129,
          417.91507
        ],
        [
          39.646526,
          -9.413089,
          487.87756
        ],
        [
          39.64125,
          -9.402396,
          580.603
        ],
        [
          39.6307,
          -9.402396,
          634.15936
        ],
        [
          39.622784,
          -9.410416,
          654.7551
        ],
        [
          39.635975,
          -9.415762,
          591.05493
        ],
        [
          39.6307,
          -9.4264555,
          535.69366
        ],
        [
          39.59904,
          -9.423781,
          662.5977
        ],
        [
          39.58585,
          -9.429129,
          659.24445
        ],
        [
          39.591125,
          -9.415762,
          652.28186
        ],
        [
          39.57266,
          -9.399722,
          392.78043
        ],
        [
          39.559467,
          -9.402396,
          348.21005
        ],
        [
          39.548916,
          -9.410416,
          341.66354
        ],
        [
          39.57266,
          -9.418435,
          567.6585
        ],
        [
          39.567383,
          -9.429129,
          602.1061
        ],
        [
          39.546276,
          -9.4264555,
          432.02866
        ],
        [
          39.535725,
          -9.418435,
          270.6577
        ],
        [
          39.533085,
          -9.405069,
          198.99835
        ],
        [
          39.548916,
          -9.397049,
          250.8127
        ],
        [
          39.55419,
          -9.386356,
          200.18933
        ],
        [
          39.564743,
          -9.391703,
          278.64514
        ],
        [
          39.57266,
          -9.378337,
          237.41592
        ],
        [
          39.58321,
          -9.38101,
          289.6987
        ],
        [
          39.591125,
          -9.3703165,
          322.6421
        ],
        [
          39.604317,
          -9.375663,
          488.5743
        ],
        [
          39.58849,
          -9.391703,
          414.3748
        ],
        [
          39.59904,
          -9.397049,
          555.11035
        ],
        [
          39.609592,
          -9.410416,
          699.5094
        ],
        [
          39.609592,
          -9.397049,
          645.167
        ],
        [
          39.622784,
          -9.383683,
          615.1525
        ],
        [
          39.63334,
          -9.386356,
          647.2306
        ],
        [
          39.63334,
          -9.37299,
          581.2601
        ],
        [
          39.64389,
          -9.3703165,
          509.02457
        ],
        [
          39.646526,
          -9.383683,
          533.7988
        ],
        [
          39.67555,
          -9.413089,
          223.78365
        ],
        [
          39.680824,
          -9.423781,
          192.75381
        ],
        [
          39.694016,
          -9.429129,
          154.97845
        ],
        [
          39.715122,
          -9.410416,
          145.78172
        ],
        [
          39.70193,
          -9.405069,
          152.79472
        ],
        [
          39.707207,
          -9.394376,
          150.20924
        ],
        [
          39.720398,
          -9.3890295,
          141.17993
        ],
        [
          39.704567,
          -9.37299,
          148.52129
        ],
        [
          39.69929,
          -9.354278,
          145.89084
        ],
        [
          39.683464,
          -9.354278,
          175.16689
        ],
        [
          39.67555,
          -9.362297,
          207.09012
        ],
        [
          39.680824,
          -9.375663,
          208.00974
        ],
        [
          39.68874,
          -9.36497,
          168.23291
        ],
        [
          39.694016,
          -9.375663,
          155.64745
        ],
        [
          39.68874,
          -9.386356,
          183.00783
        ],
        [
          39.69929,
          -9.386356,
          155.47284
        ],
        [
          39.694016,
          -9.397049,
          158.34636
        ],
        [
          39.683464,
          -9.405069,
          199.40984
        ],
        [
          39.67291,
          -9.394376,
          256.25085
        ],
        [
          39.659718,
          -9.383683,
          366.01062
        ],
        [
          39.664997,
          -9.37299,
          272.27518
        ],
        [
          39.65708,
          -9.36497,
          339.8282
        ],
        [
          39.667633,
          -9.343584,
          199.67592
        ],
        [
          39.65708,
          -9.338238,
          265.45346
        ],
        [
          39.646526,
          -9.340911,
          362.01627
        ],
        [
          39.651806,
          -9.3516035,
          352.49338
        ],
        [
          39.638615,
          -9.356951,
          505.5
        ],
        [
          39.63334,
          -9.346257,
          450.11676
        ],
        [
          39.620148,
          -9.340911,
          394.9677
        ],
        [
          39.622784,
          -9.354278,
          467.2612
        ],
        [
          39.617508,
          -9.367643,
          523.945
        ],
        [
          39.606956,
          -9.362297,
          448.19232
        ],
        [
          39.573627,
          -9.294756,
          110.0299
        ]
      ]
    }
  ]
}