{
  "routes": [
    {
      "route_id": 1,
      "length_km": 36.819,
      "minimum_depth_m": 89.39218,
      "mission_duration_h": 10,
      "mission_duration_m": 39,
      "waypoints": [
        [
          39.57266,
          -9.292792,
          110.0299
        ],
        [
          39.577934,
          -9.292792,
          111.96847
        ],
        [
          39.593765,
          -9.276752,
          124.51436
        ],
        [
          39.59904,
          -9.263387,
          121.00683
        ],
        [
          39.59904,
          -9.25002,
          109.889046
        ],
        [
          39.5964,
          -9.236654,
          100.474106
        ],
        [
          39.617508,
          -9.228634,
          133.13611
        ],
        [
          39.617508,
          -9.212595,
          124.273125
        ],
        [
          39.62806,
          -9.212595,
          158.7179
        ],
        [
          39.62806,
          -9.196555,
          151.7635
        ],
        [
          39.65444,
          -9.185862,
          192.87233
        ],
        [
          39.649166,
          -9.175169,
          167.75098
        ],
        [
          39.638615,
          -9.172496,
          161.98956
        ],
        [
          39.62806,
          -9.172496,
          143.45493
        ],
        [
          39.620148,
          -9.183188,
          128.77869
        ],
        [
          39.612232,
          -9.172496,
          114.024315
        ],
        [
          39.606956,
          -9.183188,
          101.061806
        ],
        [
          39.609592,
          -9.196555,
          100.74454
        ],
        [
          39.60168,
          -9.204575,
          93.01503
        ],
        [
          39.604317,
          -9.217941,
          96.35049
        ],
        [
          39.593765,
          -9.220614,
          90.34036
        ],
        [
          39.580574,
          -9.23398,
          89.39218
        ],
        [
          39.577934,
          -9.247347,
          94.87583
        ],
        [
          39.567383,
          -9.252693,
          92.655945
        ],
        [
          39.562107,
          -9.263387,
          94.92799
        ],
        [
          39.564743,
          -9.279426,
          102.51209
        ],
        [
          39.5753,
          -9.279426,
          106.43576
        ],
        [
          39.5731,
          -9.290537,
          110.0299
        ]
      ]
    }
  ]
}