{
  "routes": [
    {
      "route_id": 1,
      "length_km": 150.784,
      "minimum_depth_m": 40.2953,
      "mission_duration_h": 43,
      "mission_duration_m": 27,
      "waypoints": [
        [
          39.57266,
          -9.292792,
          110.0299
        ],
        [
          39.567383,
          -9.287446,
          106.25201
        ],
        [
          39.564743,
          -9.303485,
          110.81001
        ],
        [
          39.55419,
          -9.306158,
          107.684074
        ],
        [
          39.55155,
          -9.319525,
          109.94939
        ],
        [
          39.533085,
          -9.332891,
          103.50614
        ],
        [
          39.535725,
          -9.314178,
          98.4873
        ],
        [
          39.541,
          -9.303485,
          98.17168
        ],
        [
          39.533085,
          -9.292792,
          88.61579
        ],
        [
          39.533085,
          -9.276752,
          82.07468
        ],
        [
          39.546276,
          -9.274079,
          90.53901
        ],
        [
          39.548916,
          -9.287446,
          97.53005
        ],
        [
          39.562107,
          -9.268733,
          97.192314
        ],
        [
          39.548916,
          -9.25002,
          81.983505
        ],
        [
          39.57002,
          -9.258039,
          95.952644
        ],
        [
          39.57002,
          -9.244674,
          89.95389
        ],
        [
          39.559467,
          -9.247347,
          86.71611
        ],
        [
          39.55683,
          -9.23398,
          77.831726
        ],
        [
          39.567383,
          -9.225961,
          78.62364
        ],
        [
          39.577934,
          -9.23398,
          88.10768
        ],
        [
          39.5753,
          -9.215268,
          76.78088
        ],
        [
          39.564743,
          -9.212595,
          69.04183
        ],
        [
          39.55419,
          -9.215268,
          64.74543
        ],
        [
          39.53836,
          -9.215268,
          54.885246
        ],
        [
          39.533085,
          -9.199228,
          40.2953
        ],
        [
          39.54364,
          -9.204575,
          50.588425
        ],
        [
          39.55155,
          -9.196555,
          49.767765
        ],
        [
          39.562107,
          -9.199228,
          58.597305
        ],
        [
          39.57002,
          -9.191209,
          59.232338
        ],
        [
          39.564743,
          -9.177842,
          48.030556
        ],
        [
          39.564743,
          -9.164475,
          40.68642
        ],
        [
          39.580574,
          -9.16715,
          56.094757
        ],
        [
          39.591125,
          -9.172496,
          75.77609
        ],
        [
          39.580574,
          -9.180515,
          62.08816
        ],
        [
          39.58849,
          -9.188536,
          75.04804
        ],
        [
          39.609592,
          -9.188536,
          102.879906
        ],
        [
          39.606956,
          -9.201901,
          97.89235
        ],
        [
          39.58321,
          -9.207248,
          77.236916
        ],
        [
          39.58849,
          -9.217941,
          86.165245
        ],
        [
          39.620148,
          -9.217941,
          134.03218
        ],
        [
          39.62806,
          -9.207248,
          156.39977
        ],
        [
          39.620148,
          -9.199228,
          130.01466
        ],
        [
          39.6307,
          -9.191209,
          156.65111
        ],
        [
          39.620148,
          -9.185862,
          128.78845
        ],
        [
          39.61487,
          -9.175169,
          118.351845
        ],
        [
          39.604317,
          -9.177842,
          98.38442
        ],
        [
          39.606956,
          -9.164475,
          106.09967
        ],
        [
          39.577934,
          -9.153783,
          48.15831
        ],
        [
          39.58849,
          -9.143089,
          61.511276
        ],
        [
          39.60168,
          -9.140416,
          88.88421
        ],
        [
          39.606956,
          -9.151109,
          102.82254
        ],
        [
          39.617508,
          -9.127049,
          87.444084
        ],
        [
          39.622784,
          -9.137742,
          103.78085
        ],
        [
          39.64389,
          -9.137742,
          93.040405
        ],
        [
          39.670273,
          -9.148436,
          89.85403
        ],
        [
          39.664997,
          -9.16715,
          148.32463
        ],
        [
          39.67291,
          -9.177842,
          163.83925
        ],
        [
          39.667633,
          -9.191209,
          218.20403
        ],
        [
          39.67291,
          -9.201901,
          237.19221
        ],
        [
          39.664997,
          -9.212595,
          305.13397
        ],
        [
          39.67819,
          -9.212595,
          250.5966
        ],
        [
          39.68874,
          -9.215268,
          208.08583
        ],
        [
          39.694016,
          -9.225961,
          196.7197
        ],
        [
          39.67291,
          -9.236654,
          321.01077
        ],
        [
          39.680824,
          -9.247347,
          279.60437
        ],
        [
          39.691376,
          -9.252693,
          205.8296
        ],
        [
          39.694016,
          -9.239327,
          195.98552
        ],
        [
          39.704567,
          -9.247347,
          169.66171
        ],
        [
          39.71776,
          -9.244674,
          137.58142
        ],
        [
          39.709846,
          -9.231307,
          158.10907
        ],
        [
          39.71776,
          -9.223288,
          139.77208
        ],
        [
          39.709846,
          -9.215268,
          151.93254
        ],
        [
          39.715122,
          -9.204575,
          132.58707
        ],
        [
          39.712482,
          -9.191209,
          122.3046
        ],
        [
          39.691376,
          -9.196555,
          152.25108
        ],
        [
          39.683464,
          -9.188536,
          160.89952
        ],
        [
          39.6861,
          -9.175169,
          124.87073
        ],
        [
          39.70193,
          -9.159129,
          82.852806
        ],
        [
          39.696655,
          -9.148436,
          70.251785
        ],
        [
          39.65708,
          -9.140416,
          81.69861
        ],
        [
          39.64125,
          -9.164475,
          152.52219
        ],
        [
          39.635975,
          -9.153783,
          131.20439
        ],
        [
          39.625423,
          -9.151109,
          119.41783
        ],
        [
          39.622784,
          -9.16715,
          133.03784
        ],
        [
          39.6307,
          -9.177842,
          150.72891
        ],
        [
          39.64125,
          -9.177842,
          167.79103
        ],
        [
          39.651806,
          -9.175169,
          168.65608
        ],
        [
          39.64125,
          -9.199228,
          190.21225
        ],
        [
          39.649166,
          -9.207248,
          227.36806
        ],
        [
          39.649166,
          -9.220614,
          254.71759
        ],
        [
          39.664997,
          -9.225961,
          345.9622
        ],
        [
          39.662357,
          -9.239327,
          351.4746
        ],
        [
          39.651806,
          -9.236654,
          297.79547
        ],
        [
          39.62806,
          -9.236654,
          188.43768
        ],
        [
          39.604317,
          -9.255366,
          118.858894
        ],
