{
  "routes": [
    {
      "route_id": 1,
      "length_km": 39.252,
      "minimum_depth_m": 101.286446,
      "mission_duration_h": 11,
      "mission_duration_m": 9,
      "waypoints": [
        [
          39.57266,
          -9.292792,
          110.0299
        ],
        [
          39.57002,
          -9.300812,
          111.81263
        ],
        [
          39.559467,
          -9.306158,
          109.90472
        ],
        [
          39.55155,
          -9.295465,
          102.24017
        ],
        [
          39.57266,
          -9.282099,
          106.36986
        ],
        [
          39.593765,
          -9.268733,
          119.0015
        ],
        [
          39.625423,
          -9.25002,
          197.55615
        ],
        [
          39.65708,
          -9.231307,
          314.10754
        ],
        [
          39.67819,
          -9.217941,
          267.6752
        ],
        [
          39.69929,
          -9.204575,
          154.0036
        ],
        [
          39.707207,
          -9.215268,
          157.25604
        ],
        [
          39.696655,
          -9.223288,
          190.5227
        ],
        [
          39.67555,
          -9.236654,
          305.19357
        ],
        [
          39.64389,
          -9.255366,
          295.08105
        ],
        [
          39.612232,
          -9.274079,
          158.04301
        ],
        [
          39.580574,
          -9.292792,
          112.93775
        ],
        [
          39.57446,
          -9.292792,
          110.0299
        ]
      ]
    }
  ]
}