{
  "routes": [
    {
      "route_id": 1,
      "length_km": 37.041,
      "minimum_depth_m": 102.3958,
      "mission_duration_h": 10,
      "mission_duration_m": 40,
      "waypoints": [
        [
          39.57266,
          -9.292792,
          110.0299
        ],
        [
          39.5753,
          -9.295465,
          111.911865
        ],
        [
          39.567383,
          -9.303485,
          111.76999
        ],
        [
          39.580574,
          -9.308832,
          120.84726
        ],
        [
          39.567383,
          -9.327544,
          126.11424
        ],
        [
          39.58321,
          -9.343584,
          167.05566
        ],
        [
          39.5964,
          -9.343584,
          274.3446
        ],
        [
          39.604317,
          -9.335565,
          304.19208
        ],
        [
          39.61487,
          -9.335565,
          356.3693
        ],
        [
          39.604317,
          -9.356951,
          396.26114
        ],
        [
          39.591125,
          -9.362297,
          283.79037
        ],
        [
          39.5964,
          -9.37299,
          391.36273
        ],
        [
          39.606956,
          -9.3703165,
          489.22522
        ],
        [
          39.604317,
          -9.383683,
          529.24365
        ],
        [
          39.612232,
          -9.391703,
          631.2876
        ],
        [
          39.604317,
          -9.399722,
          614.6249
        ],
        [
          39.58849,
          -9.38101,
          346.19583
        ],
        [
          39.564743,
          -9.34893,
          140.27315
        ],
        [
          39.55155,
          -9.343584,
          119.48455
        ],
        [
          39.55419,
          -9.330218,
          114.64339
        ],
        [
          39.548916,
          -9.319525,
          108.34841
        ],
        [
          39.55683,
          -9.311505,
          110.68573
        ],
        [
          39.548916,
          -9.300812,
          102.3958
        ],
        [
          39.564743,
          -9.279426,
          102.51209
        ],
        [
          39.571564,
          -9.290943,
          110.0299
        ]
      ]
    }
  ]
}