{
  "routes": [
    {
      "route_id": 1,
      "length_km": 36.352,
      "minimum_depth_m": 109.11489,
      "mission_duration_h": 10,
      "mission_duration_m": 30,
      "waypoints": [
        [
          39.57266,
          -9.292792,
          110.0299
        ],
        [
          39.57266,
          -9.290119,
          109.11489
        ],
        [
          39.5753,
          -9.311505,
          120.553406
        ],
        [
          39.567383,
          -9.324871,
          124.482605
        ],
        [
          39.567383,
          -9.338238,
          134.47514
        ],
        [
          39.57266,
          -9.34893,
          152.79103
        ],
        [
          39.57266,
          -9.362297,
          173.20686
        ],
        [
          39.562107,
          -9.367643,
          168.67986
        ],
        [
          39.567383,
          -9.378337,
          220.45747
        ],
        [
          39.567383,
          -9.391703,
          289.94568
        ],
        [
          39.57266,
          -9.402396,
          419.525
        ],
        [
          39.58321,
          -9.4077425,
          535.85406
        ],
        [
          39.57266,
          -9.418435,
          567.6585
        ],
        [
          39.58321,
          -9.421108,
          638.7078
        ],
        [
          39.591125,
          -9.429129,
          655.16656
        ],
        [
          39.612232,
          -9.418435,
          697.07666
        ],
        [
          39.622784,
          -9.410416,
          654.7551
        ],
        [
          39.612232,
          -9.405069,
          676.7874
        ],
        [
          39.61487,
          -9.391703,
          633.5223
        ],
        [
          39.625423,
          -9.391703,
          642.46106
        ],
        [
          39.61487,
          -9.367643,
          518.7906
        ],
        [
          39.604317,
          -9.375663,
          488.5743
        ],
        [
          39.60168,
          -9.356951,
          370.1291
        ],
        [
          39.5964,
          -9.343584,
          274.3446
        ],
        [
          39.5964,
          -9.327544,
          224.48187
        ],
        [
          39.58849,
          -9.303485,
          135.58893
        ],
        [
          39.574257,
          -9.293871,
          110.0299
        ]
      ]
    }
  ]
}