{
  "routes": [
    {
      "route_id": 1,
      "length_km": 36.653,
      "minimum_depth_m": 41.71545,
      "mission_duration_h": 10,
      "mission_duration_m": 33,
      "waypoints": [
        [
          39.57266,
          -9.292792,
          110.0299
        ],
        [
          39.564743,
          -9.279426,
          102.51209
        ],
        [
          39.562107,
          -9.263387,
          94.92799
        ],
        [
          39.5753,
          -9.252693,
          96.040825
        ],
        [
          39.580574,
          -9.23398,
          89.39218
        ],
        [
          39.567383,
          -9.209921,
          68.9006
        ],
        [
          39.57266,
          -9.193882,
          62.504566
        ],
        [
          39.58321,
          -9.180515,
          64.78121
        ],
        [
          39.57266,
          -9.175169,
          53.123028
        ],
        [
          39.567383,
          -9.161802,
          41.71545
        ],
        [
          39.580574,
          -9.161802,
          53.926895
        ],
        [
          39.593765,
          -9.16715,
          80.05667
        ],
        [
          39.59904,
          -9.177842,
          89.70788
        ],
        [
          39.609592,
          -9.172496,
          109.15149
        ],
        [
          39.620148,
          -9.172496,
          128.73962
        ],
        [
          39.609592,
          -9.196555,
          100.74454
        ],
        [
          39.62806,
          -9.212595,
          158.7179
        ],
        [
          39.620148,
          -9.228634,
          143.55235
        ],
        [
          39.606956,
          -9.236654,
          107.169945
        ],
        [
          39.606956,
          -9.25002,
          115.515335
        ],
        [
          39.593765,
          -9.252693,
          107.9758
        ],
        [
          39.58585,
          -9.260714,
          105.54673
        ],
        [
          39.5753,
          -9.279426,
          106.43576
        ],
        [
          39.5753,
          -9.295465,
          111.911865
        ],
        [
          39.574078,
          -9.294229,
          110.0299
        ]
      ]
    }
  ]
}