{
  "routes": [
    {
      "route_id": 1,
      "length_km": 36.655,
      "minimum_depth_m": 108.14328,
      "mission_duration_h": 10,
      "mission_duration_m": 34,
      "waypoints": [
        [
          39.57266,
          -9.292792,
          110.0299
        ],
        [
          39.60168,
          -9.279426,
          139.77101
        ],
        [
          39.5964,
          -9.268733,
          122.22772
        ],
        [
          39.620148,
          -9.239327,
          156.56822
        ],
        [
          39.62806,
          -9.231307,
          179.3466
        ],
        [
          39.638615,
          -9.228634,
          217.1299
        ],
        [
          39.646526,
          -9.236654,
          272.85654
        ],
        [
          39.64125,
          -9.247347,
          271.31757
        ],
        [
          39.62806,
          -9.25002,
          211.38583
        ],
        [
          39.6307,
          -9.263387,
          253.21231
        ],
        [
          39.62806,
          -9.279426,
          267.637
        ],
        [
          39.606956,
          -9.295465,
          177.09703
        ],
        [
          39.60168,
          -9.306158,
          182.29196
        ],
        [
          39.59904,
          -9.322198,
          223.69624
        ],
        [
          39.604317,
          -9.335565,
          304.19208
        ],
        [
          39.5964,
          -9.343584,
          274.3446
        ],
        [
          39.593765,
          -9.356951,
          291.73297
        ],
        [
          39.58321,
          -9.356951,
          187.20485
        ],
        [
          39.57266,
          -9.362297,
          173.20686
        ],
        [
          39.58321,
          -9.343584,
          167.05566
        ],
        [
          39.58321,
          -9.330218,
          147.87352
        ],
        [
          39.5753,
          -9.319525,
          127.05723
        ],
        [
          39.580574,
          -9.308832,
          120.84726
        ],
        [
          39.567383,
          -9.303485,
          111.76999
        ],
        [
          39.57002,
          -9.290119,
          108.14328
        ],
        [
          39.571243,
          -9.291357,
          110.0299
        ]
      ]
    }
  ]
}