{
  "routes": [
    {
      "route_id": 1,
      "length_km": 153.833,
      "minimum_depth_m": 109.060616,
      "mission_duration_h": 44,
      "mission_duration_m": 28,
      "waypoints": [
        [
          39.57266,
          -9.292792,
          110.0299
        ],
        [
          39.57002,
          -9.292792,
          109.060616
        ],
        [
          39.58321,
          -9.287446,
          113.417755
        ],
        [
          39.59904,
          -9.292792,
          153.3448
        ],
        [
          39.609592,
          -9.292792,
          178.58922
        ],
        [
          39.649166,
          -9.308832,
          302.32928
        ],
        [
          39.659718,
          -9.306158,
          250.86972
        ],
        [
          39.664997,
          -9.316852,
          211.35274
        ],
        [
          39.67819,
          -9.319525,
          174.6746
        ],
        [
          39.68874,
          -9.316852,
          151.25851
        ],
        [
          39.70193,
          -9.319525,
          137.16707
        ],
        [
          39.709846,
          -9.311505,
          134.28679
        ],
        [
          39.720398,
          -9.316852,
          131.4505
        ],
        [
          39.712482,
          -9.324871,
          134.53069
        ],
        [
          39.71776,
          -9.335565,
          134.482
        ],
        [
          39.71776,
          -9.3516035,
          137.28601
        ],
        [
          39.709846,
          -9.359624,
          142.58452
        ],
        [
          39.720398,
          -9.36497,
          138.09604
        ],
        [
          39.715122,
          -9.375663,
          142.71533
        ],
        [
          39.720398,
          -9.386356,
          140.86858
        ],
        [
          39.720398,
          -9.399722,
          142.16122
        ],
        [
          39.70193,
          -9.399722,
          153.20972
        ],
        [
          39.707207,
          -9.3890295,
          150.3655
        ],
        [
          39.69929,
          -9.36497,
          149.35599
        ],
        [
          39.68874,
          -9.3703165,
          171.92664
        ],
        [
          39.691376,
          -9.383683,
          168.77112
        ],
        [
          39.680824,
          -9.386356,
          221.77072
        ],
        [
          39.6861,
          -9.402396,
          189.84886
        ],
        [
          39.694016,
          -9.410416,
          156.33853
        ],
        [
          39.704567,
          -9.413089,
          150.91731
        ],
        [
          39.712482,
          -9.421108,
          147.62756
        ],
        [
          39.704567,
          -9.429129,
          151.14725
        ],
        [
          39.68874,
          -9.423781,
          169.51007
        ],
        [
          39.680824,
          -9.415762,
          201.81737
        ],
        [
          39.670273,
          -9.410416,
          247.1863
        ],
        [
          39.670273,
          -9.423781,
          223.7455
        ],
        [
          39.659718,
          -9.429129,
          277.63107
        ],
        [
          39.651806,
          -9.421108,
          390.96692
        ],
        [
          39.64389,
          -9.429129,
          417.91507
        ],
        [
          39.64389,
          -9.413089,
          519.04877
        ],
        [
          39.635975,
          -9.421108,
          548.0441
        ],
        [
          39.609592,
          -9.4264555,
          657.2007
        ],
        [
          39.612232,
          -9.410416,
          694.9873
        ],
        [
          39.622784,
          -9.405069,
          650.60406
        ],
        [
          39.63334,
          -9.405069,
          624.4207
        ],
        [
          39.63334,
          -9.391703,
          649.16516
        ],
        [
          39.64389,
          -9.397049,
          562.4273
        ],
        [
          39.65444,
          -9.405069,
          411.66113
        ],
        [
          39.667633,
          -9.397049,
          277.1588
        ],
        [
          39.662357,
          -9.386356,
          339.73444
        ],
        [
          39.67291,
          -9.3703165,
          230.33183
        ],
        [
          39.651806,
          -9.37299,
          427.53503
        ],
        [
          39.646526,
          -9.383683,
          533.7988
        ],
        [
          39.635975,
          -9.375663,
          599.3919
        ],
        [
          39.64389,
          -9.36497,
          485.6918
        ],
        [
          39.65444,
          -9.359624,
          350.9829
        ],
        [
          39.662357,
          -9.3516035,
          250.47917
        ],
        [
          39.67291,
          -9.34893,
          195.74901
        ],
        [
          39.6861,
          -9.354278,
          168.17181
        ],
        [
          39.696655,
          -9.34893,
          145.028
        ],
        [
          39.694016,
          -9.335565,
          140.64998
        ],
        [
          39.683464,
          -9.338238,
          160.96733
        ],
        [
          39.67291,
          -9.332891,
          173.55435
        ],
        [
          39.662357,
          -9.332891,
          211.10893
        ],
        [
          39.65444,
          -9.324871,
          271.77182
        ],
        [
          39.638615,
          -9.327544,
          382.12747
        ],
        [
          39.646526,
          -9.335565,
          341.27417
        ],
        [
          39.651806,
          -9.346257,
          334.91577
        ],
        [
          39.6307,
          -9.354278,
          483.74844
        ],
        [
          39.620148,
          -9.34893,
          435.04636
        ],
        [
          39.625423,
          -9.335565,
          380.1279
        ],
        [
          39.61487,
          -9.338238,
          369.85568
        ],
        [
          39.604317,
          -9.3516035,
          373.24387
        ],
        [
          39.612232,
          -9.359624,
          472.37784
        ],
        [
          39.604317,
          -9.367643,
          447.9049
        ],
        [
          39.609592,
          -9.378337,
          558.38556
        ],
        [
          39.620148,
          -9.383683,
          610.4315
        ],
        [
          39.609592,
          -9.397049,
          645.167
        ],
        [
          39.59904,
          -9.3890295,
          500.79843
        ],
        [
          39.58321,
          -9.386356,
          314.8728
        ],
        [
          39.591125,
          -9.37299,
          335.59268
        ],
        [
          39.57002,
          -9.362297,
          167.72272
        ],
        [
          39.562107,
          -9.3703165,
          177.38466
        ],
        [
          39.57266,
          -9.378337,
          237.41592
        ],
        [
          39.55155,
          -9.405069,
          323.044
        ],
        [
          39.564743,
          -9.410416,
          450.30417
        ],
        [
          39.57266,
          -9.402396,
          419.525
        ],
        [
          39.58321,
          -9.402396,
          477.93973
        ],
        [
          39.5964,
          -9.4077425,
          612.2475
        ],
        [
          39.60168,
          -9.418435,
          683.6396
        ],
        [
          39.593765,
          -9.4264555,
          655.1352
        ],
        [
          39.58321,
          -9.429129,
          661.2834
        ],
        [
          39.55155,
          -9.418435,
          424.57245
        ],
        [
          39.541,
          -9.4264555,
          372.0004
        ],
        [
          39.53836,
          -9.413089,
          269.53857
        ],
