{
  "routes": [
    {
      "route_id": 1,
      "length_km": 36.367,
      "minimum_depth_m": 62.504566,
      "mission_duration_h": 10,
      "mission_duration_m": 26,
      "waypoints": [
        [
          39.57266,
          -9.292792,
          110.0299
        ],
        [
          39.564743,
          -9.287446,
          105.27807
        ],
        [
          39.564743,
          -9.274079,
          100.45705
        ],
        [
          39.57002,
          -9.263387,
          98.121056
        ],
        [
          39.57002,
          -9.244674,
          89.95389
        ],
        [
          39.55683,
          -9.215268,
          66.2718
        ],
        [
          39.577934,
          -9.204575,
          72.25994
        ],
        [
          39.57266,
          -9.193882,
          62.504566
        ],
        [
          39.58321,
          -9.180515,
          64.78121
        ],
        [
          39.593765,
          -9.175169,
          80.787674
        ],
        [
          39.593765,
          -9.161802,
          78.65666
        ],
        [
          39.604317,
          -9.16715,
          100.8469
        ],
        [
          39.612232,
          -9.156456,
          112.829834
        ],
        [
          39.622784,
          -9.156456,
          123.2152
        ],
        [
          39.63334,
          -9.161802,
          142.68779
        ],
        [
          39.638615,
          -9.172496,
          161.98956
        ],
        [
          39.622784,
          -9.188536,
          135.46533
        ],
        [
          39.612232,
          -9.183188,
          110.53935
        ],
        [
          39.604317,
          -9.191209,
          95.30632
        ],
        [
          39.593765,
          -9.191209,
          82.24967
        ],
        [
          39.58321,
          -9.217941,
          82.770164
        ],
        [
          39.57298,
          -9.290503,
          110.0299
        ]
      ]
    }
  ]
}