{
  "routes": [
    {
      "route_id": 1,
      "length_km": 38.147,
      "minimum_depth_m": 89.39218,
      "mission_duration_h": 11,
      "mission_duration_m": 0,
      "waypoints": [
        [
          39.57266,
          -9.292792,
          110.0299
        ],
        [
          39.5753,
          -9.287446,
          109.17381
        ],
        [
          39.5753,
          -9.274079,
          104.45871
        ],
        [
          39.58585,
          -9.279426,
          114.53341
        ],
        [
          39.5964,
          -9.276752,
          128.31947
        ],
        [
          39.606956,
          -9.279426,
          148.18355
        ],
        [
          39.61487,
          -9.271406,
          171.21594
        ],
        [
          39.609592,
          -9.260714,
          129.3725
        ],
        [
          39.622784,
          -9.252693,
          188.3373
        ],
        [
          39.62806,
          -9.263387,
          237.73509
        ],
        [
          39.651806,
          -9.258039,
          319.88486
        ],
        [
          39.65708,
          -9.247347,
          339.98816
        ],
        [
          39.638615,
          -9.244674,
          253.7664
        ],
        [
          39.65708,
          -9.231307,
          314.10754
        ],
        [
          39.651806,
          -9.217941,
          262.07428
        ],
        [
          39.64125,
          -9.217941,
          210.76787
        ],
        [
          39.625423,
          -9.239327,
          180.8449
        ],
        [
          39.609592,
          -9.244674,
          113.721954
        ],
        [
          39.60168,
          -9.236654,
          103.82203
        ],
        [
          39.591125,
          -9.239327,
          98.53941
        ],
        [
          39.580574,
          -9.23398,
          89.39218
        ],
        [
          39.57266,
          -9.260714,
          98.11719
        ],
        [
          39.564743,
          -9.252693,
          91.52765
        ],
        [
          39.55419,
          -9.276752,
          97.46962
        ],
        [
          39.564743,
          -9.274079,
          100.45705
        ],
        [
          39.564743,
          -9.287446,
          105.27807
        ],
        [
          39.57106,
          -9.291714,
          110.0299
        ]
      ]
    }
  ]
}