{
  "routes": [
    {
      "route_id": 1,
      "length_km": 37.926,
      "minimum_depth_m": 110.0299,
      "mission_duration_h": 10,
      "mission_duration_m": 55,
      "waypoints": [
        [
          39.57266,
          -9.292792,
          110.0299
        ],
        [
          39.577934,
          -9.295465,
          112.87882
        ],
        [
          39.59904,
          -9.292792,
          153.3448
        ],
        [
          39.612232,
          -9.298139,
          202.12523
        ],
        [
          39.622784,
          -9.292792,
          253.68446
        ],
        [
          39.63334,
          -9.292792,
          315.48074
        ],
        [
          39.649166,
          -9.308832,
          302.32928
        ],
        [
          39.65444,
          -9.324871,
          271.77182
        ],
        [
          39.670273,
          -9.330218,
          180.10442
        ],
        [
          39.67291,
          -9.346257,
          192.0499
        ],
        [
          39.6861,
          -9.354278,
          168.17181
        ],
        [
          39.691376,
          -9.383683,
          168.77112
        ],
        [
          39.680824,
          -9.391703,
          221.12317
        ],
        [
          39.65708,
          -9.405069,
          379.3919
        ],
        [
          39.64389,
          -9.397049,
          562.4273
        ],
        [
          39.62806,
          -9.391703,
          644.6958
        ],
        [
          39.620148,
          -9.383683,
          610.4315
        ],
        [
          39.609592,
          -9.378337,
          558.38556
        ],
        [
          39.60168,
          -9.36497,
          406.82697
        ],
        [
          39.591125,
          -9.3516035,
          251.93217
        ],
        [
          39.580574,
          -9.346257,
          161.71019
        ],
        [
          39.58321,
          -9.330218,
          147.87352
        ],
        [
          39.58849,
          -9.316852,
          157.85838
        ],
        [
          39.58321,
          -9.306158,
          121.61397
        ],
        [
          39.573944,
          -9.294422,
          110.0299
        ]
      ]
    }
  ]
}