{
  "routes": [
    {
      "route_id": 1,
      "length_km": 37.091,
      "minimum_depth_m": 89.39218,
      "mission_duration_h": 10,
      "mission_duration_m": 43,
      "waypoints": [
        [
          39.57266,
          -9.292792,
          110.0299
        ],
        [
          39.5753,
          -9.279426,
          106.43576
        ],
        [
          39.55419,
          -9.276752,
          97.46962
        ],
        [
          39.562107,
          -9.263387,
          94.92799
        ],
        [
          39.57266,
          -9.26606,
          100.25363
        ],
        [
          39.580574,
          -9.23398,
          89.39218
        ],
        [
          39.591125,
          -9.239327,
          98.53941
        ],
        [
          39.606956,
          -9.236654,
          107.169945
        ],
        [
          39.620148,
          -9.228634,
          143.55235
        ],
        [
          39.617508,
          -9.212595,
          124.273125
        ],
        [
          39.62806,
          -9.212595,
          158.7179
        ],
        [
          39.62806,
          -9.196555,
          151.7635
        ],
        [
          39.638615,
          -9.193882,
          179.11278
        ],
        [
          39.651806,
          -9.217941,
          262.07428
        ],
        [
          39.64125,
          -9.220614,
          213.70438
        ],
        [
          39.63334,
          -9.228634,
          195.63353
        ],
        [
          39.62806,
          -9.239327,
          192.98323
        ],
        [
          39.617508,
          -9.242001,
          147.25333
        ],
        [
          39.609592,
          -9.25002,
          117.39076
        ],
        [
          39.59904,
          -9.263387,
          121.00683
        ],
        [
          39.59904,
          -9.276752,
          132.1246
        ],
        [
          39.609592,
          -9.279426,
          152.38982
        ],
        [
          39.604317,
          -9.290119,
          161.56906
        ],
        [
          39.60168,
          -9.306158,
          182.29196
        ],
        [
          39.591125,
          -9.298139,
          138.9977
        ],
        [
          39.577934,
          -9.292792,
          111.96847
        ],
        [
          39.574455,
          -9.292792,
          110.0299
        ]
      ]
    }
  ]
}