{
  "routes": [
    {
      "route_id": 1,
      "length_km": 37.868,
      "minimum_depth_m": 110.0299,
      "mission_duration_h": 10,
      "mission_duration_m": 48,
      "waypoints": [
        [
          39.57266,
          -9.292792,
          110.0299
        ],
        [
          39.58849,
          -9.316852,
          157.85838
        ],
        [
          39.604317,
          -9.3516035,
          373.24387
        ],
        [
          39.5964,
          -9.359624,
          326.5691
        ],
        [
          39.620148,
          -9.383683,
          610.4315
        ],
        [
          39.62806,
          -9.394376,
          643.2591
        ],
        [
          39.63334,
          -9.405069,
          624.4207
        ],
        [
          39.64389,
          -9.397049,
          562.4273
        ],
        [
          39.65708,
          -9.405069,
          379.3919
        ],
        [
          39.694016,
          -9.399722,
          157.9448
        ],
        [
          39.691376,
          -9.383683,
          168.77112
        ],
        [
          39.670273,
          -9.37299,
          245.6308
        ],
        [
          39.662357,
          -9.362297,
          274.2013
        ],
        [
          39.646526,
          -9.356951,
          424.24258
        ],
        [
          39.635975,
          -9.356951,
          507.719
        ],
        [
          39.62806,
          -9.34893,
          451.9141
        ],
        [
          39.62806,
          -9.335565,
          386.06754
        ],
        [
          39.620148,
          -9.327544,
          335.89948
        ],
        [
          39.574226,
          -9.293939,
          110.0299
        ]
      ]
    }
  ]
}