{
  "routes": [
    {
      "route_id": 1,
      "length_km": 36.357,
      "minimum_depth_m": 49.482197,
      "mission_duration_h": 10,
      "mission_duration_m": 26,
      "waypoints": [
        [
          39.57266,
          -9.292792,
          110.0299
        ],
        [
          39.567383,
          -9.287446,
          106.25201
        ],
        [
          39.5753,
          -9.279426,
          106.43576
        ],
        [
          39.5753,
          -9.26606,
          101.302
        ],
        [
          39.57002,
          -9.247347,
          91.37881
        ],
        [
          39.577934,
          -9.23398,
          88.10768
        ],
        [
          39.5753,
          -9.220614,
          79.883316
        ],
        [
          39.58849,
          -9.217941,
          86.165245
        ],
        [
          39.59904,
          -9.193882,
          88.64979
        ],
        [
          39.593765,
          -9.183188,
          81.51867
        ],
        [
          39.580574,
          -9.180515,
          62.08816
        ],
        [
          39.580574,
          -9.193882,
          68.10428
        ],
        [
          39.559467,
          -9.188536,
          50.014286
        ],
        [
          39.54364,
          -9.204575,
          50.588425
        ],
        [
          39.53836,
          -9.215268,
          54.885246
        ],
        [
          39.55419,
          -9.215268,
          64.74543
        ],
        [
          39.567383,
          -9.207248,
          67.2124
        ],
        [
          39.55683,
          -9.23398,
          77.831726
        ],
        [
          39.559467,
          -9.247347,
          86.71611
        ],
        [
          39.541,
          -9.284773,
          90.951866
        ],
        [
          39.548916,
          -9.295465,
          100.4495
        ],
        [
          39.55419,
          -9.306158,
          107.684074
        ],
        [
          39.571087,
          -9.29393,
          110.0299
        ]
      ]
    }
  ]
}