{
  "routes": [
    {
      "route_id": 1,
      "length_km": 19.085,
      "minimum_depth_m": 100.00999,
      "mission_duration_h": 5,
      "mission_duration_m": 31,
      "waypoints": [
        [
          39.57266,
          -9.292792,
          110.0299
        ],
        [
          39.567383,
          -9.303485,
          111.76999
        ],
        [
          39.577934,
          -9.306158,
          117.26965
        ],
        [
          39.58585,
          -9.314178,
          141.74928
        ],
        [
          39.5753,
          -9.319525,
          127.05723
        ],
        [
          39.564743,
          -9.316852,
          117.82048
        ],
        [
          39.55683,
          -9.308832,
          109.76916
        ],
        [
          39.548916,
          -9.319525,
          108.34841
        ],
        [
          39.53836,
          -9.324871,
          103.75653
        ],
        [
          39.541,
          -9.308832,
          100.00999
        ],
        [
          39.562107,
          -9.279426,
          101.53118
        ],
        [
          39.57266,
          -9.274079,
          103.45829
        ],
        [
          39.58585,
          -9.279426,
          114.53341
        ],
        [
          39.5753,
          -9.287446,
          109.17381
        ],
        [
          39.573627,
          -9.29083,
          110.0299
        ]
      ]
    }
  ]
}