{
  "routes": [
    {
      "route_id": 1,
      "length_km": 18.427,
      "minimum_depth_m": 110.0299,
      "mission_duration_h": 5,
      "mission_duration_m": 16,
      "waypoints": [
        [
          39.57266,
          -9.292792,
          110.0299
        ],
        [
          39.57002,
          -9.332891,
          132.33517
        ],
        [
          39.580574,
          -9.346257,
          161.71019
        ],
        [
          39.591125,
          -9.3516035,
          251.93217
        ],
        [
          39.58321,
          -9.359624,
          191.23468
        ],
        [
          39.591125,
          -9.367643,
          309.69153
        ],
        [
          39.60168,
          -9.36497,
          406.82697
        ],
        [
          39.612232,
          -9.359624,
          472.37784
        ],
        [
          39.593765,
          -9.322198,
          195.50427
        ],
        [
          39.58321,
          -9.306158,
          121.61397
        ],
        [
          39.573944,
          -9.294422,
          110.0299
        ]
      ]
    }
  ]
}