{
  "routes": [
    {
      "route_id": 1,
      "length_km": 37.078,
      "minimum_depth_m": 101.476906,
      "mission_duration_h": 10,
      "mission_duration_m": 43,
      "waypoints": [
        [
          39.57266,
          -9.292792,
          110.0299
        ],
        [
          39.567383,
          -9.290119,
          107.17167
        ],
        [
          39.562107,
          -9.279426,
          101.53118
        ],
        [
          39.55419,
          -9.290119,
          102.162224
        ],
        [
          39.548916,
          -9.300812,
          102.3958
        ],
        [
          39.55683,
          -9.308832,
          109.76916
        ],
        [
          39.567383,
          -9.303485,
          111.76999
        ],
        [
          39.567383,
          -9.316852,
          119.587685
        ],
        [
          39.577934,
          -9.327544,
          136.04332
        ],
        [
          39.591125,
          -9.327544,
          192.67145
        ],
        [
          39.60168,
          -9.306158,
          182.29196
        ],
        [
          39.612232,
          -9.303485,
          212.36226
        ],
        [
          39.617508,
          -9.292792,
          222.78633
        ],
        [
          39.62806,
          -9.279426,
          267.637
        ],
        [
          39.6307,
          -9.263387,
          253.21231
        ],
        [
          39.64389,
          -9.244674,
          277.1688
        ],
        [
          39.65708,
          -9.239327,
          327.04785
        ],
        [
          39.659718,
          -9.225961,
          318.97452
        ],
        [
          39.651806,
          -9.217941,
          262.07428
        ],
        [
          39.64125,
          -9.217941,
          210.76787
        ],
        [
          39.64389,
          -9.231307,
          249.19928
        ],
        [
          39.6307,
          -9.236654,
          200.1455
        ],
        [
          39.62806,
          -9.25002,
          211.38583
        ],
        [
          39.620148,
          -9.260714,
          187.0221
        ],
        [
          39.606956,
          -9.279426,
          148.18355
        ],
        [
          39.5964,
          -9.276752,
          128.31947
        ],
        [
          39.58849,
          -9.290119,
          126.22823
        ],
        [
          39.574444,
          -9.292491,
          110.0299
        ]
      ]
    }
  ]
}