{
  "routes": [
    {
      "route_id": 1,
      "length_km": 36.793,
      "minimum_depth_m": 86.82319,
      "mission_duration_h": 10,
      "mission_duration_m": 38,
      "waypoints": [
        [
          39.57266,
          -9.292792,
          110.0299
        ],
        [
          39.577934,
          -9.282099,
          108.327034
        ],
        [
          39.58849,
          -9.276752,
          116.904106
        ],
        [
          39.580574,
          -9.263387,
          102.37847
        ],
        [
          39.591125,
          -9.258039,
          109.1967
        ],
        [
          39.58849,
          -9.244674,
          99.600716
        ],
        [
          39.59904,
          -9.236654,
          102.14807
        ],
        [
          39.604317,
          -9.225961,
          99.235115
        ],
        [
          39.609592,
          -9.236654,
          108.84391
        ],
        [
          39.620148,
          -9.239327,
          156.56822
        ],
        [
          39.64125,
          -9.23398,
          242.06763
        ],
        [
          39.635975,
          -9.223288,
          194.37555
        ],
        [
          39.646526,
          -9.223288,
          246.16753
        ],
        [
          39.65444,
          -9.212595,
          260.58322
        ],
        [
          39.64389,
          -9.204575,
          204.68958
        ],
        [
          39.64389,
          -9.191209,
          186.16002
        ],
        [
          39.622784,
          -9.207248,
          139.95757
        ],
        [
          39.625423,
          -9.220614,
          152.99876
        ],
        [
          39.604317,
          -9.209921,
          95.82019
        ],
        [
          39.593765,
          -9.217941,
          89.560326
        ],
        [
          39.58585,
          -9.231307,
          91.07341
        ],
        [
          39.5753,
          -9.23398,
          86.82319
        ],
        [
          39.577934,
          -9.247347,
          94.87583
        ],
        [
          39.567383,
          -9.244674,
          88.76445
        ],
        [
          39.57002,
          -9.258039,
          95.952644
        ],
        [
          39.567383,
          -9.290119,
          107.17167
        ],
        [
          39.57098,
          -9.291942,
          110.0299
        ]
      ]
    }
  ]
}