{
  "routes": [
    {
      "route_id": 1,
      "length_km": 150.584,
      "minimum_depth_m": 41.385548,
      "mission_duration_h": 43,
      "mission_duration_m": 31,
      "waypoints": [
        [
          39.57266,
          -9.292792,
          110.0299
        ],
        [
          39.5753,
          -9.282099,
          107.34845
        ],
        [
          39.564743,
          -9.287446,
          105.27807
        ],
        [
          39.564743,
          -9.274079,
          100.45705
        ],
        [
          39.55419,
          -9.276752,
          97.46962
        ],
        [
          39.548916,
          -9.263387,
          87.80219
        ],
        [
          39.55155,
          -9.25002,
          83.8456
        ],
        [
          39.559467,
          -9.260714,
          92.7155
        ],
        [
          39.57002,
          -9.260714,
          97.03685
        ],
        [
          39.580574,
          -9.258039,
          100.337944
        ],
        [
          39.57002,
          -9.23398,
          84.254196
        ],
        [
          39.580574,
          -9.231307,
          88.06231
        ],
        [
          39.58849,
          -9.239327,
          96.83506
        ],
        [
          39.593765,
          -9.228634,
          94.46928
        ],
        [
          39.58585,
          -9.217941,
          84.467705
        ],
        [
          39.593765,
          -9.207248,
          86.44017
        ],
        [
          39.58321,
          -9.201901,
          74.47029
        ],
        [
          39.577934,
          -9.188536,
          63.725464
        ],
        [
          39.567383,
          -9.209921,
          68.9006
        ],
        [
          39.55683,
          -9.204575,
          58.788467
        ],
        [
          39.548916,
          -9.212595,
          59.556805
        ],
        [
          39.53836,
          -9.212595,
          52.99537
        ],
        [
          39.541,
          -9.193882,
          41.385548
        ],
        [
          39.55155,
          -9.193882,
          47.862865
        ],
        [
          39.55683,
          -9.180515,
          43.21471
        ],
        [
          39.567383,
          -9.172496,
          47.315315
        ],
        [
          39.5753,
          -9.164475,
          50.21198
        ],
        [
          39.577934,
          -9.140416,
          42.614483
        ],
        [
          39.604317,
          -9.140416,
          94.54253
        ],
        [
          39.612232,
          -9.132396,
          96.95579
        ],
        [
          39.612232,
          -9.11903,
          75.05331
        ],
        [
          39.622784,
          -9.124376,
          82.4215
        ],
        [
          39.63334,
          -9.132396,
          93.51843
        ],
        [
          39.64389,
          -9.132396,
          85.54395
        ],
        [
          39.659718,
          -9.148436,
          99.90194
        ],
        [
          39.683464,
          -9.137742,
          59.42272
        ],
        [
          39.683464,
          -9.121703,
          48.619907
        ],
        [
          39.71776,
          -9.121703,
          52.291344
        ],
        [
          39.712482,
          -9.132396,
          57.770706
        ],
        [
          39.696655,
          -9.135069,
          56.223415
        ],
        [
          39.704567,
          -9.143089,
          65.05105
        ],
        [
          39.71776,
          -9.148436,
          72.13446
        ],
        [
          39.715122,
          -9.16715,
          90.686325
        ],
        [
          39.704567,
          -9.172496,
          99.89921
        ],
        [
          39.694016,
          -9.172496,
          102.45154
        ],
        [
          39.70193,
          -9.156456,
          79.82022
        ],
        [
          39.691376,
          -9.153783,
          79.09154
        ],
        [
          39.680824,
          -9.156456,
          96.78133
        ],
        [
          39.670273,
          -9.156456,
          110.84051
        ],
        [
          39.667633,
          -9.169823,
          152.59608
        ],
        [
          39.683464,
          -9.180515,
          143.06459
        ],
        [
          39.670273,
          -9.191209,
          209.6441
        ],
        [
          39.67819,
          -9.199228,
          207.90012
        ],
        [
          39.667633,
          -9.207248,
          278.8414
        ],
        [
          39.67555,
          -9.215268,
          271.8984
        ],
        [
          39.680824,
          -9.225961,
          267.51385
        ],
        [
          39.691376,
          -9.217941,
          201.4765
        ],
        [
          39.69929,
          -9.209921,
          163.61508
        ],
        [
          39.694016,
          -9.196555,
          144.09409
        ],
        [
          39.704567,
          -9.188536,
          123.3358
        ],
        [
          39.715122,
          -9.185862,
          113.998276
        ],
        [
          39.71776,
          -9.215268,
          135.96202
        ],
        [
          39.71776,
          -9.228634,
          139.22443
        ],
        [
          39.694016,
          -9.236654,
          196.13235
        ],
        [
          39.667633,
          -9.239327,
          355.87277
        ],
        [
          39.670273,
          -9.225961,
          325.2908
        ],
        [
          39.659718,
          -9.223288,
          314.91718
        ],
        [
          39.649166,
          -9.217941,
          249.24768
        ],
        [
          39.65444,
          -9.207248,
          246.26556
        ],
        [
          39.64389,
          -9.204575,
          204.68958
        ],
        [
          39.649166,
          -9.193882,
          200.01852
        ],
        [
          39.62806,
          -9.196555,
          151.7635
        ],
        [
          39.638615,
          -9.217941,
          197.94125
        ],
        [
          39.63334,
          -9.228634,
          195.63353
        ],
        [
          39.65708,
          -9.239327,
          327.04785
        ],
        [
          39.651806,
          -9.25002,
          320.4024
        ],
        [
          39.64125,
          -9.247347,
          271.31757
        ],
        [
          39.635975,
          -9.258039,
          271.65002
        ],
        [
          39.62806,
          -9.25002,
          211.38583
        ],
        [
          39.620148,
          -9.258039,
          182.74075
        ],
        [
          39.635975,
          -9.274079,
          309.20023
        ],
        [
          39.64125,
          -9.287446,
          330.8867
        ],
        [
          39.6307,
          -9.287446,
          293.8299
        ],
        [
          39.622784,
          -9.295465,
          257.65005
        ],
        [
          39.612232,
          -9.316852,
          267.15933
        ],
        [
          39.606956,
          -9.332891,
          310.40186
        ],
        [
          39.5964,
          -9.343584,
          274.3446
        ],
        [
          39.5753,
          -9.34893,
          156.96367
        ],
        [
          39.562107,
          -9.34893,
          136.10052
        ],
        [
          39.55419,
          -9.356951,
          128.25725
        ],
        [
          39.546276,
          -9.34893,
          118.66835
        ],
        [
          39.533085,
          -9.346257,
          108.729225
        ],
        [
          39.535725,
          -9.330218,
          104.05605
        ],
        [
          39.546276,
          -9.330218,
          110.105965
        ],
        [
          39.55155,
          -9.319525,
          109.94939
        ],
        [
