{
  "routes": [
    {
      "route_id": 1,
      "length_km": 36.754,
      "minimum_depth_m": 53.76719,
      "mission_duration_h": 10,
      "mission_duration_m": 34,
      "waypoints": [
        [
          39.57266,
          -9.292792,
          110.0299
        ],
        [
          39.5753,
          -9.279426,
          106.43576
        ],
        [
          39.59904,
          -9.263387,
          121.00683
        ],
        [
          39.609592,
          -9.25002,
          117.39076
        ],
        [
          39.606956,
          -9.236654,
          107.169945
        ],
        [
          39.620148,
          -9.228634,
          143.55235
        ],
        [
          39.61487,
          -9.217941,
          116.02961
        ],
        [
          39.617508,
          -9.204575,
          123.13647
        ],
        [
          39.62806,
          -9.196555,
          151.7635
        ],
        [
          39.638615,
          -9.172496,
          161.98956
        ],
        [
          39.625423,
          -9.172496,
          138.54982
        ],
        [
          39.617508,
          -9.183188,
          122.698906
        ],
        [
          39.612232,
          -9.172496,
          114.024315
        ],
        [
          39.604317,
          -9.164475,
          100.779755
        ],
        [
          39.593765,
          -9.16715,
          80.05667
        ],
        [
          39.580574,
          -9.161802,
          53.926895
        ],
        [
          39.57002,
          -9.183188,
          55.083054
        ],
        [
          39.5753,
          -9.193882,
          64.37114
        ],
        [
          39.564743,
          -9.196555,
          58.638706
        ],
        [
          39.580574,
          -9.23398,
          89.39218
        ],
        [
          39.577934,
          -9.247347,
          94.87583
        ],
        [
          39.562107,
          -9.263387,
          94.92799
        ],
        [
          39.564743,
          -9.279426,
          102.51209
        ],
        [
          39.571564,
          -9.290943,
          110.0299
        ]
      ]
    }
  ]
}