{
  "routes": [
    {
      "route_id": 1,
      "length_km": 36.517,
      "minimum_depth_m": 63.725464,
      "mission_duration_h": 10,
      "mission_duration_m": 31,
      "waypoints": [
        [
          39.57266,
          -9.292792,
          110.0299
        ],
        [
          39.591125,
          -9.287446,
          129.82527
        ],
        [
          39.59904,
          -9.263387,
          121.00683
        ],
        [
          39.609592,
          -9.25002,
          117.39076
        ],
        [
          39.606956,
          -9.223288,
          99.191864
        ],
        [
          39.620148,
          -9.228634,
          143.55235
        ],
        [
          39.62806,
          -9.220614,
          162.1951
        ],
        [
          39.63334,
          -9.207248,
          172.84198
        ],
        [
          39.62806,
          -9.196555,
          151.7635
        ],
        [
          39.617508,
          -9.204575,
          123.13647
        ],
        [
          39.60168,
          -9.185862,
          92.84376
        ],
        [
          39.612232,
          -9.172496,
          114.024315
        ],
        [
          39.604317,
          -9.164475,
          100.779755
        ],
        [
          39.593765,
          -9.16715,
          80.05667
        ],
        [
          39.577934,
          -9.188536,
          63.725464
        ],
        [
          39.593765,
          -9.204575,
          85.66013
        ],
        [
          39.58849,
          -9.217941,
          86.165245
        ],
        [
          39.593765,
          -9.228634,
          94.46928
        ],
        [
          39.58849,
          -9.239327,
          96.83506
        ],
        [
          39.580574,
          -9.231307,
          88.06231
        ],
        [
          39.57266,
          -9.239327,
          88.34101
        ],
        [
          39.5753,
          -9.252693,
          96.040825
        ],
        [
          39.57002,
          -9.268733,
          100.28947
        ],
        [
          39.5753,
          -9.279426,
          106.43576
        ],
        [
          39.5731,
          -9.290537,
          110.0299
        ]
      ]
    }
  ]
}