{
  "routes": [
    {
      "route_id": 1,
      "length_km": 38.15,
      "minimum_depth_m": 102.3958,
      "mission_duration_h": 10,
      "mission_duration_m": 55,
      "waypoints": [
        [
          39.57266,
          -9.292792,
          110.0299
        ],
        [
          39.567383,
          -9.303485,
          111.76999
        ],
        [
          39.580574,
          -9.308832,
          120.84726
        ],
        [
          39.5753,
          -9.319525,
          127.05723
        ],
        [
          39.559467,
          -9.316852,
          114.28608
        ],
        [
          39.548916,
          -9.319525,
          108.34841
        ],
        [
          39.548916,
          -9.300812,
          102.3958
        ],
        [
          39.564743,
          -9.279426,
          102.51209
        ],
        [
          39.5964,
          -9.268733,
          122.22772
        ],
        [
          39.617508,
          -9.252693,
          160.01889
        ],
        [
          39.620148,
          -9.239327,
          156.56822
        ],
        [
          39.64125,
          -9.217941,
          210.76787
        ],
        [
          39.651806,
          -9.217941,
          262.07428
        ],
        [
          39.65708,
          -9.231307,
          314.10754
        ],
        [
          39.664997,
          -9.239327,
          363.688
        ],
        [
          39.651806,
          -9.25002,
          320.4024
        ],
        [
          39.64125,
          -9.247347,
          271.31757
        ],
        [
          39.638615,
          -9.263387,
          297.06015
        ],
        [
          39.604317,
          -9.276752,
          139.73486
        ],
        [
          39.604317,
          -9.290119,
          161.56906
        ],
        [
          39.591125,
          -9.284773,
          127.53216
        ],
        [
          39.574364,
          -9.29205,
          110.0299
        ]
      ]
    }
  ]
}