{
  "routes": [
    {
      "route_id": 1,
      "length_km": 75.544,
      "minimum_depth_m": 64.65727,
      "mission_duration_h": 21,
      "mission_duration_m": 54,
      "waypoints": [
        [
          39.57266,
          -9.292792,
          110.0299
        ],
        [
          39.567383,
          -9.303485,
          111.76999
        ],
        [
          39.548916,
          -9.300812,
          102.3958
        ],
        [
          39.535725,
          -9.306158,
          95.70292
        ],
        [
          39.533085,
          -9.292792,
          88.61579
        ],
        [
          39.546276,
          -9.284773,
          94.68856
        ],
        [
          39.55419,
          -9.276752,
          97.46962
        ],
        [
          39.559467,
          -9.263387,
          93.86364
        ],
        [
          39.57266,
          -9.260714,
          98.11719
        ],
        [
          39.580574,
          -9.23398,
          89.39218
        ],
        [
          39.591125,
          -9.239327,
          98.53941
        ],
        [
          39.60168,
          -9.236654,
          103.82203
        ],
        [
          39.606956,
          -9.225961,
          100.787476
        ],
        [
          39.617508,
          -9.225961,
          130.31267
        ],
        [
          39.617508,
          -9.212595,
          124.273125
        ],
        [
          39.62806,
          -9.212595,
          158.7179
        ],
        [
          39.64125,
          -9.217941,
          210.76787
        ],
        [
          39.651806,
          -9.217941,
          262.07428
        ],
        [
          39.65708,
          -9.231307,
          314.10754
        ],
        [
          39.667633,
          -9.225961,
          339.73505
        ],
        [
          39.67555,
          -9.209921,
          253.86537
        ],
        [
          39.664997,
          -9.199228,
          252.45053
        ],
        [
          39.67555,
          -9.191209,
          192.52426
        ],
        [
          39.6861,
          -9.196555,
          171.09497
        ],
        [
          39.694016,
          -9.188536,
          129.34305
        ],
        [
          39.6861,
          -9.180515,
          136.00868
        ],
        [
          39.694016,
          -9.172496,
          102.45154
        ],
        [
          39.707207,
          -9.16715,
          91.73684
        ],
        [
          39.70193,
          -9.156456,
          79.82022
        ],
        [
          39.691376,
          -9.153783,
          79.09154
        ],
        [
          39.704567,
          -9.143089,
          65.05105
        ],
        [
          39.715122,
          -9.148436,
          71.899124
        ],
        [
          39.720398,
          -9.159129,
          82.28196
        ],
        [
          39.71776,
          -9.185862,
          112.64042
        ],
        [
          39.704567,
          -9.188536,
          123.3358
        ],
        [
          39.715122,
          -9.201901,
          130.41246
        ],
        [
          39.704567,
          -9.201901,
          142.93605
        ],
        [
          39.6861,
          -9.215268,
          220.84836
        ],
        [
          39.68874,
          -9.228634,
          224.66275
        ],
        [
          39.67819,
          -9.225961,
          281.9581
        ],
        [
          39.670273,
          -9.239327,
          339.7123
        ],
        [
          39.65708,
          -9.247347,
          339.98816
        ],
        [
          39.646526,
          -9.236654,
          272.85654
        ],
        [
          39.638615,
          -9.244674,
          253.7664
        ],
        [
          39.625423,
          -9.239327,
          180.8449
        ],
        [
          39.622784,
          -9.252693,
          188.3373
        ],
        [
          39.62806,
          -9.263387,
          237.73509
        ],
        [
          39.61487,
          -9.271406,
          171.21594
        ],
        [
          39.609592,
          -9.260714,
          129.3725
        ],
        [
          39.59904,
          -9.263387,
          121.00683
        ],
        [
          39.5964,
          -9.276752,
          128.31947
        ],
        [
          39.58585,
          -9.279426,
          114.53341
        ],
        [
          39.5753,
          -9.274079,
          104.45871
        ],
        [
          39.564743,
          -9.274079,
          100.45705
        ],
        [
          39.564743,
          -9.287446,
          105.27807
        ],
        [
          39.5753,
          -9.287446,
          109.17381
        ],
        [
          39.573627,
          -9.29083,
          110.0299
        ]
      ]
    }
  ]
}