{
  "routes": [
    {
      "route_id": 1,
      "length_km": 151.63,
      "minimum_depth_m": 57.265064,
      "mission_duration_h": 43,
      "mission_duration_m": 51,
      "waypoints": [
        [
          39.57266,
          -9.292792,
          110.0299
        ],
        [
          39.567383,
          -9.290119,
          107.17167
        ],
        [
          39.55683,
          -9.290119,
          103.285225
        ],
        [
          39.562107,
          -9.279426,
          101.53118
        ],
        [
          39.57266,
          -9.274079,
          103.45829
        ],
        [
          39.562107,
          -9.263387,
          94.92799
        ],
        [
          39.55155,
          -9.263387,
          89.69543
        ],
        [
          39.548916,
          -9.279426,
          94.61061
        ],
        [
          39.54364,
          -9.290119,
          94.84418
        ],
        [
          39.564743,
          -9.316852,
          117.82048
        ],
        [
          39.548916,
          -9.319525,
          108.34841
        ],
        [
          39.53836,
          -9.324871,
          103.75653
        ],
        [
          39.546276,
          -9.332891,
          111.002716
        ],
        [
          39.562107,
          -9.332891,
          123.79916
        ],
        [
          39.57266,
          -9.338238,
          141.05069
        ],
        [
          39.564743,
          -9.34893,
          140.27315
        ],
        [
          39.55419,
          -9.343584,
          121.17026
        ],
        [
          39.548916,
          -9.356951,
          124.41986
        ],
        [
          39.55683,
          -9.36497,
          148.00839
        ],
        [
          39.57266,
          -9.362297,
          173.20686
        ],
        [
          39.580574,
          -9.37299,
          238.45549
        ],
        [
          39.5753,
          -9.386356,
          279.4972
        ],
        [
          39.564743,
          -9.394376,
          303.16788
        ],
        [
          39.58321,
          -9.4077425,
          535.85406
        ],
        [
          39.59904,
          -9.394376,
          537.00635
        ],
        [
          39.604317,
          -9.383683,
          529.24365
        ],
        [
          39.5964,
          -9.37299,
          391.36273
        ],
        [
          39.604317,
          -9.36497,
          434.34845
        ],
        [
          39.593765,
          -9.356951,
          291.73297
        ],
        [
          39.58321,
          -9.356951,
          187.20485
        ],
        [
          39.58321,
          -9.343584,
          167.05566
        ],
        [
          39.5964,
          -9.343584,
          274.3446
        ],
        [
          39.604317,
          -9.335565,
          304.19208
        ],
        [
          39.606956,
          -9.319525,
          254.92491
        ],
        [
          39.617508,
          -9.322198,
          308.40402
        ],
        [
          39.625423,
          -9.311505,
          304.91095
        ],
        [
          39.609592,
          -9.290119,
          173.34935
        ],
        [
          39.620148,
          -9.287446,
          229.72775
        ],
        [
          39.6307,
          -9.292792,
          300.03168
        ],
        [
          39.64125,
          -9.287446,
          330.8867
        ],
        [
          39.61487,
          -9.271406,
          171.21594
        ],
        [
          39.620148,
          -9.260714,
          187.0221
        ],
        [
          39.6307,
          -9.263387,
          253.21231
        ],
        [
          39.62806,
          -9.25002,
          211.38583
        ],
        [
          39.6307,
          -9.236654,
          200.1455
        ],
        [
          39.662357,
          -9.252693,
          358.63766
        ],
        [
          39.65708,
          -9.263387,
          328.53168
        ],
        [
          39.667633,
          -9.263387,
          332.2012
        ],
        [
          39.680824,
          -9.258039,
          263.6073
        ],
        [
          39.667633,
          -9.239327,
          355.87277
        ],
        [
          39.69929,
          -9.239327,
          183.12854
        ],
        [
          39.709846,
          -9.236654,
          157.64607
        ],
        [
          39.71776,
          -9.228634,
          139.22443
        ],
        [
          39.707207,
          -9.223288,
          165.1474
        ],
        [
          39.696655,
          -9.223288,
          190.5227
        ],
        [
          39.694016,
          -9.207248,
          166.82523
        ],
        [
          39.70193,
          -9.199228,
          141.69974
        ],
        [
          39.712482,
          -9.212595,
          143.9959
        ],
        [
          39.71776,
          -9.199228,
          125.54547
        ],
        [
          39.71776,
          -9.185862,
          112.64042
        ],
        [
          39.70193,
          -9.180515,
          112.687454
        ],
        [
          39.694016,
          -9.188536,
          129.34305
        ],
        [
          39.6861,
          -9.180515,
          136.00868
        ],
        [
          39.694016,
          -9.172496,
          102.45154
        ],
        [
          39.707207,
          -9.16715,
          91.73684
        ],
        [
          39.709846,
          -9.153783,
          77.0183
        ],
        [
          39.720398,
          -9.159129,
          82.28196
        ],
        [
          39.720398,
          -9.132396,
          59.287636
        ],
        [
          39.709846,
          -9.132396,
          57.265064
        ],
        [
          39.70193,
          -9.143089,
          64.65727
        ],
        [
          39.691376,
          -9.143089,
          64.56907
        ],
        [
          39.694016,
          -9.156456,
          79.8272
        ],
        [
          39.683464,
          -9.151109,
          83.48164
        ],
        [
          39.67291,
          -9.159129,
          113.9006
        ],
        [
          39.680824,
          -9.169823,
          124.83658
        ],
        [
          39.664997,
          -9.185862,
          206.32439
        ],
        [
          39.6861,
          -9.196555,
          171.09497
        ],
        [
          39.667633,
          -9.207248,
          278.8414
        ],
        [
          39.67819,
          -9.207248,
          233.518
        ],
        [
          39.683464,
          -9.217941,
          241.19572
        ],
        [
          39.67555,
          -9.225961,
          296.40234
        ],
        [
          39.662357,
          -9.228634,
          336.2696
        ],
        [
          39.65708,
          -9.239327,
          327.04785
        ],
        [
          39.64389,
          -9.231307,
          249.19928
        ],
        [
          39.651806,
          -9.220614,
          268.38867
        ],
        [
          39.64125,
          -9.217941,
          210.76787
        ],
        [
          39.64389,
          -9.204575,
          204.68958
        ],
        [
          39.65444,
          -9.199228,
          224.78908
        ],
        [
          39.64389,
          -9.191209,
          186.16002
        ],
        [
          39.62806,
          -9.196555,
          151.7635
        ],
        [
          39.6307,
          -9.209921,
          165.97498
        ],
        [
          39.620148,
          -9.212595,
          132.88432
        ],
        [
          39.620148,
          -9.228634,
          143.55235
        ],
        [
          39.606956,
          -9.236654,
          107.169945
        ],
        [
          39.609592,
          -9.25002,
          117.39076
        ],
        [
