{
  "routes": [
    {
      "route_id": 1,
      "length_km": 37.349,
      "minimum_depth_m": 48.055546,
      "mission_duration_h": 10,
      "mission_duration_m": 48,
      "waypoints": [
        [
          39.57266,
          -9.292792,
          110.0299
        ],
        [
          39.564743,
          -9.279426,
          102.51209
        ],
        [
          39.5753,
          -9.252693,
          96.040825
        ],
        [
          39.567383,
          -9.239327,
          85.86707
        ],
        [
          39.57002,
          -9.223288,
          78.55451
        ],
        [
          39.567383,
          -9.209921,
          68.9006
        ],
        [
          39.5753,
          -9.201901,
          69.02479
        ],
        [
          39.55683,
          -9.188536,
          48.055546
        ],
        [
          39.567383,
          -9.183188,
          53.03211
        ],
        [
          39.577934,
          -9.188536,
          63.725464
        ],
        [
          39.58585,
          -9.177842,
          68.016525
        ],
        [
          39.580574,
          -9.161802,
          53.926895
        ],
        [
          39.593765,
          -9.16715,
          80.05667
        ],
        [
          39.59904,
          -9.177842,
          89.70788
        ],
        [
          39.609592,
          -9.172496,
          109.15149
        ],
        [
          39.620148,
          -9.172496,
          128.73962
        ],
        [
          39.625423,
          -9.183188,
          140.93823
        ],
        [
          39.61487,
          -9.183188,
          116.61913
        ],
        [
          39.609592,
          -9.196555,
          100.74454
        ],
        [
          39.60168,
          -9.204575,
          93.01503
        ],
        [
          39.593765,
          -9.215268,
          88.78029
        ],
        [
          39.58321,
          -9.220614,
          84.15347
        ],
        [
          39.580574,
          -9.23398,
          89.39218
        ],
        [
          39.591125,
          -9.239327,
          98.53941
        ],
        [
          39.5964,
          -9.25002,
          108.01362
        ],
        [
          39.58585,
          -9.258039,
          104.28802
        ],
        [
          39.5753,
          -9.279426,
          106.43576
        ],
        [
          39.5731,
          -9.290537,
          110.0299
        ]
      ]
    },
    {
      "route_id": 2,
      "length_km": 37.009,
      "minimum_depth_m": 105.57433,
      "mission_duration_h": 10,
      "mission_duration_m": 38,
      "waypoints": [
        [
          39.5753,
          -9.292792,
          110.99918
        ],
        [
          39.593765,
          -9.295465,
          143.43666
        ],
        [
          39.604317,
          -9.292792,
          165.96701
        ],
        [
          39.62806,
          -9.279426,
          267.637
        ],
        [
          39.638615,
          -9.26606,
          303.27014
        ],
        [
          39.651806,
          -9.258039,
          319.88486
        ],
        [
          39.64125,
          -9.244674,
          265.4676
        ],
        [
          39.646526,
          -9.231307,
          262.18094
        ],
        [
          39.64125,
          -9.220614,
          213.70438
        ],
        [
          39.651806,
          -9.217941,
          262.07428
        ],
        [
          39.64389,
          -9.204575,
          204.68958
        ],
        [
          39.651806,
          -9.188536,
          194.72261
        ],
        [
          39.649166,
          -9.175169,
          167.75098
        ],
        [
          39.638615,
          -9.172496,
          161.98956
        ],
        [
          39.638615,
          -9.191209,
          176.97609
        ],
        [
          39.617508,
          -9.204575,
          123.13647
        ],
        [
          39.62806,
          -9.212595,
          158.7179
        ],
        [
          39.612232,
          -9.220614,
          107.01711
        ],
        [
          39.620148,
          -9.228634,
          143.55235
        ],
        [
          39.606956,
          -9.236654,
          107.169945
        ],
        [
          39.609592,
          -9.25002,
          117.39076
        ],
        [
          39.591125,
          -9.271406,
          117.41994
        ],
        [
          39.58849,
          -9.284773,
          122.483955
        ],
        [
          39.57693,
          -9.291801,
          110.99918
        ]
      ]
    }
  ]
}