{
  "routes": [
    {
      "route_id": 1,
      "length_km": 150.46,
      "minimum_depth_m": 41.385548,
      "mission_duration_h": 43,
      "mission_duration_m": 13,
      "waypoints": [
        [
          39.57266,
          -9.292792,
          110.0299
        ],
        [
          39.564743,
          -9.274079,
          100.45705
        ],
        [
          39.580574,
          -9.274079,
          106.45954
        ],
        [
          39.593765,
          -9.26606,
          117.16389
        ],
        [
          39.58585,
          -9.255366,
          103.02931
        ],
        [
          39.5964,
          -9.252693,
          110.044205
        ],
        [
          39.60168,
          -9.239327,
          105.35685
        ],
        [
          39.591125,
          -9.239327,
          98.53941
        ],
        [
          39.58585,
          -9.225961,
          88.36855
        ],
        [
          39.606956,
          -9.225961,
          100.787476
        ],
        [
          39.617508,
          -9.223288,
          127.48923
        ],
        [
          39.617508,
          -9.209921,
          123.89424
        ],
        [
          39.622784,
          -9.196555,
          136.88165
        ],
        [
          39.612232,
          -9.196555,
          107.11797
        ],
        [
          39.60168,
          -9.209921,
          93.6702
        ],
        [
          39.591125,
          -9.204575,
          83.2085
        ],
        [
          39.577934,
          -9.204575,
          72.25994
        ],
        [
          39.5753,
          -9.217941,
          78.3321
        ],
        [
          39.562107,
          -9.215268,
          69.27439
        ],
        [
          39.55155,
          -9.201901,
          53.577564
        ],
        [
          39.53836,
          -9.207248,
          49.21561
        ],
        [
          39.541,
          -9.193882,
          41.385548
        ],
        [
          39.55683,
          -9.191209,
          49.669155
        ],
        [
          39.55683,
          -9.177842,
          41.601097
        ],
        [
          39.57002,
          -9.180515,
          53.69996
        ],
        [
          39.5753,
          -9.169823,
          52.730507
        ],
        [
          39.591125,
          -9.185862,
          78.068535
        ],
        [
          39.604317,
          -9.180515,
          97.7688
        ],
        [
          39.617508,
          -9.183188,
          122.698906
        ],
        [
          39.64125,
          -9.177842,
          167.79103
        ],
        [
          39.617508,
          -9.16715,
          124.40232
        ],
        [
          39.625423,
          -9.156456,
          125.81155
        ],
        [
          39.61487,
          -9.151109,
          112.6238
        ],
        [
          39.606956,
          -9.159129,
          104.78882
        ],
        [
          39.58585,
          -9.164475,
          63.54034
        ],
        [
          39.58321,
          -9.151109,
          53.251316
        ],
        [
          39.577934,
          -9.140416,
          42.614483
        ],
        [
          39.609592,
          -9.140416,
          105.859146
        ],
        [
          39.612232,
          -9.127049,
          88.19479
        ],
        [
          39.625423,
          -9.124376,
          82.073296
        ],
        [
          39.635975,
          -9.11903,
          72.40832
        ],
        [
          39.635975,
          -9.132396,
          93.08876
        ],
        [
          39.622784,
          -9.137742,
          103.78085
        ],
        [
          39.63334,
          -9.145762,
          115.42614
        ],
        [
          39.683464,
          -9.148436,
          78.5892
        ],
        [
          39.69929,
          -9.124376,
          50.731762
        ],
        [
          39.709846,
          -9.159129,
          82.608154
        ],
        [
          39.691376,
          -9.175169,
          112.26292
        ],
        [
          39.6861,
          -9.185862,
          147.14662
        ],
        [
          39.664997,
          -9.180515,
          189.75302
        ],
        [
          39.667633,
          -9.215268,
          310.18597
        ],
        [
          39.6861,
          -9.220614,
          235.0636
        ],
        [
          39.683464,
          -9.207248,
          210.85632
        ],
        [
          39.69929,
          -9.207248,
          158.80934
        ],
        [
          39.709846,
          -9.191209,
          123.95036
        ],
        [
          39.720398,
          -9.185862,
          111.28256
        ],
        [
          39.712482,
          -9.223288,
          152.45975
        ],
        [
          39.680824,
          -9.244674,
          278.09308
        ],
        [
          39.638615,
          -9.258039,
          284.64017
        ],
        [
          39.63334,
          -9.236654,
          211.85332
        ],
        [
          39.617508,
          -9.244674,
          150.07677
        ],
        [
          39.612232,
          -9.258039,
          138.28613
        ],
        [
          39.62806,
          -9.263387,
          237.73509
        ],
        [
          39.620148,
          -9.274079,
          208.42876
        ],
        [
          39.59904,
          -9.279426,
          135.56474
        ],
        [
          39.58849,
          -9.287446,
          124.356094
        ],
        [
          39.58321,
          -9.300812,
          118.56876
        ],
        [
          39.567383,
          -9.316852,
          119.587685
        ],
        [
          39.559467,
          -9.327544,
          118.667435
        ],
        [
          39.548916,
          -9.327544,
          110.800934
        ],
        [
          39.55419,
          -9.338238,
          118.335464
        ],
        [
          39.57002,
          -9.34893,
          148.61841
        ],
        [
          39.564743,
          -9.359624,
          149.35892
        ],
        [
          39.55155,
          -9.3516035,
          123.596954
        ],
        [
          39.54364,
          -9.359624,
          121.81348
        ],
        [
          39.541,
          -9.375663,
          146.37402
        ],
        [
          39.535725,
          -9.386356,
          150.4292
        ],
        [
          39.533085,
          -9.362297,
          116.432976
        ],
        [
          39.535725,
          -9.343584,
          109.370316
        ],
        [
          39.533085,
          -9.327544,
          101.59333
        ],
        [
          39.541,
          -9.319525,
          103.545494
        ],
        [
          39.533085,
          -9.295465,
          89.705444
        ],
        [
          39.54364,
          -9.292792,
          95.85616
        ],
        [
          39.55419,
          -9.284773,
          100.293594
        ],
        [
          39.55419,
          -9.298139,
          104.965164
        ],
        [
          39.548916,
          -9.308832,
          105.07839
        ],
        [
          39.559467,
          -9.308832,
          111.00005
        ],
        [
          39.571342,
          -9.294388,
          110.0299
        ]
      ]
    }
  ]
}