{
  "routes": [
    {
      "route_id": 1,
      "length_km": 37.984,
      "minimum_depth_m": 102.162224,
      "mission_duration_h": 11,
      "mission_duration_m": 2,
      "waypoints": [
        [
          39.57266,
          -9.292792,
          110.0299
        ],
        [
          39.564743,
          -9.290119,
          106.20006
        ],
        [
          39.55419,
          -9.290119,
          102.162224
        ],
        [
          39.548916,
          -9.300812,
          102.3958
        ],
        [
          39.559467,
          -9.316852,
          114.28608
        ],
        [
          39.57002,
          -9.316852,
          121.35488
        ],
        [
          39.57266,
          -9.330218,
          133.06796
        ],
        [
          39.58321,
          -9.335565,
          154.96614
        ],
        [
          39.5753,
          -9.343584,
          150.65106
        ],
        [
          39.562107,
          -9.343584,
          132.00006
        ],
        [
          39.55155,
          -9.34893,
          122.22616
        ],
        [
          39.546276,
          -9.359624,
          123.77877
        ],
        [
          39.55419,
          -9.367643,
          149.77267
        ],
        [
          39.559467,
          -9.356951,
          137.41493
        ],
        [
          39.57266,
          -9.362297,
          173.20686
        ],
        [
          39.580574,
          -9.3703165,
          226.25645
        ],
        [
          39.593765,
          -9.37299,
          363.47772
        ],
        [
          39.60168,
          -9.38101,
          487.43866
        ],
        [
          39.604317,
          -9.367643,
          447.9049
        ],
        [
          39.61487,
          -9.3703165,
          532.4904
        ],
        [
          39.617508,
          -9.356951,
          469.6927
        ],
        [
          39.606956,
          -9.3516035,
          397.5062
        ],
        [
          39.61487,
          -9.340911,
          383.34207
        ],
        [
          39.604317,
          -9.335565,
          304.19208
        ],
        [
          39.59904,
          -9.319525,
          215.35081
        ],
        [
          39.606956,
          -9.308832,
          210.6878
        ],
        [
          39.5964,
          -9.284773,
          137.62857
        ],
        [
          39.58585,
          -9.290119,
          120.3381
        ],
        [
          39.580574,
          -9.300812,
          115.66184
        ],
        [
          39.57002,
          -9.303485,
          112.729965
        ],
        [
          39.572113,
          -9.295011,
          110.0299
        ]
      ]
    }
  ]
}