{
  "routes": [
    {
      "route_id": 1,
      "length_km": 36.829,
      "minimum_depth_m": 68.9006,
      "mission_duration_h": 10,
      "mission_duration_m": 37,
      "waypoints": [
        [
          39.57266,
          -9.292792,
          110.0299
        ],
        [
          39.564743,
          -9.287446,
          105.27807
        ],
        [
          39.567383,
          -9.274079,
          101.45746
        ],
        [
          39.562107,
          -9.263387,
          94.92799
        ],
        [
          39.562107,
          -9.247347,
          87.88178
        ],
        [
          39.559467,
          -9.231307,
          77.59624
        ],
        [
          39.567383,
          -9.223288,
          77.17496
        ],
        [
          39.567383,
          -9.209921,
          68.9006
        ],
        [
          39.577934,
          -9.215268,
          78.28218
        ],
        [
          39.58849,
          -9.212595,
          84.00189
        ],
        [
          39.5964,
          -9.204575,
          88.11176
        ],
        [
          39.609592,
          -9.199228,
          100.61967
        ],
        [
          39.609592,
          -9.185862,
          103.92517
        ],
        [
          39.620148,
          -9.183188,
          128.77869
        ],
        [
          39.62806,
          -9.175169,
          144.34569
        ],
        [
          39.64125,
          -9.180515,
          170.54643
        ],
        [
          39.63334,
          -9.188536,
          162.13379
        ],
        [
          39.64389,
          -9.204575,
          204.68958
        ],
        [
          39.638615,
          -9.231307,
          223.23598
        ],
        [
          39.62806,
          -9.25002,
          211.38583
        ],
        [
          39.6307,
          -9.263387,
          253.21231
        ],
        [
          39.617508,
          -9.282099,
          204.61812
        ],
        [
          39.580574,
          -9.308832,
          120.84726
        ],
        [
          39.567383,
          -9.303485,
          111.76999
        ],
        [
          39.5753,
          -9.295465,
          111.911865
        ],
        [
          39.574078,
          -9.294229,
          110.0299
        ]
      ]
    }
  ]
}