{
  "routes": [
    {
      "route_id": 1,
      "length_km": 38.229,
      "minimum_depth_m": 94.37529,
      "mission_duration_h": 11,
      "mission_duration_m": 3,
      "waypoints": [
        [
          39.57266,
          -9.292792,
          110.0299
        ],
        [
          39.55683,
          -9.295465,
          105.143166
        ],
        [
          39.548916,
          -9.287446,
          97.53005
        ],
        [
          39.55155,
          -9.274079,
          94.37529
        ],
        [
          39.562107,
          -9.274079,
          99.45663
        ],
        [
          39.567383,
          -9.284773,
          105.33234
        ],
        [
          39.57266,
          -9.274079,
          103.45829
        ],
        [
          39.59904,
          -9.263387,
          121.00683
        ],
        [
          39.604317,
          -9.252693,
          116.2494
        ],
        [
          39.612232,
          -9.242001,
          122.1156
        ],
        [
          39.622784,
          -9.244674,
          176.07553
        ],
        [
          39.6307,
          -9.236654,
          200.1455
        ],
        [
          39.638615,
          -9.244674,
          253.7664
        ],
        [
          39.64389,
          -9.231307,
          249.19928
        ],
        [
          39.638615,
          -9.217941,
          197.94125
        ],
        [
          39.649166,
          -9.217941,
          249.24768
        ],
        [
          39.65708,
          -9.225961,
          305.48068
        ],
        [
          39.659718,
          -9.239327,
          339.26123
        ],
        [
          39.649166,
          -9.244674,
          300.57117
        ],
        [
          39.65708,
          -9.268733,
          323.08063
        ],
        [
          39.649166,
          -9.276752,
          320.56378
        ],
        [
          39.617508,
          -9.282099,
          204.61812
        ],
        [
          39.606956,
          -9.282099,
          153.00247
        ],
        [
          39.5964,
          -9.276752,
          128.31947
        ],
        [
          39.58321,
          -9.284773,
          112.38755
        ],
        [
          39.58849,
          -9.298139,
          131.84465
        ],
        [
          39.577934,
          -9.303485,
          115.60989
        ],
        [
          39.573627,
          -9.294755,
          110.0299
        ]
      ]
    }
  ]
}