{
  "routes": [
    {
      "route_id": 1,
      "length_km": 37.108,
      "minimum_depth_m": 55.083054,
      "mission_duration_h": 10,
      "mission_duration_m": 41,
      "waypoints": [
        [
          39.57266,
          -9.292792,
          110.0299
        ],
        [
          39.5753,
          -9.252693,
          96.040825
        ],
        [
          39.58321,
          -9.217941,
          82.770164
        ],
        [
          39.5964,
          -9.220614,
          91.887085
        ],
        [
          39.62806,
          -9.212595,
          158.7179
        ],
        [
          39.638615,
          -9.215268,
          195.8492
        ],
        [
          39.64389,
          -9.204575,
          204.68958
        ],
        [
          39.63334,
          -9.201901,
          169.74365
        ],
        [
          39.63334,
          -9.188536,
          162.13379
        ],
        [
          39.625423,
          -9.180515,
          140.34113
        ],
        [
          39.61487,
          -9.183188,
          116.61913
        ],
        [
          39.604317,
          -9.177842,
          98.38442
        ],
        [
          39.593765,
          -9.175169,
          80.787674
        ],
        [
          39.58321,
          -9.180515,
          64.78121
        ],
        [
          39.57002,
          -9.183188,
          55.083054
        ],
        [
          39.564743,
          -9.196555,
          58.638706
        ],
        [
          39.57266,
          -9.220614,
          78.473335
        ],
        [
          39.562107,
          -9.225961,
          75.91207
        ],
        [
          39.55683,
          -9.239327,
          80.91921
        ],
        [
          39.562107,
          -9.25002,
          89.267204
        ],
        [
          39.559467,
          -9.263387,
          93.86364
        ],
        [
          39.548916,
          -9.26606,
          88.965935
        ],
        [
          39.55419,
          -9.276752,
          97.46962
        ],
        [
          39.564743,
          -9.279426,
          102.51209
        ],
        [
          39.571564,
          -9.290943,
          110.0299
        ]
      ]
    },
    {
      "route_id": 2,
      "length_km": 38.285,
      "minimum_depth_m": 107.169945,
      "mission_duration_h": 10,
      "mission_duration_m": 58,
      "waypoints": [
        [
          39.5753,
          -9.292792,
          110.99918
        ],
        [
          39.593765,
          -9.274079,
          122.676735
        ],
        [
          39.59904,
          -9.263387,
          121.00683
        ],
        [
          39.591125,
          -9.255366,
          107.55205
        ],
        [
          39.604317,
          -9.25002,
          113.63991
        ],
        [
          39.606956,
          -9.236654,
          107.169945
        ],
        [
          39.649166,
          -9.231307,
          275.1626
        ],
        [
          39.659718,
          -9.223288,
          314.91718
        ],
        [
          39.67291,
          -9.225961,
          310.84656
        ],
        [
          39.6861,
          -9.207248,
          199.52548
        ],
        [
          39.69929,
          -9.209921,
          163.61508
        ],
        [
          39.69929,
          -9.223288,
          184.17888
        ],
        [
          39.707207,
          -9.231307,
          164.49522
        ],
        [
          39.69929,
          -9.239327,
          183.12854
        ],
        [
          39.68874,
          -9.239327,
          226.58905
        ],
        [
          39.691376,
          -9.252693,
          205.8296
        ],
        [
          39.680824,
          -9.258039,
          263.6073
        ],
        [
          39.664997,
          -9.255366,
          361.68457
        ],
        [
          39.62806,
          -9.260714,
          232.46524
        ],
        [
          39.609592,
          -9.279426,
          152.38982
        ],
        [
          39.593765,
          -9.287446,
          135.29443
        ],
        [
          39.577057,
          -9.292283,
          110.99918
        ]
      ]
    }
  ]
}