{
  "routes": [
    {
      "route_id": 1,
      "length_km": 36.159,
      "minimum_depth_m": 110.0299,
      "mission_duration_h": 10,
      "mission_duration_m": 22,
      "waypoints": [
        [
          39.57266,
          -9.292792,
          110.0299
        ],
        [
          39.57266,
          -9.308832,
          117.15456
        ],
        [
          39.567383,
          -9.327544,
          126.11424
        ],
        [
          39.580574,
          -9.37299,
          238.45549
        ],
        [
          39.580574,
          -9.386356,
          299.45068
        ],
        [
          39.567383,
          -9.383683,
          239.86378
        ],
        [
          39.548916,
          -9.397049,
          250.8127
        ],
        [
          39.54364,
          -9.4077425,
          284.81644
        ],
        [
          39.564743,
          -9.410416,
          450.30417
        ],
        [
          39.57266,
          -9.402396,
          419.525
        ],
        [
          39.58321,
          -9.4077425,
          535.85406
        ],
        [
          39.58849,
          -9.397049,
          465.05368
        ],
        [
          39.5964,
          -9.3890295,
          472.85767
        ],
        [
          39.606956,
          -9.391703,
          597.2981
        ],
        [
          39.612232,
          -9.405069,
          676.7874
        ],
        [
          39.620148,
          -9.397049,
          645.65497
        ],
        [
          39.620148,
          -9.383683,
          610.4315
        ],
        [
          39.604317,
          -9.375663,
          488.5743
        ],
        [
          39.593765,
          -9.37299,
          363.47772
        ],
        [
          39.59904,
          -9.362297,
          365.99136
        ],
        [
          39.58849,
          -9.354278,
          233.56938
        ],
        [
          39.573227,
          -9.295001,
          110.0299
        ]
      ]
    }
  ]
}