{
  "routes": [
    {
      "route_id": 1,
      "length_km": 37.363,
      "minimum_depth_m": 94.84418,
      "mission_duration_h": 10,
      "mission_duration_m": 46,
      "waypoints": [
        [
          39.57266,
          -9.292792,
          110.0299
        ],
        [
          39.58849,
          -9.295465,
          129.9725
        ],
        [
          39.593765,
          -9.306158,
          156.28711
        ],
        [
          39.604317,
          -9.306158,
          190.96024
        ],
        [
          39.612232,
          -9.314178,
          255.58214
        ],
        [
          39.61487,
          -9.335565,
          356.3693
        ],
        [
          39.62806,
          -9.340911,
          412.40616
        ],
        [
          39.617508,
          -9.36497,
          510.31744
        ],
        [
          39.606956,
          -9.3703165,
          489.22522
        ],
        [
          39.5964,
          -9.391703,
          492.7705
        ],
        [
          39.606956,
          -9.391703,
          597.2981
        ],
        [
          39.604317,
          -9.4077425,
          658.08356
        ],
        [
          39.593765,
          -9.413089,
          640.41223
        ],
        [
          39.57266,
          -9.402396,
          419.525
        ],
        [
          39.562107,
          -9.399722,
          338.69092
        ],
        [
          39.55683,
          -9.3890295,
          222.4427
        ],
        [
          39.548916,
          -9.397049,
          250.8127
        ],
        [
          39.54364,
          -9.386356,
          171.75497
        ],
        [
          39.54364,
          -9.37299,
          146.28023
        ],
        [
          39.55419,
          -9.330218,
          114.64339
        ],
        [
          39.548916,
          -9.319525,
          108.34841
        ],
        [
          39.548916,
          -9.300812,
          102.3958
        ],
        [
          39.54364,
          -9.290119,
          94.84418
        ],
        [
          39.55683,
          -9.290119,
          103.285225
        ],
        [
          39.567383,
          -9.295465,
          109.010994
        ],
        [
          39.57098,
          -9.293642,
          110.0299
        ]
      ]
    }
  ]
}