{
  "routes": [
    {
      "route_id": 1,
      "length_km": 153.61,
      "minimum_depth_m": 91.496124,
      "mission_duration_h": 44,
      "mission_duration_m": 1,
      "waypoints": [
        [
          39.57266,
          -9.292792,
          110.0299
        ],
        [
          39.577934,
          -9.279426,
          107.41668
        ],
        [
          39.58849,
          -9.271406,
          114.00075
        ],
        [
          39.58849,
          -9.258039,
          106.742355
        ],
        [
          39.59904,
          -9.255366,
          114.33616
        ],
        [
          39.59904,
          -9.268733,
          125.45394
        ],
        [
          39.620148,
          -9.26606,
          195.58476
        ],
        [
          39.609592,
          -9.252693,
          120.3862
        ],
        [
          39.61487,
          -9.242001,
          134.68446
        ],
        [
          39.620148,
          -9.252693,
          174.1781
        ],
        [
          39.64125,
          -9.252693,
          281.8221
        ],
        [
          39.6307,
          -9.26606,
          258.81168
        ],
        [
          39.64125,
          -9.26606,
          306.48956
        ],
        [
          39.651806,
          -9.268733,
          319.19476
        ],
        [
          39.651806,
          -9.255366,
          320.05737
        ],
        [
          39.664997,
          -9.242001,
          367.23312
        ],
        [
          39.64389,
          -9.23398,
          254.79318
        ],
        [
          39.63334,
          -9.231307,
          201.04013
        ],
        [
          39.612232,
          -9.228634,
          112.303635
        ],
        [
          39.580574,
          -9.242001,
          93.381775
        ],
        [
          39.577934,
          -9.255366,
          98.20537
        ],
        [
          39.562107,
          -9.271406,
          98.32447
        ],
        [
          39.55155,
          -9.274079,
          94.37529
        ],
        [
          39.55683,
          -9.284773,
          101.427284
        ],
        [
          39.567383,
          -9.287446,
          106.25201
        ],
        [
          39.564743,
          -9.303485,
          110.81001
        ],
        [
          39.55419,
          -9.303485,
          106.833786
        ],
        [
          39.546276,
          -9.292792,
          97.66626
        ],
        [
          39.535725,
          -9.295465,
          91.496124
        ],
        [
          39.54364,
          -9.306158,
          100.8377
        ],
        [
          39.535725,
          -9.316852,
          99.41543
        ],
        [
          39.541,
          -9.330218,
          107.08101
        ],
        [
          39.55155,
          -9.322198,
          110.74477
        ],
        [
          39.562107,
          -9.322198,
          118.601494
        ],
        [
          39.58321,
          -9.314178,
          130.36714
        ],
        [
          39.58585,
          -9.335565,
          173.61938
        ],
        [
          39.564743,
          -9.340911,
          133.45882
        ],
        [
          39.55419,
          -9.340911,
          119.75286
        ],
        [
          39.54364,
          -9.346257,
          115.65844
        ],
        [
          39.533085,
          -9.338238,
          105.595375
        ],
        [
          39.533085,
          -9.375663,
          131.37056
        ],
        [
          39.55419,
          -9.36497,
          142.57028
        ],
        [
          39.559467,
          -9.354278,
          135.58592
        ],
        [
          39.57002,
          -9.3516035,
          151.33228
        ],
        [
          39.5964,
          -9.356951,
          317.86502
        ],
        [
          39.59904,
          -9.343584,
          295.8024
        ],
        [
          39.593765,
          -9.311505,
          169.3595
        ],
        [
          39.604317,
          -9.308832,
          201.1149
        ],
        [
          39.65708,
          -9.292792,
          285.97046
        ],
        [
          39.667633,
          -9.287446,
          267.97223
        ],
        [
          39.67819,
          -9.287446,
          220.52269
        ],
        [
          39.691376,
          -9.316852,
          144.88208
        ],
        [
          39.67819,
          -9.332891,
          164.89424
        ],
        [
          39.670273,
          -9.300812,
          220.6549
        ],
        [
          39.62806,
          -9.322198,
          344.58456
        ],
        [
          39.606956,
          -9.327544,
          288.10275
        ],
        [
          39.617508,
          -9.34893,
          429.4238
        ],
        [
          39.712482,
          -9.311505,
          133.4163
        ],
        [
          39.715122,
          -9.292792,
          132.87534
        ],
        [
          39.720398,
          -9.279426,
          128.36008
        ],
        [
          39.709846,
          -9.282099,
          138.96138
        ],
        [
          39.69929,
          -9.282099,
          149.39066
        ],
        [
          39.704567,
          -9.295465,
          139.18785
        ],
        [
          39.694016,
          -9.295465,
          145.71823
        ],
        [
          39.67819,
          -9.260714,
          274.54083
        ],
        [
          39.68874,
          -9.263387,
          205.94087
        ],
        [
          39.694016,
          -9.252693,
          190.74364
        ],
        [
          39.704567,
          -9.252693,
          166.57858
        ],
        [
          39.69929,
          -9.263387,
          166.94495
        ],
        [
          39.720398,
          -9.263387,
          129.39427
        ],
        [
          39.715122,
          -9.252693,
          142.41353
        ],
        [
          39.720398,
          -9.242001,
          131.41264
        ],
        [
          39.709846,
          -9.242001,
          157.18306
        ],
        [
          39.704567,
          -9.231307,
          170.8814
        ],
        [
          39.694016,
          -9.23398,
          196.27919
        ],
        [
          39.6861,
          -9.244674,
          244.39915
        ],
        [
          39.67291,
          -9.25002,
          331.08902
        ],
        [
          39.664997,
          -9.260714,
          348.57452
        ],
        [
          39.670273,
          -9.271406,
          297.21573
        ],
        [
          39.649166,
          -9.282099,
          317.0527
        ],
        [
          39.62806,
          -9.287446,
          277.80438
        ],
        [
          39.5753,
          -9.298139,
          112.82455
        ],
        [
          39.573627,
          -9.294755,
          110.0299
        ]
      ]
    }
  ]
}