{
  "routes": [
    {
      "route_id": 1,
      "length_km": 35.6,
      "minimum_depth_m": 68.016525,
      "mission_duration_h": 10,
      "mission_duration_m": 16,
      "waypoints": [
        [
          39.57266,
          -9.292792,
          110.0299
        ],
        [
          39.5753,
          -9.295465,
          111.911865
        ],
        [
          39.58321,
          -9.284773,
          112.38755
        ],
        [
          39.593765,
          -9.276752,
          124.51436
        ],
        [
          39.59904,
          -9.263387,
          121.00683
        ],
        [
          39.609592,
          -9.25002,
          117.39076
        ],
        [
          39.606956,
          -9.236654,
          107.169945
        ],
        [
          39.61487,
          -9.228634,
          122.71987
        ],
        [
          39.61487,
          -9.215268,
          115.845764
        ],
        [
          39.62806,
          -9.212595,
          158.7179
        ],
        [
          39.638615,
          -9.215268,
          195.8492
        ],
        [
          39.64389,
          -9.204575,
          204.68958
        ],
        [
          39.63334,
          -9.201901,
          169.74365
        ],
        [
          39.638615,
          -9.172496,
          161.98956
        ],
        [
          39.62806,
          -9.177842,
          145.23647
        ],
        [
          39.622784,
          -9.16715,
          133.03784
        ],
        [
          39.60168,
          -9.175169,
          94.44695
        ],
        [
          39.593765,
          -9.16715,
          80.05667
        ],
        [
          39.58585,
          -9.177842,
          68.016525
        ],
        [
          39.593765,
          -9.191209,
          82.24967
        ],
        [
          39.5964,
          -9.220614,
          91.887085
        ],
        [
          39.58585,
          -9.231307,
          91.07341
        ],
        [
          39.5753,
          -9.239327,
          89.57797
        ],
        [
          39.57266,
          -9.26606,
          100.25363
        ],
        [
          39.57266,
          -9.290464,
          110.0299
        ]
      ]
    }
  ]
}