{
  "routes": [
    {
      "route_id": 1,
      "length_km": 36.896,
      "minimum_depth_m": 58.638706,
      "mission_duration_h": 10,
      "mission_duration_m": 35,
      "waypoints": [
        [
          39.57266,
          -9.292792,
          110.0299
        ],
        [
          39.564743,
          -9.279426,
          102.51209
        ],
        [
          39.55419,
          -9.276752,
          97.46962
        ],
        [
          39.562107,
          -9.25002,
          89.267204
        ],
        [
          39.580574,
          -9.231307,
          88.06231
        ],
        [
          39.564743,
          -9.196555,
          58.638706
        ],
        [
          39.577934,
          -9.191209,
          64.970245
        ],
        [
          39.58321,
          -9.180515,
          64.78121
        ],
        [
          39.593765,
          -9.175169,
          80.787674
        ],
        [
          39.604317,
          -9.177842,
          98.38442
        ],
        [
          39.61487,
          -9.183188,
          116.61913
        ],
        [
          39.625423,
          -9.180515,
          140.34113
        ],
        [
          39.64125,
          -9.180515,
          170.54643
        ],
        [
          39.63334,
          -9.188536,
          162.13379
        ],
        [
          39.64389,
          -9.204575,
          204.68958
        ],
        [
          39.638615,
          -9.215268,
          195.8492
        ],
        [
          39.62806,
          -9.212595,
          158.7179
        ],
        [
          39.606956,
          -9.217941,
          98.04803
        ],
        [
          39.606956,
          -9.236654,
          107.169945
        ],
        [
          39.593765,
          -9.274079,
          122.676735
        ],
        [
          39.5753,
          -9.282099,
          107.34845
        ],
        [
          39.57266,
          -9.295465,
          110.94491
        ],
        [
          39.57266,
          -9.295119,
          110.0299
        ]
      ]
    }
  ]
}