{
  "routes": [
    {
      "route_id": 1,
      "length_km": 38.335,
      "minimum_depth_m": 100.293594,
      "mission_duration_h": 11,
      "mission_duration_m": 5,
      "waypoints": [
        [
          39.57266,
          -9.292792,
          110.0299
        ],
        [
          39.58321,
          -9.284773,
          112.38755
        ],
        [
          39.591125,
          -9.292792,
          134.41148
        ],
        [
          39.60168,
          -9.290119,
          155.67892
        ],
        [
          39.606956,
          -9.279426,
          148.18355
        ],
        [
          39.61487,
          -9.271406,
          171.21594
        ],
        [
          39.625423,
          -9.274079,
          242.01924
        ],
        [
          39.6307,
          -9.263387,
          253.21231
        ],
        [
          39.649166,
          -9.25002,
          309.52396
        ],
        [
          39.65444,
          -9.239327,
          314.83447
        ],
        [
          39.664997,
          -9.239327,
          363.688
        ],
        [
          39.67291,
          -9.225961,
          310.84656
        ],
        [
          39.683464,
          -9.217941,
          241.19572
        ],
        [
          39.67291,
          -9.212595,
          275.1672
        ],
        [
          39.662357,
          -9.225961,
          332.46835
        ],
        [
          39.6307,
          -9.23398,
          195.16943
        ],
        [
          39.62806,
          -9.25002,
          211.38583
        ],
        [
          39.620148,
          -9.260714,
          187.0221
        ],
        [
          39.59904,
          -9.263387,
          121.00683
        ],
        [
          39.5964,
          -9.276752,
          128.31947
        ],
        [
          39.58585,
          -9.271406,
          110.58156
        ],
        [
          39.5753,
          -9.276752,
          105.51094
        ],
        [
          39.564743,
          -9.274079,
          100.45705
        ],
        [
          39.564743,
          -9.287446,
          105.27807
        ],
        [
          39.55419,
          -9.284773,
          100.293594
        ],
        [
          39.55683,
          -9.298139,
          106.072136
        ],
        [
          39.567383,
          -9.303485,
          111.76999
        ],
        [
          39.5753,
          -9.295465,
          111.911865
        ],
        [
          39.574078,
          -9.294229,
          110.0299
        ]
      ]
    }
  ]
}