class_id,n_days,percent_days
1,157,42.432432432432435
2,102,27.56756756756757
3,26,7.027027027027027
4,13,3.5135135135135136
5,72,19.45945945945946
