{
  "routes": [
    {
      "route_id": 1,
      "length_km": 38.933,
      "minimum_depth_m": 99.35928,
      "mission_duration_h": 11,
      "mission_duration_m": 14,
      "waypoints": [
        [
          39.57266,
          -9.292792,
          110.0299
        ],
        [
          39.591125,
          -9.284773,
          127.53216
        ],
        [
          39.60168,
          -9.279426,
          139.77101
        ],
        [
          39.612232,
          -9.271406,
          154.7502
        ],
        [
          39.622784,
          -9.274079,
          225.224
        ],
        [
          39.63334,
          -9.260714,
          262.76068
        ],
        [
          39.64125,
          -9.252693,
          281.8221
        ],
        [
          39.651806,
          -9.25002,
          320.4024
        ],
        [
          39.670273,
          -9.23398,
          333.9437
        ],
        [
          39.680824,
          -9.231307,
          270.5365
        ],
        [
          39.70193,
          -9.215268,
          167.90305
        ],
        [
          39.694016,
          -9.207248,
          166.82523
        ],
        [
          39.683464,
          -9.215268,
          233.61087
        ],
        [
          39.67291,
          -9.217941,
          294.1547
        ],
        [
          39.659718,
          -9.228634,
          323.03186
        ],
        [
          39.649166,
          -9.23398,
          280.2443
        ],
        [
          39.638615,
          -9.236654,
          235.44815
        ],
        [
          39.6307,
          -9.247347,
          220.04976
        ],
        [
          39.617508,
          -9.247347,
          152.9002
        ],
        [
          39.622784,
          -9.258039,
          197.55898
        ],
        [
          39.606956,
          -9.260714,
          126.7252
        ],
        [
          39.58585,
          -9.274079,
          111.84027
        ],
        [
          39.5753,
          -9.274079,
          104.45871
        ],
        [
          39.564743,
          -9.282099,
          103.43408
        ],
        [
          39.55419,
          -9.282099,
          99.35928
        ],
        [
          39.559467,
          -9.295465,
          106.11012
        ],
        [
          39.57002,
          -9.295465,
          109.97795
        ],
        [
          39.571243,
          -9.294229,
          110.0299
        ]
      ]
    }
  ]
}