{
  "routes": [
    {
      "route_id": 1,
      "length_km": 37.797,
      "minimum_depth_m": 110.0299,
      "mission_duration_h": 10,
      "mission_duration_m": 52,
      "waypoints": [
        [
          39.57266,
          -9.292792,
          110.0299
        ],
        [
          39.612232,
          -9.303485,
          212.36226
        ],
        [
          39.625423,
          -9.300812,
          280.1656
        ],
        [
          39.6307,
          -9.314178,
          335.36246
        ],
        [
          39.64125,
          -9.316852,
          351.55093
        ],
        [
          39.649166,
          -9.308832,
          302.32928
        ],
        [
          39.65444,
          -9.324871,
          271.77182
        ],
        [
          39.638615,
          -9.343584,
          441.77786
        ],
        [
          39.62806,
          -9.34893,
          451.9141
        ],
        [
          39.635975,
          -9.356951,
          507.719
        ],
        [
          39.646526,
          -9.3516035,
          403.5005
        ],
        [
          39.65708,
          -9.359624,
          323.106
        ],
        [
          39.65708,
          -9.38101,
          391.03397
        ],
        [
          39.646526,
          -9.383683,
          533.7988
        ],
        [
          39.635975,
          -9.378337,
          612.51373
        ],
        [
          39.620148,
          -9.383683,
          610.4315
        ],
        [
          39.609592,
          -9.378337,
          558.38556
        ],
        [
          39.5964,
          -9.356951,
          317.86502
        ],
        [
          39.58321,
          -9.367643,
          226.7635
        ],
        [
          39.58321,
          -9.354278,
          183.175
        ],
        [
          39.577934,
          -9.343584,
          154.38126
        ],
        [
          39.58321,
          -9.332891,
          150.93631
        ],
        [
          39.591125,
          -9.322198,
          181.4083
        ],
        [
          39.58585,
          -9.308832,
          134.1046
        ],
        [
          39.57397,
          -9.294387,
          110.0299
        ]
      ]
    }
  ]
}