{
  "routes": [
    {
      "route_id": 1,
      "length_km": 37.584,
      "minimum_depth_m": 110.0299,
      "mission_duration_h": 10,
      "mission_duration_m": 51,
      "waypoints": [
        [
          39.57266,
          -9.292792,
          110.0299
        ],
        [
          39.580574,
          -9.292792,
          112.93775
        ],
        [
          39.604317,
          -9.300812,
          179.16084
        ],
        [
          39.622784,
          -9.290119,
          249.71889
        ],
        [
          39.63334,
          -9.292792,
          315.48074
        ],
        [
          39.65444,
          -9.290119,
          297.6811
        ],
        [
          39.667633,
          -9.295465,
          244.90434
        ],
        [
          39.67555,
          -9.303485,
          197.01884
        ],
        [
          39.67555,
          -9.316852,
          183.14075
        ],
        [
          39.6861,
          -9.340911,
          158.00449
        ],
        [
          39.6861,
          -9.354278,
          168.17181
        ],
        [
          39.67291,
          -9.36497,
          220.26457
        ],
        [
          39.664997,
          -9.375663,
          278.9302
        ],
        [
          39.65444,
          -9.375663,
          405.64377
        ],
        [
          39.646526,
          -9.383683,
          533.7988
        ],
        [
          39.635975,
          -9.383683,
          638.75745
        ],
        [
          39.62806,
          -9.391703,
          644.6958
        ],
        [
          39.620148,
          -9.383683,
          610.4315
        ],
        [
          39.609592,
          -9.378337,
          558.38556
        ],
        [
          39.612232,
          -9.359624,
          472.37784
        ],
        [
          39.604317,
          -9.3516035,
          373.24387
        ],
        [
          39.591125,
          -9.3516035,
          251.93217
        ],
        [
          39.580574,
          -9.346257,
          161.71019
        ],
        [
          39.58585,
          -9.332891,
          168.6547
        ],
        [
          39.580574,
          -9.322198,
          133.47464
        ],
        [
          39.58321,
          -9.306158,
          121.61397
        ],
        [
          39.573944,
          -9.294422,
          110.0299
        ]
      ]
    }
  ]
}