{
  "routes": [
    {
      "route_id": 1,
      "length_km": 36.154,
      "minimum_depth_m": 110.0299,
      "mission_duration_h": 10,
      "mission_duration_m": 22,
      "waypoints": [
        [
          39.57266,
          -9.292792,
          110.0299
        ],
        [
          39.5753,
          -9.308832,
          118.38546
        ],
        [
          39.591125,
          -9.319525,
          175.7767
        ],
        [
          39.604317,
          -9.335565,
          304.19208
        ],
        [
          39.612232,
          -9.3516035,
          431.72845
        ],
        [
          39.622784,
          -9.354278,
          467.2612
        ],
        [
          39.617508,
          -9.367643,
          523.945
        ],
        [
          39.61487,
          -9.38101,
          587.28973
        ],
        [
          39.59904,
          -9.399722,
          573.2143
        ],
        [
          39.593765,
          -9.413089,
          640.41223
        ],
        [
          39.60168,
          -9.423781,
          665.32513
        ],
        [
          39.591125,
          -9.429129,
          655.16656
        ],
        [
          39.58321,
          -9.421108,
          638.7078
        ],
        [
          39.58321,
          -9.394376,
          391.06818
        ],
        [
          39.57266,
          -9.402396,
          419.525
        ],
        [
          39.548916,
          -9.397049,
          250.8127
        ],
        [
          39.567383,
          -9.383683,
          239.86378
        ],
        [
          39.577934,
          -9.383683,
          277.77408
        ],
        [
          39.58321,
          -9.37299,
          251.93758
        ],
        [
          39.58321,
          -9.330218,
          147.87352
        ],
        [
          39.5753,
          -9.295465,
          111.911865
        ],
        [
          39.574078,
          -9.294229,
          110.0299
        ]
      ]
    }
  ]
}